101717d0	TlvCatCuisineState::UnpackText
101718b0	TlvCatCuisineState::PackText
101ff650	PetGatherRecord::PackText
10200df0	PetAvatarInfo::PackText
102074e0	SoulBeastState::PackText
102c00d0	CatCuisineReq::UnpackText
102c0170	CatCuisineReq::PackText
10393970	PetBlobMsg::PackText
103bf800	PetFacilityWorkReq::PackText
103c1430	PetFacilityRef::PackText_A
103c1ab0	PetFacilityRef::PackText_B
103c1d80	PetErrResp::UnpackText
103c1e20	PetErrResp::PackText
103c2150	PetFacilitySlotReq::PackText
103c2530	PetFacilityUseResp::PackText
103c3420	PetTrainResultResp::PackText
104123c0	SoulBeastType::UnpackTextField
10412430	SoulBeastType::PackTextField
10412450	SoulBeastType::UnpackTextField_Buf
104124d0	SoulBeastType::UnpackTextField_Bounded
104190e0	PetDailyRecord::PackText
104fd510	CCatCuisineInfo::GetRecordByIndex
104fd5a0	CCatCuisineInfo::ReleaseManager
10510ff0	CPetInfoPanel::RefreshPetList
10512150	CPetPanelUI::RefreshAll
10512310	CPetPanelUI::RefreshByMode
10512810	CPetPanelUI::OnFirePetClicked
10512a20	CPetPanelUI::RenderPetAvatarImage
10512b70	CPetInfoPanel::BuildPetsListVO
10512e20	CPetInfoPanel::BuildPetsListVO_Select
10515860	CPetPanelUI::BuildPetEquipsVO
10516d50	CPetPanelUI::RenderPetAvatar3D
10517820	CPetPanelUI::SetPetName
105193a0	PetShowChxTime::CheckDailyReset
10519500	PetShowChxTime::Persist
10519640	CPetPanelUI::OnRequireItemUpdated
10520400	CSoulBeastInfo::GetRecordById
105204a0	CSoulBeastInfo::GetRecordByIndex
10520530	CSoulBeastInfo::ReleaseManager
10520c80	data::SoulBeastMo::ctor
10520d90	data::SoulBeastFaceMo::ctor
10520ea0	data::SoulBeastDetailMo::ctor
10521120	data::SoulBeastUnlockMo::ctor
10521210	data::SoulBeastFoodMo::ctor
10521420	CSoulBeastPanelUI::InitModel
10521f00	CSoulBeastPanelUI::SetupAvatarModel
10523e90	CSoulBeastPanelUI::BuildUnlockConditionVO
105245e0	CSoulBeastPanelUI::BuildFeedAndEvolveVO
10524c10	CSoulBeastPanelUI::BuildFaceListVO
10524f20	CSoulBeastPanelUI::BuildFoodListVO
10525e00	CSoulBeastPanelUI::RenderAvatar3D
10526080	CSoulBeastPanelUI::RenderAvatarImage
1052bf70	CPetInfo::GetRecordById
10530e20	WeaponUIConfig::LoadFromXml
107cb110	CPetEquipInfo::GetRecordById
10835cb0	GameSettings::SaveCVars
10836b50	GameSettings::LoadCVars
108ccb40	CPetShopController::InitModel_RegisterHandlers
108cce00	CPetShopController::OnInitModel
108cd400	CPetShopController::OnRequestNpcSales_BuildSaleVO
108d15f0	CCatCuisineInfo::GetRecordByKey
108e3340	CFarmPetModel::BuildFarmPetVO
108e7d30	CPetModel::BuildPetPropertyAndFLSuccessVO
108ecfb0	CFarmAdvPetInfo::GetManager
10900850	CTeamController::InitModel_RegisterHandlers
10970dc0	CPetBattleHudController::InitModel_RegisterHandlers
10a04580	CCatCuisineRateInfo::GetRecordByKey
10aa61d0	CPetApplyGroupEffect::RegisterFlowNodePorts
10aaeba0	CPetInfo::GetRecordByIndex
10ad2e20	CPetAvatarConfig::Load
10ae8f20	CPetAvatarInfo::GetRecordByKey
10aea450	CPetAvatar::ResolveModelAndAttach
10aeba30	CPetAvatar::RebuildAttachments
10af84f0	CPetAvatarImage::Init
10af8620	CPetAvatar::SetBodyModelByKey
10af8900	CPetAvatar::SetModelByKey_Temp
10af89c0	CPetAvatar::SetTransformAndModel
10af8a80	CPetAvatar::CreateAnimObjectEntity
10af8d80	CPetAvatar::AttachWeaponModel
10afb7d0	CPetSoul::InitAndPlayIdle
10c0a490	CPetAvatar::ResolveAvatarAndPetModel
10d2b150	CPetEntity::PushShopItemIdsToScript
10e1bb00	CFlowNode_PetQuery::GetConfig
10e1c720	CFlowNode_PetUI::GetConfig
10e76270	CFlowNode_PetFacilityA::GetConfig
10e76580	CFlowNode_PetFacilityB::GetConfig
10e89600	CFlowNode_PetCutsceneA::GetConfig
10e898f0	CFlowNode_PetCutsceneB::GetConfig
10f769c0	CPetActionController::RegisterActionStates
10f7a350	CPetActionController::BuildNormalActionStateGraph
10f7d410	CPetActionController::BuildCombatIdleStateGraph
10f81100	CPetActionController::BuildParapetCliffJumpStates
10f81640	CPetActionController::BuildParapetFallState
10f91660	CPetLocomotion::SelectCliffJumpOrFallAnim
10fa35e0	CPetLocomotion::OnFallAnimEvent
1101f3f0	CScriptBind_PhysicsGeom::Register
1103d2d0	CScriptBind_GameRules::RegisterPetAndLevelFuncs
1105fe90	CPetHitValidator::InitFreqQueueDepth
1105ff10	CPetHitValidator::ValidatePetHit
11060380	CPetHitValidator::SetExpectedHitRangeAndCount
11215d30	CSoulBeast::OnLevelChangedGrantRewards
112160b0	CSoulBeast::OnActivatePlayNotice
112b6fa0	CCliLogicPet::AfterEnterBattleGround
112b75f0	CPetTalkInfo::GetRecordById
112b81b0	CCliLogicPet::ShowPetTalkNotice
112b84b0	CCliLogicPet::SpawnPetActorFromBlob
112b92e0	CCliLogicPet::OnPetSummoned
112b9790	CCliLogicPet::OnPetListUpdate
112e8f10	CSoulBeast::ApplyAvatarAndAttrUpdate
112f64e0	CPet::BuildPetDetailView
112f70d0	CPet::BuildPetPreviewFromItem
112f7820	CPetLevelInfo::GetRecordByLevel
112f78e0	CPetStarInfo::GetRecordByIndex
112fb130	CPet::ctor_InitCatModelPath
113efa30	CPetActor::InitFromSpeciesAndPlaySkills
114126f0	CSoulBeast::ApplyEvolveOrLevelState
114149b0	CSoulBeast::alloc_stub
11529df0	CCatCuisineInfo::IsDishAvailable
1152a280	CCatCuisineInfo::GetDishStateFlag
11534150	CSoulBeastEvolveInfo::GetRecordByTypeStage
115341b0	CSoulBeastEvolveInfo::GetRecordById
11567070	CPet::GetSkinModelString
11567330	CPetSkinInfo::GetRecordById
115673e0	CPet::GetSkinSecondaryString
11567ae0	CPet::SetLevelClamped
11569120	CPetTrain::_AddTimer
11581810	CPetManager::SummonPet
11581920	CPetManager::CanSummonPet
11582700	CPetManager::CanDispatchPetFire
11582eb0	CPetFireInfo::GetRecordById
115f6e60	CSoulBeast::TryActivateWithGuard
11689ed0	CPetCombatTuning::ParseMonsterVsPetRow
116ebac0	SoulBeastDef::RegisterReflection
116ebb20	SoulBeastDef::RegisterReflection_dup
1174cd70	CPetInfo::Deserialize
11753290	CPetInfo::GetSkinModelAssetOrDefault
11753420	CPetInfo::GetSkinAltAssetOrDefault
11753a50	CPetAtkModeInfo::GetRowByIndex
11753ab0	CPetAtkTargetInfo::GetRowByIndex
11753b10	CPetCharacterInfo::GetRowByIndex
11753b70	CPetNameInfo::GetRowByIndex
11753bd0	CPetQualityInfo::GetRowByIndex
11753c30	CPetSkinInfo::GetRowByIndex
1177f340	SoulBeastActionDef::RegisterReflection
1177f370	SoulBeastFoodDef::RegisterReflection
1177f3a0	SoulBeastImageDef::RegisterReflection
1177f3d0	SoulBeastLieHunCheckDef::RegisterReflection
1177f400	SoulBeastShouHunCheckDef::RegisterReflection
1177f430	SoulBeastSocialActionDef::RegisterReflection
1177f460	SoulBeastSoulStoneLevelCheckDef::RegisterReflection
1177f4f0	SoulBeastSoulStoneStageCheckDef::RegisterReflection
117802d0	TaskPetEmploymentContentDef::RegisterReflection
11780300	TaskPetFilterDef::RegisterReflection
11780360	TaskPetTrainingContentDef::RegisterReflection
11781020	SoulBeastActionDef::RegisterReflection_dup
11781050	SoulBeastFoodDef::RegisterReflection_dup
11781080	SoulBeastImageDef::RegisterReflection_dup
117810b0	SoulBeastLieHunCheckDef::RegisterReflection_dup
117810e0	SoulBeastShouHunCheckDef::RegisterReflection_dup
11781110	SoulBeastSocialActionDef::RegisterReflection_dup
11781140	SoulBeastSoulStoneLevelCheckDef::RegisterReflection_dup
117811d0	SoulBeastSoulStoneStageCheckDef::RegisterReflection_dup
11781fb0	TaskPetEmploymentContentDef::RegisterReflection_dup
11781fe0	TaskPetFilterDef::RegisterReflection_dup
11782040	TaskPetTrainingContentDef::RegisterReflection_dup
117b8800	CSoulBeastEvolveInfo::GetRowByIndex
1181ddc0	CPetLevelInfo::Manager_VCall28
11926df0	CPetLevelInfo::GetRowByIndex
11928c30	CPetFireInfo::GetRowByIndex
11933c40	CCatCuisineRateInfo::GetRowByIndex
