CExpandStoreHouseSlotInfo	/home/fallen/Projets/MHO/decompiled/byclass/CExpandStoreHouseSlotInfo.c
CHunterStarMainBranchInfo	/home/fallen/Projets/MHO/decompiled/byclass/CHunterStarMainBranchInfo.c
CEquipLevelUpConsumeInfo	/home/fallen/Projets/MHO/decompiled/byclass/CEquipLevelUpConsumeInfo.c
CExpandInventorySlotInfo	/home/fallen/Projets/MHO/decompiled/byclass/CExpandInventorySlotInfo.c
CIllustrateBookGroupInfo	/home/fallen/Projets/MHO/decompiled/byclass/CIllustrateBookGroupInfo.c
CIllustrateBookStoryInfo	/home/fallen/Projets/MHO/decompiled/byclass/CIllustrateBookStoryInfo.c
CHubEntryRaidConfigInfo	/home/fallen/Projets/MHO/decompiled/byclass/CHubEntryRaidConfigInfo.c
CLevelEnGroupRewardInfo	/home/fallen/Projets/MHO/decompiled/byclass/CLevelEnGroupRewardInfo.c
CLevelRegularRewardInfo	/home/fallen/Projets/MHO/decompiled/byclass/CLevelRegularRewardInfo.c
CSystemShortcutDataInfo	/home/fallen/Projets/MHO/decompiled/byclass/CSystemShortcutDataInfo.c
CFreeHuntingCreditInfo	/home/fallen/Projets/MHO/decompiled/byclass/CFreeHuntingCreditInfo.c
CHunterBranchLevelInfo	/home/fallen/Projets/MHO/decompiled/byclass/CHunterBranchLevelInfo.c
CSuperCraftConsumeInfo	/home/fallen/Projets/MHO/decompiled/byclass/CSuperCraftConsumeInfo.c
CTowerLayer_SupplyInfo	/home/fallen/Projets/MHO/decompiled/byclass/CTowerLayer_SupplyInfo.c
CCharmRebuildCostInfo	/home/fallen/Projets/MHO/decompiled/byclass/CCharmRebuildCostInfo.c
CEquipReColorRuleInfo	/home/fallen/Projets/MHO/decompiled/byclass/CEquipReColorRuleInfo.c
CHubPageStarLevelInfo	/home/fallen/Projets/MHO/decompiled/byclass/CHubPageStarLevelInfo.c
CLoadingTipsGroupInfo	/home/fallen/Projets/MHO/decompiled/byclass/CLoadingTipsGroupInfo.c
CPhysicalCardTypeInfo	/home/fallen/Projets/MHO/decompiled/byclass/CPhysicalCardTypeInfo.c
CPlayerVIPLevelUpInfo	/home/fallen/Projets/MHO/decompiled/byclass/CPlayerVIPLevelUpInfo.c
CSoulStoneLevelUpInfo	/home/fallen/Projets/MHO/decompiled/byclass/CSoulStoneLevelUpInfo.c
CWeeklyMoneyLimitInfo	/home/fallen/Projets/MHO/decompiled/byclass/CWeeklyMoneyLimitInfo.c
CExpressionGroupInfo	/home/fallen/Projets/MHO/decompiled/byclass/CExpressionGroupInfo.c
CLegendPearlItemInfo	/home/fallen/Projets/MHO/decompiled/byclass/CLegendPearlItemInfo.c
CLoadingTemplateInfo	/home/fallen/Projets/MHO/decompiled/byclass/CLoadingTemplateInfo.c
CLoadingTipsDataInfo	/home/fallen/Projets/MHO/decompiled/byclass/CLoadingTipsDataInfo.c
CLoadingTutorialInfo	/home/fallen/Projets/MHO/decompiled/byclass/CLoadingTutorialInfo.c
CMaterialTagDescInfo	/home/fallen/Projets/MHO/decompiled/byclass/CMaterialTagDescInfo.c
CMessageParmDescInfo	/home/fallen/Projets/MHO/decompiled/byclass/CMessageParmDescInfo.c
CCrossBowWeaponInfo	/home/fallen/Projets/MHO/decompiled/byclass/CCrossBowWeaponInfo.c
CHunterCardBaseInfo	/home/fallen/Projets/MHO/decompiled/byclass/CHunterCardBaseInfo.c
CEquipRelationInfo	/home/fallen/Projets/MHO/decompiled/byclass/CEquipRelationInfo.c
CLegendConsumeInfo	/home/fallen/Projets/MHO/decompiled/byclass/CLegendConsumeInfo.c
CUIOpenProcessInfo	/home/fallen/Projets/MHO/decompiled/byclass/CUIOpenProcessInfo.c
CVipFuLiConfigInfo	/home/fallen/Projets/MHO/decompiled/byclass/CVipFuLiConfigInfo.c
CFarmFacilityInfo	/home/fallen/Projets/MHO/decompiled/byclass/CFarmFacilityInfo.c
CRandomWeaponInfo	/home/fallen/Projets/MHO/decompiled/byclass/CRandomWeaponInfo.c
CRoadOfGrowthInfo	/home/fallen/Projets/MHO/decompiled/byclass/CRoadOfGrowthInfo.c
CTowerDefenseInfo	/home/fallen/Projets/MHO/decompiled/byclass/CTowerDefenseInfo.c
CTutorialHintInfo	/home/fallen/Projets/MHO/decompiled/byclass/CTutorialHintInfo.c
CWeaponTrailInfo	/home/fallen/Projets/MHO/decompiled/byclass/CWeaponTrailInfo.c
CBulletDataInfo	/home/fallen/Projets/MHO/decompiled/byclass/CBulletDataInfo.c
CEquipFoundInfo	/home/fallen/Projets/MHO/decompiled/byclass/CEquipFoundInfo.c
CFarmAdvPetInfo	/home/fallen/Projets/MHO/decompiled/byclass/CFarmAdvPetInfo.c
CLevelGroupInfo	/home/fallen/Projets/MHO/decompiled/byclass/CLevelGroupInfo.c
CAttributeInfo	/home/fallen/Projets/MHO/decompiled/byclass/CAttributeInfo.c
CBowWeaponInfo	/home/fallen/Projets/MHO/decompiled/byclass/CBowWeaponInfo.c
CCalculateInfo	/home/fallen/Projets/MHO/decompiled/byclass/CCalculateInfo.c
CEquipWakeInfo	/home/fallen/Projets/MHO/decompiled/byclass/CEquipWakeInfo.c
CGuildTipsInfo	/home/fallen/Projets/MHO/decompiled/byclass/CGuildTipsInfo.c
CItemGroupInfo	/home/fallen/Projets/MHO/decompiled/byclass/CItemGroupInfo.c
CSpoorRoadInfo	/home/fallen/Projets/MHO/decompiled/byclass/CSpoorRoadInfo.c
CCurrencyInfo	/home/fallen/Projets/MHO/decompiled/byclass/CCurrencyInfo.c
CFireworkInfo	/home/fallen/Projets/MHO/decompiled/byclass/CFireworkInfo.c
CHubEntryInfo	/home/fallen/Projets/MHO/decompiled/byclass/CHubEntryInfo.c
CPetEquipInfo	/home/fallen/Projets/MHO/decompiled/byclass/CPetEquipInfo.c
CTutorialInfo	/home/fallen/Projets/MHO/decompiled/byclass/CTutorialInfo.c
CWardrobeInfo	/home/fallen/Projets/MHO/decompiled/byclass/CWardrobeInfo.c
CXianYouInfo	/home/fallen/Projets/MHO/decompiled/byclass/CXianYouInfo.c
CFarmCPInfo	/home/fallen/Projets/MHO/decompiled/byclass/CFarmCPInfo.c
CTattooInfo	/home/fallen/Projets/MHO/decompiled/byclass/CTattooInfo.c
CTitleInfo	/home/fallen/Projets/MHO/decompiled/byclass/CTitleInfo.c
CFaceInfo	/home/fallen/Projets/MHO/decompiled/byclass/CFaceInfo.c
CHairInfo	/home/fallen/Projets/MHO/decompiled/byclass/CHairInfo.c
CSuitInfo	/home/fallen/Projets/MHO/decompiled/byclass/CSuitInfo.c
