100e5d80	CPet::SetName
100ec450	DecodeBuffIdList
101fd2d0	TlvRoleBuffList::Read
1024f360	CMessageParmDescInfo::GetManager
1024f650	CMessageInfo::GetInfoManager
1024f7f0	CDialogInfo::GetInfoManager
102500e0	StcMbrNameSvr_CInfoManager::RegisterAndGetSingleton
10254050	CItemBaseInfo::GetManagerSingleton
10464a20	CSkillLevelMap::Insert
1046c700	CAttributeInfo::GetManager
104d00e0	CUIInfo::GetInfoManagerSingleton
104d81c0	CLevelEntrustNpcInfo::GetInfoManager
104d8330	CLevelEnSubGroupInfo::GetInfoMgrSingleton
104d8340	CLevelEnSubGroupInfo::GetManagers
104d8610	CHunterCardBaseInfo::GetManager
104d8810	CNpcAtdInfo::GetInfoMgrSingleton
104d8980	CNpcAtdPrefersInfo::GetInfoManager
104d8b10	CNpcAtdStageInfo::GetInfoManager
104d8c80	CTaskInfo::GetInfoManager
104d8e40	CVipCutOffInfo::GetInfoManagerSingleton
104d9030	CCommodityLibInfo::GetInfoMgr
104d9210	CLeagueInfo::GetManager
104f6c30	CInfoRecord::GetModelString
104fd470	CCatCuisineInfo::GetManager
104fd650	CBuffInfo::GetInfoManagerSingleton
1050ecd0	CEquipEnchantInfo::GetInfoMgr
1050eea0	CPetSkillInfo::GetInfoManagerSingleton
1051c550	CInfoManager::GetByName
10520350	CSoulBeastInfo::GetInfoMgrSingleton
10520620	CSoulStoneStageUpInfo::GetInfoManager
10520880	CSoulStoneLevelUpInfo::GetManager
10520a00	CSoulStoneAttrInfo::GetInfoMgr
1052bb90	CAvatarInfo::GetInfoManagerSingleton
1052bc30	CAvatarInfo::ResolveRecordById
1052bd00	CEquipInfo::GetInfoManager
1052bec0	CPetInfo::GetInfoManager
1052c040	CSuitInfo::GetManager
1052c470	CItemBoxInfo::GetInfoManager
1052c5f0	CItemBoxGroupInfo::GetInfoManager
1052c770	CUnderclothesInfo::GetInfoManager
1052c940	CRandomWeaponInfo::GetManager
1053b0a0	CItemBoxInfo::GetInfoManager
105401a0	CNormalItemInfo::GetManager
107ca2b0	CHubEntryConfigInfo::GetInfoManagerSingleton
107ca350	CHubEntryConfigInfo::MatchEntry
107ca500	CHubEntryPageInfo::GetInfoManager
107ca690	CHubPageStarLevelInfo::GetManager
107ca810	CHubEntryConfigKingQuestInfo::GetInfoManager
107caa50	CHubEntryConfigLetterQuestInfo::GetInfoManager
107cac90	CHubEntryRaidConfigInfo::GetManager
107caee0	CMHMapInfo::GetInfoManager
107cb070	CPetEquipInfo::GetManager
107cd450	CNewSkillInfo::GetInfoManager
107cd5c0	CRageInfo::GetInfoManagerSingleton
107d6cc0	CMHLevelInfo::InitInfoManager
107d6dd0	CMHLevelInfo::GetInfoManager
107d7b80	CActivityInfo::GetInfoManager
107d7d50	CMonsterInfo::GetInfoManager
107e0630	CMonsterInfo::InitInfoManager
107eb8e0	CTaskChapterInfo::GetInfoManager
107ec020	CNpcAtdOrgInfo::GetInfoManager
107ec1a0	CCraftInfo::GetInfoManagerSingleton
107ec340	CEquipLevelUpConsumeInfo::GetManager
107ec4b0	CEquipUpgradeInfo::GetInfoManager
107ec630	CMonsterPartGroupInfo::GetInfoManager
107ec7d0	CSuperCraftConsumeInfo::GetManager
1080a3f0	CMaterialTagDescInfo::GetManager
1080b0d0	CTutorialInfo::GetManager
1080b2a0	CTutorialHintInfo::GetManager
10813be0	CManufactureInfo::GetInfoManagerSingleton
1081f250	CVipFuLiConfigInfo::GetManager
1082e170	CSuitCfgInfo::GetInfoManager
1083bad0	CEquipFoundInfo::GetManager
1083ea70	CSystemUnlockInfo::GetInfoManager
1083ebf0	CCurrencyInfo::GetManager
10849840	CHairInfo::GetManager
10849ae0	CFaceInfo::GetManager
10849dd0	CTattooInfo::GetManager
108557d0	CFluteWeaponInfo::GetInfoManagerSingleton
10855950	CLegendPearlItemInfo::GetManager
10855f20	CEquipRelationInfo::GetManager
10856090	CBulletDataInfo::GetManager
10856310	CCrossBowWeaponInfo::GetManager
10856490	CBowWeaponInfo::GetManager
10856650	CEquipRandPassiveSkillActivateSetInfo::GetInfoMgrSingleton
108567d0	CTitleInfo::GetManager
10856940	CUIOpenProcessInfo::GetManager
10856a60	CEquipWakeInfo::GetManager
10856be0	CEquipSuitEffectInfo::GetInfoManager
10856d50	CXianYouInfo::GetManager
10856e60	CEquipReColorRuleInfo::GetManager
10876500	CTalentInfo::GetInfoMgrSingleton
10876670	CWeaponTutorialInfo::GetInfoManager
10895810	CSpeakInfo::GetInfoManager
1089a600	CDailySchedulePrizeInfo::GetInfoManager
108a2960	CDragonBoxInfo::GetInfoMgrSingleton
108a2b70	CBabecueInfo::GetInfoManager
108a2e30	CSupplyPlanInfo::GetInfoMgrSingleton
108abef0	CExpandInventorySlotInfo::GetManager
108accd0	CExpandStoreHouseSlotInfo::GetManager
108ad960	CGuildLevelUpInfo::GetInfoManagerSingleton
108b9fc0	CHunterChallengeCardInfo::GetInfoManager
108ba2a0	CHunterStarMainBranchInfo::GetManager
108ba530	CHunterAbilityCardInfo::GetInfoMgrSingleton
108ba7d0	CHunterRecordCardInfo::GetInfoManager
108baa40	CHunterStarLevelInfo::GetInfoManager
108babd0	CHunterBranchLevelInfo::GetManager
108bad40	CAchieveInfo::GetInfoManager
108d14b0	CCalculateInfo::GetManager
108d1770	CExplimitInfo::GetInfoManagerSingleton
108d18e0	CEquipPlanInfo::GetInfoManager
108d1c00	CWeeklyMoneyLimitInfo::GetManager
108df7e0	CExplimitInfo::InitInfoManager
108e13b0	CFarmCPInfo::GetManager
108e1520	CFarmFacilityInfo::GetManager
108e1b70	CFarmCDInfo::GetInfoManager
108e1d40	CFarmAdvPetInfo::GetManager
108f2c00	CHuntingBoxInfo::GetInfoMgrSingleton
108f2d70	CLevelEnGroupRewardInfo::GetManager
108fc460	CGiftBagInfo::GetManager
109006c0	CLevelGroupInfo::GetManager
10907ce0	CGodLuckInfo::GetInfoManagerSingleton
1090b5e0	CRankingListOfPlayerInfo::GetInfoManager
1090b9e0	CActivityHuntInfo::GetInfoManager
10912d10	CHubEntryInfo::GetManager
109166e0	CTowerLayer_SupplyInfo::GetManager
10919f10	CGuildSkillInfo::GetInfoManager
109239f0	CSystemShortcutDataInfo::GetManager
10923b00	CFreeHuntingCreditInfo::GetManager
10923cd0	CSpoorPrizeInfo::GetInfoManager
1092cc70	CMartCutCardInfo::GetInfoManager
1092cef0	CDragonBoxPrizeInfo::GetInfoMgr
1092d080	CDragonBoxFxInfo::GetInfoManagerSingleton
1092d200	CDragonBoxShowInfo::GetInfoManager
1092d3e0	CPlayerVIPLevelUpInfo::GetManager
10943ab0	CGuildMatchInfo::GetInfoManager
109473e0	CSpoorGroupInfo::GetInfoMgrSingleton
109475d0	CSpoorInfo::GetInfoManager
10947990	CSpoorPrizeBonusInfo::GetInfoManager
10947b00	CSpoorRoadInfo::GetManager
1094c8e0	CLeagueRewardInfo::GetInfoManager
10950be0	CSculptureInfo::GetInfoMgr
1095c030	CLevelEnSubGroupRewardInfo::GetInfoManagerSingleton
1095c1a0	CLevelAppraiseRewardBoxInfo::GetInfoManager
10961ce0	CLoadingTipsDataInfo::GetManager
10961df0	CLoadingTipsGroupInfo::GetManager
10961f00	COperationActivityGroupInfo::GetInfoManager
10962010	COperationActivityDataInfo::GetInfoManager
10962120	CGuildTipsInfo::GetManager
10962230	CLoadingTutorialInfo::GetManager
10962340	CLoadingTemplateInfo::GetManager
10970bd0	CPetMonsterSkillInfo::GetInfoMgrSingleton
10972b50	CFluteTuneInfo::GetInfoMgrSingleton
10976c20	CStarLevelPageUnlockInfo::GetInfoMgrSingleton
10976de0	CLevelRewardInfo::GetInfoManager
10976f50	CLevelRegularRewardInfo::GetManager
1097e450	CMaterialExchangeInfo::GetInfoManagerSingleton
109836b0	CCatTreatureInfo::GetInfoManager
1098b960	CStarStoneSlotInfo::GetInfoManagerSingleton
1098bad0	CStarLightStoneInfo::GetInfoMgrSingleton
109920d0	CFireworkInfo::GetManager
1099b850	CRoadOfGrowthInfo::GetManager
1099e3f0	CPersonalParagraphInfo::GetInfoManagerSingleton
109a48b0	CEquipSuitSkillInfo::GetInfoManager
109a4a30	CEquipSuitSkillGroupInfo::GetManager
109a7c60	CEquipSuitSkillGroupInfo::GetInfoManager
109a85a0	CAstrolabeSubjectInfo::GetInfoManager
109a8720	CAstrolabeTaskPrizeInfo::GetInfoManager
109ac470	CWeaponTrailInfo::GetManager
109b09d0	CExpressionGroupInfo::GetManager
109bb050	CMonolopyInfo::GetInfoManager
109bb270	CMonolopyBlockInfo::GetInfoMgrSingleton
109bb3f0	CMonolopyRoundPrizeInfo::GetInfoManager
109c0710	CTowerDefenseInfo::GetManager
109c5490	CIllustrateBookGroupInfo::GetManager
109c55a0	CPhysicalCardTypeInfo::GetManager
109c56b0	CIllustrateBookInfo::GetInfoManager
109c5940	CIllustrateBookStoryInfo::GetManager
109c5ab0	CPhysicalCardGroupInfo::GetInfoManager
109cd610	CCharmRebuildCostInfo::GetManager
109dcba0	CMHLevelModeInfo::GetInfoMgrSingleton
109e3ad0	CAchieveGroupInfo::GetInfoManager
109e3cb0	CAchieveLibInfo::GetInfoMgrSingleton
109e7510	CWardrobeInfo::GetManager
109ed7a0	CLegendConsumeInfo::GetManager
109f5830	CCommerceBoatInfo::GetInfoManagerSingleton
109f59e0	CCommerceInfo::GetInfoManager
109fdc00	CItemGroupInfo::GetManager
10a044e0	CCatCuisineRateInfo::GetInfoManagerSingleton
10a1cee0	WeightedRandomPick
10a9f020	CEffectInfo::FindInfoByKey
10a9f800	CEffectInfo::GetDefaultInfo
10aa46f0	CCombatNPCComboInfo::FindInfoByKey
10aa4ee0	CCombatNPCComboInfo::GetDefaultInfo
10aade90	CCombatNPCInfo::FindInfoByKey
10aaeae0	CCombatNPCInfo::GetDefaultInfo
10ab9ee0	CDamageInfo::GetManager
10abab30	CDamageInfo::GetManagerRaw
10ad4d20	CAvatarInfo::ClearSlotAttachment
10ad9400	CAvatarInfo::BindSkinAttachments
10ae4120	CAvatarInfo::UpdateAsyncLoadState
10ae7180	CPetAvatarInfo::FindInfoByKey
10ae74b0	CryStringVector::Free
10ae8e50	CPetAvatarInfo::GetDefaultInfo
10aea920	CAvatarInfo::ApplyAppearanceToCharacter
10aeadc0	CAvatarInfo::DiffAndRebuildParts
10aebd60	CAvatarInfo::SetBodyPartModel
10aecda0	CAvatarInfo::CollectPartModelNamesFromTree
10aed240	CAvatarInfo::CollectPartModelNamesFromIdArray
10aed640	CAvatarInfo::ApplyAttachmentsAndEffects
10aedad0	CAvatarInfo::ApplyPetAttachmentsAndEffects
10aeddc0	CAvatarInfo::RebuildCharacterFromData
10af7200	CAvatarInfo::UpdateLocalPlayerAppearance
10b04b30	CBuffInfo::FillBuffScriptEvents
10b07910	CBenchmarkInfo::FindInfoByKey
10b080f0	CBenchmarkInfo::GetDefaultInfo
10b24750	CBuffInfo::BuildHitDamageAndBuffEvents
10b28010	HitDescriptor::ComputeAttackAttrMask
10b5c170	CGmChatCommand::HandleGiveItemCommand
10b606f0	CMHLevelInfo::DispatchCurrentHubMapEvent
10b62080	CPlayerLevelUpInfo::GetInfoManager
10b62910	CPlayerLevelUpInfo::GetCachedInfoManager
10b682c0	CGunLanceWeaponInfo::FindInfoByKey
10b68cc0	CGunLanceWeaponInfo::GetDefaultInfo
10b69ee0	CUIInfo::BuildDefaultOpenUIList
10b7b3a0	CAvatarInfo::PrecacheAllResources
10bcb210	CFishInfo::SpawnFishingEffects
10bcd070	CFishInfo::GetManager
10bce5f0	CFishInfo::GetManagerRaw
10be6ef0	CSculptureInfo::FindByLibKeyAndAppend
10bf0950	CPetSupportCatSkillInfo::FindInfoByKey
10bf1930	CPetSupportCatSkillInfo::GetDefaultInfo
10bfec50	CAvatarInfo::ApplyAppearanceToNetEntity
10bff6c0	CAvatarInfo::SpawnWeaponEntities
10c00130	CAvatarInfo::CollectValidPartModels
10c09270	CBuffInfo::AddBuffEffectsForHit
10c09510	CAvatarInfo::AttachEquipModelByName
10c09690	CAvatarInfo::AttachFaceOrGenderModel
10cef470	CProjectileInfo::GetInfoMgr
10cf03d0	CProjectileInfo::GetInfoMgrRaw
10d3f150	CLevelResInfo::GetManagerRaw
10d68040	CAvatarAppearanceSync::BuildAndSend
10d83be0	CProjectileExplosionInfo::FindInfoByKey
10d83c80	CProjectileSpawnEffectInfo::FindInfoByKey
10d856e0	CProjectileExplosionInfo::GetDefaultInfo
10d85730	CProjectileSpawnEffectInfo::GetDefaultInfo
10dde4b0	CProjectileInfo::PreloadResourcesFromDataNode
10ddf3d0	CProjectileInfo::UnloadPreloadedResources
10ddf560	CMonsterInfo::PreCacheEntityResources
10de0560	DataNode::ReadStringList
10e2b420	CXHunterRandomInfo::FindInfoByKey
10e38fe0	CXHunterRandomInfo::GetDefaultInfo
10e95b00	CLevelSpawnBatchInfo::FindInfoByKey
10e95ba0	CSpawnMonsterGroupInfo::GetInfoManager
10e9add0	CLevelSpawnBatchInfo::GetDefaultInfo
10e9ae20	CSpawnMonsterGroupInfo::GetInfoManagerIfLoaded
10e9f3d0	CThousandsLayerInfo::FindInfoByKey
10ea38b0	CThousandsLayerInfo::GetDefaultInfo
10f01650	CAvatarInfo::ApplyEquipmentByIdList
10f02190	CAvatarInfo::ApplyAppearanceData
10f02e50	CAvatarInfo::ResolvePartsAndEntityModel
10f1dee0	CAvatarInfo::UpdatePetOrMountController
10f21210	CVehicleInfo::FindInfoByKey
10f26510	CVehicleInfo::GetDefaultInfo
10f2cc30	CProjectileDmgRangeInfo::FindInfoByKey
10f2d510	CProjectileDmgRangeInfo::GetDefaultInfo
11011c80	CBuffInfo::SerializeHitDamageMessage
1101b760	CBuffInfo::SerializeHitDamageMessage64
1103bc00	CAvatarInfo::SetupPlayerEntityFromScript
11062e20	CVehicleAmmoInfo::GetInfoManager
11063cb0	CVehicleAmmoInfo::GetCachedInfoManager
1112ea10	CEquipInfo::ResolveDerivedEquipList
1112ef90	GrantActivityReward
111602c0	CCutSceneInfo::FindInfoByKey
11162e40	CCutSceneInfo::GetDefaultInfo
11174830	CCommerceInfo::BuildAvailableGoodsList
11174eb0	CCommerceBoatInfo::ProcessBoatEntries
1117fcf0	CSculptureInfo::BuildSculptureMapFromIds
1117fee0	CSculptureInfo::RefreshSculptureData
11181320	SculptureMap::Insert
111e0a50	GetClientMessageChannel
111e0f20	CEquipInfo::HasValidEquipInSlots
111e13f0	CChatTabInfo::GetManager
111e2de0	CChatTabInfo::GetAllChatTabs
111e3440	CChatTabInfo::GetManagerRaw
111e3a40	CChatTabInfo::SyncChatTabs
111e7b30	CItemListUI::FillItemNames
111ecce0	CTaskLibInfo::GetInfoManager
111eda20	CTaskInfo::LoadTaskLibTasks
111edca0	CTaskInfo::BuildTaskSet
111edf80	CTaskLibInfo::GetInfoManagerRawOrNull
111ef510	CGuildQuestPrizeInfo::GetInfoManager
111ef5b0	CGuildRandCommodityInfo::GetInfoManager
111ef650	CGuildTaskGroupInfo::GetInfoManager
111ef6f0	CGuildTaskLibInfo::GetInfoManager
111f1e00	CGuildQuestPrizeInfo::GrantPrizes
111f1f60	CGuildRandCommodityInfo::LookupCommoditiesByIdList
111f3060	CGuildQuestPrizeInfo::GetInfoManagerIfLoaded
111f30b0	CGuildRandCommodityInfo::GetInfoManagerInstance
111f3100	CGuildTaskGroupInfo::GetInfoManagerInstance
111f3150	CGuildTaskLibInfo::GetInfoManagerInstance
111fbd60	CSpoorGroupInfo::FindGroupByKeyAndBind
111fd440	CActivityLevelEntrustInfo::GetInfoManager
111fd4e0	CActivityLotteryInfo::GetInfoManager
111ff480	CActivityLevelEntrustInfo::GetInfoManagerInstance
111ff4d0	CActivityLotteryInfo::GetInfoManagerPtr
111ff920	CActivityInfo::PrecacheActivityEntrusts
11201850	CActivityHuntInfo::GetActiveHuntActivity
112035c0	CItemFilterList::MarkMatchingEntries
11207500	CManufactureIngredientLearnInfo::FindInfoByKey
112075a0	CManufactureProficiencyInfo::FindInfoByKey
11207640	CManufactureSkillLearnInfo::GetInfoManager
11209f60	CManufactureIngredientLearnInfo::GetDefaultInfo
11209fb0	CManufactureProficiencyInfo::GetDefaultInfo
1120a000	CManufactureSkillLearnInfo::GetInfoManagerRawOrNull
1120ad50	CManufactureInfo::SendRecipeDetail
1120b400	CManufactureSkillLearnInfo::SendLearnableRecipes
1120baa0	CManufactureSkillLearnInfo::SendProficiencyUnlocks
1120fbf0	CEquipInfo::CollectSuitEffectsForEquipIds
11211080	CUnderclothesInfo::BuildAvatarAppearance
11212bc0	CEquipSuitEffectInfo::CollectActiveSuitSkills
11214530	CTaskInfo::LoadTaskTableA
11214e00	CTaskInfo::LoadTaskTableB
11216d40	CIllustrateTaskInfo::GetManager
11217790	CIllustrateTaskInfo::GetManagerRaw
1122bad0	CActivityMgr::GetActivityState
1122e850	CItemAutoUseInfo::FindInfoByKey
1122e8f0	CItemColumnInfo::GetInfoManager
112304b0	CItemAutoUseInfo::GetDefaultInfo
11230500	CItemColumnInfo::GetInfoManagerPtr
1124fc00	CCraftInfo::BuildCraftLists
112605d0	CBuffInfo::ConsoleCmd_AddBuff
11263af0	CMessageInfo::FormatMessage
11289f10	CProjectileVehicleWeaponInfo::GetInfoMgrByName
1128a940	CProjectileVehicleWeaponInfo::GetInfoMgrCached
1128ae70	CProjectileVehicleWeaponInfo::InitWeaponInstance
11294780	CLevelExcellentRankInfo::GetInfoManager
11294820	CNoticeInfo::FindInfoByKey
1129b6f0	CLevelExcellentRankInfo::GetInfoManagerInstance
1129b740	CNoticeInfo::GetDefaultInfo
112a2e10	CMonsterInfo::SpawnMonstersFromList
112a5b80	CEquipEnchantInfo::BuildEquipEnchantDetail
112a9f30	CItemCatalogSync::SendEntries
112ac620	CLevelMusicInfo::FindInfoByKey
112ad480	CLevelMusicInfo::GetDefaultInfo
112b1b90	CTalentActiveInfo::GetManager
112b2ef0	CTalentActiveInfo::LearnActiveTalent
112b31f0	CTalentActiveInfo::BuildActiveTalentList
112b3500	CTalentActiveInfo::GetManagerRaw
112b3700	CNewSkillInfo::BuildSkillDisplayList
112b6800	CPetTalkInfo::FindInfoByKey
112b7440	CPetTalkInfo::GetDefaultInfo
112d43e0	CMartRankInfo::GetInfoMgrByName
112d6980	CMartRankInfo::GetInfoMgrCached
112d73f0	CMartRankInfo::CollectRankGoods
112def00	CActivityInfo::UpdateActivityStates
112e1e80	CCatTreatureInfo::BuildSortedTreasureList
112f0a60	CPetGiftSkillInfo::FindInfoByKey
112f0b00	CPetLevelInfo::GetManager
112f0ba0	CPetStarInfo::GetInfoManager
112f4fe0	CPetSkillInfo::HasNextLevelSkillInList
112f6030	CPetGiftSkillInfo::GetDefaultInfo
112f6080	CPetLevelInfo::GetManagerRaw
112f60d0	CPetStarInfo::GetInfoManagerIfLoaded
112f6b70	CPetSkillInfo::BuildSkillDetailList
112f6dd0	CPetSkillInfo::CollectSkillSummaryEntries
112f73a0	CPetSkillInfo::BuildSkillListByCategory
112fcec0	CLeagueInfo::CollectLeagueEntries
112fd290	CLeagueInfo::CollectLeagueScheduleEntries
112fd4e0	CRankingListOfPlayerInfo::GetRankingIdOfType0xF
112fd620	CRankingListOfPlayerInfo::GetRankingIdOfType0xD
112fd760	CRankingListOfPlayerInfo::GetRankingIdOfType0xE
11300ae0	CSuitCfgInfo::CollectActiveSuitsFromEquip
11300ec0	CEquipSuitEffectInfo::BuildSuitSkillMap
11301170	CSuitCfgInfo::IsSuitEffectActive
11301ed0	CSuitCfgInfo::ApplyEquippedSuitEffects
113023d0	CEquipInfo::BuildSuitSetBonusDisplay
1130b720	CHubEntryConfig::IsQuestAvailable
1130b930	CActivityInfo::HasOpenActivityInList
1130bda0	CMHLevelInfo::CollectHubKingQuests
1130c060	CMHLevelInfo::CollectHubLetterQuests
1130c2e0	CMHLevelInfo::CollectHubEntryConfigs
1130c630	CMHLevelInfo::CollectHubRaidConfigs
1130c940	CMHLevelInfo::CollectHubPageStarLevelQuests
1130d400	CHubEntryConfig::IsQuestUnlocked
1130eec0	CCombatNPCLevelInfo::FindInfoByKey
1130f910	CCombatNPCLevelInfo::GetDefaultInfo
11310190	CMonsterBattleBgmInfo::FindInfoByKey
11310cc0	CMonsterBattleBgmInfo::GetDefaultInfo
1134b310	CEquipItem::GetAttr_*
1134b7d0	CPlayer::GetHuntRankOrCount
11393d80	CHRLevelInfo::GetInfoManager
11399350	CHRLevelInfo::GetInfoManagerInstance
1139db00	CExplimitInfo::CalcExpOverflowLevels
113adbe0	CVIPExpLimitInfo::FindInfoByKey
113b23a0	CActivityInfo::CalcExpLimitBonusFromEntrust_field18
113b2660	CActivityInfo::CalcExpLimitBonusFromEntrust_field14
113b3970	CVIPExpLimitInfo::GetDefaultInfo
113e5380	CPetSkillInfo::PlayActionAnimation
113ef050	CBuffInfo::DetachBuffEffectsOnUpdate
113ef7e0	CPetSkillInfo::CollectCategory6SkillIds
113efea0	CActor::ApplyEquipItemBonus
113f0440	CBuffInfo::CreateBuffEffects
113f0ca0	CPetSkillInfo::PlaySkillAnimations
113f0ff0	CPetSkillInfo::PlaySkillEffectsFromList
113f3cc0	CEquipSkillInfo::FindInfoByKey
113f3d60	CWeaponRecycleInfo::GetInfoManager
113fa4f0	CEquipSkillInfo::GetDefaultInfo
113fa540	CWeaponRecycleInfo::GetInfoManagerInstance
113fada0	CItemColumnInfo::InitColumnsFromConfig
113fc2e0	CBagOpValidator::ValidateTypeCapacity
113fc920	CBagOpValidator::ValidateCapacitySimple
114014c0	CBagOpValidator::ValidateFull
11410350	CSoulStoneAttrInfo::CollectAttrModifiers
11413660	CSoulStoneAttrInfo::SumAttrValue
114138e0	CSoulStoneAttrInfo::SumAttrValueByType
11413e40	CSoulBeastInfo::LoadFromData
11414190	CSoulStoneAttrInfo::ApplyAttrTotalsToChar
1141cb40	CTalentInfo::SendTalentListPacket
1141e110	CNewSkillInfo::ApplyWeaponSkills
1141e540	CTalentActiveInfo::TriggerTalentById
1141ff10	CFarmAwardInfo::FindInfoByKey
114217c0	CFarmAwardInfo::GetDefaultInfo
1142a4f0	CDamageDampingInfo::FindInfoByKey
1142bb90	CDamageDampingInfo::GetDefaultInfo
1142dcd0	CBuffInfo::BuildActiveBuffSnapshot
1142f4c0	CBuffInfo::AnyBuffMatchesPredicateA
1142f5e0	CBuffInfo::HasBuffOfCategory
1142f700	CBuffInfo::AnyBuffMatchesPredicateB
1143ea60	CBuffFilterInfo::FindInfoByKey
1143f4b0	CBuffFilterInfo::GetDefaultInfo
1144f2e0	CLevelBoxRewardInfo::GetManagerRaw
1144f630	CLevelBoxRewardInfo::RollRewards
11450ac0	CLevelBoxRewardInfo::RollCountForBox
1145da50	CGuildBuildingLevelUpInfo::GetInfoManager
1145daf0	CGuildCommodityUnlockInfo::FindInfoByKey
1145ec70	CGuildBuildingLevelUpInfo::GetMaxLevelForBuilding
1145f610	CGuildBuildingLevelUpInfo::GetInfoManagerPtr
1145f660	CGuildCommodityUnlockInfo::GetDefaultInfo
11461720	CEquipGroupInfo::FindInfoByKey
114617c0	CLevelBalanceInfo::FindInfoByKey
114645a0	CSuitCfgInfo::GetSuitBySlot
114646c0	CEquipSuitEffectInfo::FindFirstType2EffectValue
11464860	CEquipSuitEffectInfo::ApplySuitEffects
11464a00	CSuitCfgInfo::CollectAllActiveSuitIds
11464e00	CEquipGroupInfo::GetDefaultInfo
11464e50	CLevelBalanceInfo::GetDefaultInfo
11466200	CEquipSuitEffectInfo::ComputeEquippedSuitEffects
1146bc90	CGuideBookActionInfo::GetInfoManager
1146bd30	CGuideBookChapterInfo::GetInfoManager
1146e910	CGuideBookActionInfo::RegisterAllInstances
1146e960	CGuideBookChapterInfo::GetInfoManagerInstance
1146ef30	CGuideBookChapterInfo::BuildChapterActions
114748b0	CBuffInfo::ApplyRoleBuffListMessage
11474b80	CBuffInfo::ApplyBuffSyncMessage
11475790	CBuffInfo::RunBuffEffectScript
114880a0	CEliminateMatchInfo::GetInfoManager
11488140	CQualifierMatchInfo::GetInfoManager
11489010	CEliminateMatchInfo::GetInfoManagerInstance
11489060	CQualifierMatchInfo::GetInfoManagerInstance
1149ad80	CItemReward::Grant
114a1aa0	CGuildTaskInfo::GetManager
114a7780	CCommerceInfo::FindOrInsertGoodsRecord
114a81e0	CGuildSkillInfo::CollectAvailableSkills
114a8db0	CGuildTaskInfo::GetManagerRaw
114a97b0	CGuildTaskInfo::ValidateGuildTaskState
114b1c50	CSculptureInfo::GetIdByLibKey
114b5ed0	CNpcSaleInfo::CalcItemSalePrice
114b83c0	CCommodityLibInfo::ResolveLibAndGroupRefs
114bcea0	CDropTable::RollRewards
114cdb70	CMHLevelInfo::HasLevelMatchingField
114cfd70	CLevelEnSubGroupRewardInfo::SumSubGroupRewards
114d28a0	CMonsterInfo::CollectSuperSequenceMonsters
114d5610	CActivityLevelEntrustInfo::GetEntrustByActivityLevel
114d6fe0	CLevelExcellentRankInfo::AddScoreAndEvalRank
114db920	CHunterStarStatInfo::GetManager
114dc810	CHunterStarStatInfo::GetManagerRaw
114dcac0	CHunterStarStatInfo::ValidatePlayerStarStats
114dcca0	CHunterStarStatInfo::ValidateStarStatTables
114df740	CHunterAbilityCardInfo::ApplyCardSkills
114dfad0	IsCardIdCollected
114dfc90	CHunterChallengeCardInfo::CollectAvailableCardIds
114e0150	CHunterRecordCardInfo::BuildRecordCard
114e1330	CHunterChallengeCardInfo::BenchmarkCardPool
114e3fc0	CHRLevelInfo::EvaluateHRLevelUp
114e4860	CTaskLib::RegisterTask
114e7a90	CTaskInfo::BuildActiveTaskChain
114ed030	CTaskInfo::LoadTaskSetFromConfigBlob
114ed1d0	CTaskLibInfo::ReleaseHeldTaskRefs
114f5da0	CGuildTitleInfo::GetInfoManager
114f75b0	CGuildTitleInfo::GetInfoManagerInstance
115048c0	CSpoorPrizeInfo::CollectAvailablePrizes
115052e0	CTraceInfo::GetInfoManager
11506240	CTraceInfo::GetInfoManagerInstance
11507670	CNpcAtdGroupInfo::GetInfoManager
115095f0	CNpcAtdGroupInfo::FindGroupId
11509850	CNpcAtdGroupInfo::GetInfoManagerPtr
1150a770	CNpcAtdPrefersInfo::ApplyPreferenceReaction
11510bc0	CGiftBagGroupInfo::GetInfoManager
11511580	CGiftBagGroupInfo::GetInfoManagerInstance
11513600	CActivityInfo::PreloadAllActivities
11515590	CDailyFramAwardInfo::GetInfoManager
11516390	CItemBoxGroupInfo::RollBoxRewards
11516e30	CDailyFramAwardInfo::GetInfoManagerInstance
11517750	CDailyFramAwardInfo::RegisterAllWithItemBoxGroup
1151c360	CRankingListOfPlayerInfo::FindByKeys
1151c7e0	CManufactureInitUnlockInfo::FindInfoByKey
1151e260	CManufactureInitUnlockInfo::GetDefaultInfo
11520090	CAllTagItemLimitInfo::GetInfoManager
11520130	CEquipHiddenSkillCondOpenInfo::GetInfoManager
11521920	CItemBaseInfo::ResolveRewardAmount
11521b00	CAllTagItemLimitInfo::GetInfoManagerInstance
11521cf0	CNormalItemInfo::CheckStackCapacity
115227d0	CEquipHiddenSkillCondOpenInfo::GetInfoManagerInstance
11522ca0	CAllTagItemLimitInfo::RegisterAllInstances
11522cf0	CEquipHiddenSkillCondOpenInfo::RegisterAllInstances
11529f70	CCatCuisineInfo::CollectAvailableCuisines
1152abb0	CExpressionInfo::GetProgressState
1152b570	CExpressionInfo::SumPointsRange
1152b6a0	CExpressionInfo::FindByName
1152ba60	CExpressionInfo::CountValid
1152bea0	CExpressionInfo::EnumerateCategories
1152c000	CExpressionInfo::AdvanceLevel
1152f3e0	CTaskInfo::LoadFromConfig
115301f0	CLevelBaseNumericalInfo::FindInfoByKey
11531ce0	CLevelBaseNumericalInfo::GetDefaultInfo
115320d0	CTaskInfo::LoadTaskTableC
115330b0	CSoulBeastEvolveInfo::GetInfoManager
11533150	CSoulBeastLevelUpInfo::GetInfoManager
11533fd0	CSoulBeastEvolveInfo::GetInfoManagerPtr
11534020	CSoulBeastLevelUpInfo::GetInfoManagerPtr
115342b0	CSoulStoneSubAttr::GetByIndex
115371f0	CIllustrateBookInfo::CollectByCategory
115374a0	CPhysicalCardGroupInfo::QueryCardGroup
1153a240	CGuideBookActionInfo::RegisterAllInstances2
1153b200	CSRLItemBoxDescriptionInfo::FindInfoByKey
1153b2a0	CSRLItemLotteryInfo::FindInfoByKey
1153b340	CSRLItemPoolInfo::GetInfoManager
1153b480	CSRLMonsterClassInfo::FindInfoByKey
1153b520	CSRLMonsterTypeInfo::FindInfoByKey
1153cb20	CSRLMaterialLotteryInfo::RollLottery
1153e6f0	CSRLItemBoxDescriptionInfo::GetDefaultInfo
1153e740	CSRLItemLotteryInfo::GetDefaultInfo
1153e790	CSRLItemPoolInfo::GetInfoManagerIfLoaded
1153e7e0	CSRLMaterialLotteryInfo::GetManagerRaw
1153e830	CSRLMonsterClassInfo::GetDefaultInfo
1153e880	CSRLMonsterTypeInfo::GetDefaultInfo
115402e0	CNormalItemInfo::CanAddItems
115411b0	CSRLItemPoolInfo::RollItemBox
11546430	CSupplyPlanInfo::LoadPlanList
11546c40	CCorFuliConfigInfo::GetInfoManager
11546ce0	CVIPEntrustTimesInfo::FindInfoByKey
11546d80	CVIPServiceInfo::FindInfoByKey
11547fd0	CMartGoodsInfo::SelectGoodsByVipLevel
115489a0	CCorFuliConfigInfo::GetInfoManagerInstance
115490a0	CCorFuliConfigInfo::QueryWithVipService
115490f0	CVIPEntrustTimesInfo::GetDefaultInfo
11549140	CVIPServiceInfo::GetDefaultInfo
1154caa0	CBuffInfo::PrecacheAllBuffs
1154d480	CPetSkillConditionInfo::GetInfoManager
1154dd70	CPetSkillConditionInfo::GetInfoManagerIfLoaded
1154e340	CPetMonsterSkillInfo::RebuildPetSkillTables
1154e6b0	CPetSkillConditionInfo::ResolveConditionRefs
1154ef90	CMartGoodsInfo::IndexGood
11551680	CMartGoodsInfo::BuildGoodsIndex
1155bf80	CDragonBoxPrizeInfo::GrantPendingPrizes
115661f0	CPetSkinInfo::GetInfoManager
11566a30	CPetLevelInfo::AddPetExp
11566e10	CPetLevelInfo::CalcPetStatTotal
11567180	CPetSkinInfo::GetCachedInfoManager
11568360	CPetLevelInfo::ApplyLevelAttributes
1156ede0	CVehicleAmmoInfo::FindLoadoutEntryByCategory
1156f350	CVehicleAmmoInfo::SetLoadoutAmmoCapacity
11571a40	CEquipSuitSkillInfo::CheckSuitSkillActivatable
115723b0	CEquipSuitSkillInfo::CollectActivePassiveSkills
11572670	CEquipSuitSkillInfo::GetSuitSkillTotal
11572a90	CEquipSuitSkillGroupInfo::BuildActiveSuitSkills
11573fd0	CLevelCatExtraStrateInfo::FindInfoByKey
11574fb0	CLevelCatExtraStrateInfo::GetDefaultInfo
11575040	CMonsterInfo::GrantLevelRewardsForKilledMonsters
11576780	CMHLevelInfo::CheckLevelProgressThreshold
1157f5f0	CPetSkillConditionInfo::SelectPetSkillByConditions
11580e30	CPetFireInfo::GetInfoManager
11582130	CPetSkillInfo::RemoveAllSkillBuffs
11582a60	CPetFireInfo::GetInfoManagerPtr
11583920	CPetInfo::LoadPetsFromData
11584a50	CPetSkillInfo::FilterAndGroupEquippedSkills
11586f40	CPetSkillInfo::ForEachSkillApply_11589550
11587080	CPetSkillInfo::ForEachSkillApply_11589640
11587830	CPetSkillInfo::CollectSkillIdsByCategory
11588160	CPetSkillInfo::TriggerAvailableSkillBuffs
11588460	CPetSkillInfo::HasLinkedSkillActive
11588719	CPetSkillInfo::FindByGroupIdInList_thunk
11588820	CPetSkillInfo::HasEqualOrHigherLevelInList
115889c0	CPetSkillInfo::HasNextLevelInList
11588cc0	CPetSkillInfo::LoadEquippedSkillsFromBuffer
11589800	CPetSkillInfo::ApplyMatchingPassiveSkillsA
115899c0	CPetSkillInfo::ApplyMatchingPassiveSkillsB
11589b80	CPetSkillInfo::ApplyMatchingPassiveSkillsC
11589d20	CPetSkillInfo::BuildBestSkillLevelMap
1158a600	CPetSkillInfo::BuildSkillLevelMapForCategory
1158a800	CPetSkillInfo::CountActiveSkillsInList
1158a920	CPetSkillInfo::CountSkillsOfCategoryInList
1158aab0	CPetSkillInfo::BuildSkillLevelMapFromPairs
1158b730	CPetSkillInfo::PickRandomSkillByWeight
11592ce0	CEquipPlanInfo::RebuildPlanMap
11594620	CEquipQuickLevelUpInfo::GetInfoManager
115946c0	CItemDecomposeInfo::GetInfoMgrByName
11599120	CEquipUpgrade::ApplyStepList
11599f40	CEquipQuickLevelUpInfo::GetInfoManagerPtr
11599f90	CItemDecomposeInfo::GetInfoMgrCached
1159a060	CVipCutOffInfo::GetVipCutOffIndex
1159d660	CEquipPassiveSkillGroupInfo::CollectValidGroups
1159dc20	CItemBaseInfo::FindItemsByName
1159e040	CEquipPassiveSkillGroupInfo::FindGroupsByName
115a3430	CStarStoneLevelAttrInfo::GetInfoManager
115a34d0	CStarStoneLevelExpInfo::GetInfoManager
115a3570	CStarStoneTinyInfo::GetInfoManager
115a4e80	CStarLightStoneInfo::RefundSlotStones
115a5c10	CStarStoneLevelAttrInfo::GetInfoManagerInstance
115a5c60	CStarStoneLevelExpInfo::GetInfoManagerInstance
115a5cb0	CStarStoneTinyInfo::GetInfoManagerInstance
115a6180	CStarStoneSlotInfo::GetUnlockedSlotCount
115a63c0	CStarLightStoneInfo::FindStoneTierByValue
115a6540	CStarStoneLevelExpInfo::GetLevelByExp
115a6900	CStarStoneTinyInfo::QueryAttrFromInstance
115a7330	CStarStoneLevelAttrInfo::ApplyStarStoneLevelAttrs
115a99a0	CSystemUnlockInfo::QuerySystemUnlock
115b77c0	CLeagueInfo::UpdateActiveLeague
115b7e90	CEquipPassiveSkillGroupInfo::ResolveSkillsByLevel
115b9090	CSpeakInfo::ParseSpeakSet
115bf0e0	CCharmRebuildResultInfo::FindInfoByKey
115bf180	CEquipBreakTransferInfo::GetInfoManager
115bf360	CEquipEnforceTransferInfo::GetInfoManager
115bf4a0	CEquipQuenchRuleInfo::GetInfoManager
115bf540	CEquipRankUpInfo::GetInfoManager
115c40e0	CCharmRebuildResultInfo::GetDefaultInfo
115c4130	CEquipBreakTransferInfo::GetInfoManagerPtr
115c4220	CEquipEnforceTransferInfo::GetInfoManagerPtr
115c42c0	CEquipQuenchRuleInfo::GetInfoManagerPtr
115c4310	CEquipRankUpInfo::GetInfoManagerPtr
115cd230	CMHLevelInfo::FindLevelPathRecursive
115cf010	CFactionInfo::GetInfoManager
115d0380	CFactionInfo::GetInfoManagerPtr
115d0530	CFactionInfo::InitFactionRelations
115d73d0	CPvpDamageParmInfo::FindInfoByKey
115d8700	CPvpDamageParmInfo::GetDefaultInfo
115d9210	CSlashCalculateInfo::FindInfoByKey
115d92b0	CSpecRulesInfo::FindInfoByKey
115da820	CSlashCalculateInfo::GetDefaultInfo
115da870	CSpecRulesInfo::GetDefaultInfo
115e2370	CFluteFxInfo::GetInfoManager
115e2d80	CFluteFxInfo::GetInfoManagerPtr
115f1b20	CEffectAOEInfo::FindInfoByKey
115f1bc0	CItemAOEInfo::FindInfoByKey
115f2b50	CEffectAOEInfo::GetDefaultInfo
115f2ba0	CItemAOEInfo::GetDefaultInfo
115f72d0	CItemConvInfo::FindInfoByKey
115f80f0	CItemConvInfo::GetDefaultInfo
115fada0	CEquipRandRuleInInfo::FindInfoByKey
115fb7e0	CEquipRandRuleInInfo::GetDefaultInfo
116112a0	CEquipRelationAttrInfo::MatchesEquip
11611490	CEquipRelationAttrInfo::CollectMatchingAttrs
1161e430	CTaskBountyLevelInfo::GetInfoManager
1161e4d0	CTaskHuntStageInfo::GetInfoManager
11620300	CStarLevelPageUnlockInfo::CollectUnlockPages
11620720	CTaskHuntStageInfo::FindUnlockedStage
11620da0	CTaskBountyLevelInfo::GetInfoManagerIfLoaded
11620df0	CTaskHuntStageInfo::GetCachedInfoManager
11621220	CTaskBountyLevelInfo::CollectAvailableBounties
11629ec0	CSpoorInfo::FindSpoorByKeys
11636160	CCharmFoundCostInfo::GetInfoManager
11636200	CCharmFoundLockCostInfo::FindInfoByKey
116362a0	CCharmFoundTimesCostInfo::FindInfoByKey
11636340	CEquipRandPassiveSkillActivateGroupInfo::GetInfoMgrByName
116363e0	CEquipRandPassiveSkillGroupInfo::GetInfoManager
11636480	CEquipRandPassiveSkillSubGroupInfo::GetInfoMgr
11638930	CEquipRandPassiveSkillSubGroupInfo::SelectSubGroupForSkill
11638ca0	CEquipRandPassiveSkill::ComputeValue
116394a0	CCharmFoundCostInfo::GetInfoManagerInstance
11639df0	CCharmFoundCostInfo::RegisterAllInstances
11639e40	CCharmFoundLockCostInfo::GetDefaultInfo
11639e90	CCharmFoundTimesCostInfo::GetDefaultInfo
11639ee0	CEquipRandPassiveSkillActivateGroupInfo::GetInfoMgrCached
11639f30	CEquipRandPassiveSkillGroupInfo::GetInfoManagerInstance
11639f80	CEquipRandPassiveSkillSubGroupInfo::GetInfoMgrRaw
1163c850	CEquipRandPassiveSkill::EmitRolledResult
1163d020	CEquipRandPassiveSkillSubGroupInfo::RollRandomPassiveSkills
1163d430	CEquipRandPassiveSkillSubGroupInfo::RollRandomPassiveSkills_Variant
11644630	CMonsterInfo::CreateMonstersFromSpawnQueue
11646340	CLevelNARegionInfo::GetInfoMgrByName
116480a0	CLevelNARegionInfo::GetInfoMgrCached
116603f0	CRageInfo::UpdateRageStates
11669090	EnchantAttr::LookupById
11675c20	CRandomWeaponRandBaseInfo::GetInfoManager
11679e10	CInfoManager::FindByName
1168f070	CNpcSaleInfo::BuildNpcContent
1168f680	CIllustrateBookInfo::FindByEntityIdAttach
1168f7d0	CTaskInfo::CollectTasksByNpc
116ab770	CHuntingBoxGroupInfo::GetInfoManager
116ab810	CLevelAppraisalInfo::GetInfoMgrByName
116ab8b0	CStaticLevelWeatherInfo::FindInfoByKey
116ae5b0	CLevelResInfo::CopyWeatherBlock
116ae840	CHuntingBoxGroupInfo::GetInfoManagerInstance
116ae890	CLevelAppraisalInfo::GetInfoMgrCached
116ae8e0	CStaticLevelWeatherInfo::GetDefaultInfo
116b2a30	CLevelResInfo::ResolveLevelData
116b3350	CMHLevelModeInfo::IsValidModeId
116b4620	CMHLevelInfo::TouchAllLevels
116c0790	CNormalItemInfo::MatchesLotteryFilter
116c3300	CEquipLevelUpInfo::GetInfoManager
116c33a0	CWakeAbilityInfo::GetInfoManager
116c4890	CEquipInfo::FindByItemIdString
116c4c90	CEquipLevelUpInfo::GetInfoManagerPtr
116c4ce0	CWakeAbilityInfo::GetInfoManagerPtr
116c52a0	CEquipRandPassiveSkillGroupInfo::ResolvePassiveRefs
116cc170	CSkillInfo::GetInfoManager
116cd540	CSkillInfo::GetInfoManagerPtr
116cfc70	CBuffInfo::CollectAndValidateBuffs
116cffa0	CSkillInfo::FindFirstMatchingSkill
116e5260	CBuffInfo::BuildBuffCategoryMap
116e90f0	CBuffInfo::ValidateCombinedBuffSets
116e91f0	CEffectInfo::PreCacheEffectList
116fd090	CMHLevelInfo::ValidateSpawnMonsterGroups
116fd440	CSpawnMonsterGroupInfo::RollSpawnForLevel
116ffb20	CFGModuleOnKillMonsterInfo::FindInfoByKey
116ffbc0	CFGModuleOnMonsterCapturedInfo::FindInfoByKey
116ffc60	CFGModuleOnMonsterPartBreakInfo::FindInfoByKey
116ffd00	CFGModuleOnMonsterPartHitInfo::FindInfoByKey
116ffda0	CFGModuleOnMonsterStateAbnormalInfo::FindInfoByKey
11704a20	CFGModuleOnKillMonsterInfo::GetDefaultInfo
11704a70	CFGModuleOnMonsterCapturedInfo::GetDefaultInfo
11704ac0	CFGModuleOnMonsterPartBreakInfo::GetDefaultInfo
11704b10	CFGModuleOnMonsterPartHitInfo::GetDefaultInfo
11704b60	CFGModuleOnMonsterStateAbnormalInfo::GetDefaultInfo
11710040	CHubEntryConfigInfo::HasAvailableHubEntry
11719200	CBabecueInfo::FindById
1171c3f0	CMHLevelSystem::GetCurrentContext
1171c6b0	CGuildMatchInfo::FindBracketByValue
11720730	CCommodityGroupInfo::FindCommodity
11720ad0	CCommodityLibInfo::CollectByType2
11720c50	CCommodityLibInfo::FindFirstType1
11720d80	CCommodityLibInfo::CollectByType3
11720f30	CNpcSaleInfo::CollectCommodities
11721020	CCommodityGroupInfo::CollectCommodities
11722190	CCommodityLibInfo::ClearNpcSaleRefs
11722800	CTaskInfo::MatchesFilter
11722bc0	CTaskBountyLevelInfo::FindByTaskId
11722cc0	CTaskInfo::CollectTasksByField
117286e0	CActivityInfo::GetMHLevelInfoManager
1172a550	CSuitCfgInfo::SuitMeetsPieceCount
1172a750	CEquipSuitSkillGroupInfo::GetSuitSkillId
1172a8f0	CEquipSuitSkillGroupInfo::EnsureSkillManagersLoaded
1172d2b0	CIllustrateBookInfo::FindByIdAttach28
1172dd40	CIllustrateTaskInfo::LinkBooksAndStarStats
1172ecd0	CNpcAtdInfo::CollectNpcIdsByGroup
11732650	CNpcAtdPrefersInfo::LinkNpcAtd
11735180	CMonsterPartInfo::GetInfoManager
11735220	CMHLevelAdditonalTargetInfo::FindInfoByKey
117352c0	CMHLoseLevelConditionInfo::FindInfoByKey
11735360	CMHWinLevelConditionInfo::FindInfoByKey
11738250	CMHLevelAdditonalTargetInfo::GetDefaultInfo
117382a0	CMHLoseLevelConditionInfo::GetDefaultInfo
117382f0	CMHWinLevelConditionInfo::GetDefaultInfo
11738340	CMonsterPartInfo::GetInfoManagerIfLoaded
1173b870	CMHLevelInfo::ForEachSpawnEntry
1173def0	CLevelIDGroupInfo::GetInfoManager
1173ebe0	CLevelIDGroupInfo::GetCachedInfoManager
1173f7c0	CLevelEntrustNpcInfo::ResolveEntrustNpcForLevel
117436f0	CBuffInfo::PrecacheItemRefs
117460f0	CTaskGroupInfo::FindTask
117462e0	CTaskLibInfo::FindTaskLibByCategory_7
117464a0	CTaskLibInfo::FindTaskLibByCategory_2
117465e0	CTaskLibInfo::CollectTaskLibsByCategory_3
11746760	CTaskLibInfo::CollectTaskLibsByCategory_4
117468e0	CTaskLibInfo::FindTaskLibForCurrentContext
11746b90	CTaskGroupInfo::GetManagerRaw
11746c60	CTaskLibInfo::FindTaskLibByCategory_1
11746da0	CTaskLibInfo::FindTaskLibByCategory_5
11747020	CTaskLibInfo::FindTaskLibByCategory_6
11747260	CTask::IsFinalizedPredicate
11747290	CTaskGroupInfo::CollectTasks
117472a0	CTaskGroupInfo::CollectTasks
11747410	CTaskGroupInfo::UpdateGroup
1174b760	CPetSkillSlotUnlockInfo::GetInfoMgrByName
1174c1f0	CPetStarInfo::FindByKey2
1174c410	CPetStarInfo::FindByKey3
1174c670	CPetSkillSlotUnlockInfo::GetInfoMgrCached
1174c8f0	CPetSkillInfo::ExistsByIdInAltRegistry
1174ca30	CPetSkillInfo::IsSkillActive
1174ca80	CPetSkillSlotUnlockInfo::ResolveSlotUnlocks
1174f6b0	CPetAtkModeInfo::GetInfoManager
1174f750	CPetAtkTargetInfo::GetInfoManager
1174f7f0	CPetCharacterInfo::GetInfoManager
1174f890	CPetNameInfo::GetInfoManager
1174f930	CPetQualityInfo::GetInfoManager
1174f9d0	CPetSupportSkillInfo::GetInfoManager
11751c20	CPetAtkModeInfo::RollAndAssignAtkMode
11751e70	CPetAtkTargetInfo::RollAndAssignAtkTarget
117520c0	CPetCharacterInfo::RollAndAssignCharacter
11752310	CPetNameInfo::RollAndAssignName
11752570	CPetQualityInfo::RollAndAssignQuality
117527c0	CPetSkinInfo::RollAndAssignSkin
11752a10	CPetSupportSkillInfo::RollAndAssignSupportSkill
117535c0	CPetAtkModeInfo::GetCachedInfoManager
11753610	CPetAtkTargetInfo::GetCachedInfoManager
11753660	CPetCharacterInfo::GetCachedInfoManager
117536b0	CPetNameInfo::GetCachedInfoManager
11753700	CPetQualityInfo::GetCachedInfoManager
11753750	CPetSupportSkillInfo::GetCachedInfoManager
11757340	CPetSkillInfo::FindById
11757470	CPetSkillInfo::FindByIdAndLevel
117599f0	CPetSkillInfo::ReleaseBuffReferences
11759b90	CPetSkillInfo::ReleaseBuffRefHelper
11771590	CTaskAttackInfo::GetInfoManager
1177e8a0	CTaskAttackInfo::GetCachedInfoManager
117b1e10	CPlayerLevelUpInfo::GetCumulativeToLevel
117b2600	CPlayerLevelUpInfo::BuildLevelThresholdTable
117b5360	CItemRefWalker::PrecacheTreeItems_c0
117b6f40	CItemRefWalker::PrecacheTreeItems_d4
117b86a0	CSoulBeastEvolveInfo::GetMaxEvolveStage
117b8df0	CSoulBeastLevelUpInfo::GetMaxLevel
117c1580	CTaskInfo::CountMainTasks
117c1690	CTaskSeriesInfo::GetManagerRaw
117c1af0	CTaskChapterInfo::ResolveChapterAndSeries
117c1e20	CTaskLibInfo::FindTaskGroupForTask
117c2cd0	CTaskInfo::PostLoadInitAllTasks
117c5b70	CItemRefWalker::PrecacheList_28
117caf80	CAbnormalStatePriorityInfo::GetInfoManager
117cb690	CAbnormalStatePriorityInfo::ComputeStatePriorities
117cc2f0	CAbnormalStateRelationInfo::FindInfoByKey
117ccd10	CAbnormalStateRelationInfo::GetDefaultInfo
117d6960	CGuildTaskGroupInfo::FindTaskGroup
117d6ce0	CGuildTaskLibInfo::GetInfoManagerInstance2
117d6dc0	CGuildTaskGroupInfo::CollectTaskGroups
117da950	CNpcSaleInfo::ReleaseSaleEntry
117daf50	CGoods::ResolveCommodityGroup
117ddac0	CCommodityGroupInfo::RefreshCommodities
117df020	CCommodityInfo::GetInfoManager
117df8c0	CCommodityInfo::MatchesFilter
117dfbe0	CCommodityInfo::GetInfoManagerIfLoaded
117dff00	CCommodityInfo::CollectByShopId
117dff10	CCommodityInfo::CollectByShopId
117e96b0	CLevelEnGroupInfo::PrecacheSubGroups
117eada0	CFluteTuneInfo::CollectTuneBuffs
117eb8e0	CBuffInfo::ValidateBuffArray8
117f2ee0	CHunterAbilityCardInfo::ForEachCard_Apply
117f3080	CHunterChallengeCardInfo::BuildStarChallengeCards
117f31f0	CHunterStarStatInfo::BuildStarStatList
117f5b70	CHunterStarChallengeCard::Construct
117f69f0	CHunterCard::GetCardFamily
117fad20	CGiftBagInfo::ResolveGiftBagGroup
117fed50	CMonolopyCostInfo::GetInfoManager
117ff670	CMonolopyCostInfo::GetInfoManagerInstance
118005a0	ComputeSuitSkillLevel
118006a0	CBuffInfo::ValidateAndReleaseBuffCacheEntries
118042c0	CLevelEnGroupInfo::LinkSubGroups
118060e0	CAstrolabeTaskPrizeInfo::RollPrizeForTask
11806f50	CWildHuntTaskRatioInfo::GetInfoManager
118075e0	CWildHuntTaskRatioInfo::RollRatioByDifficulty
11807920	CWildHuntTaskRatioInfo::GetInfoManagerInstance
118097d0	CIllustrateTaskInfo::CollectTasksByBook
1180e4b0	CSRLItemBoxDescriptionInfo::IsRandomBox
1180e500	CSRLItemBoxDescriptionInfo::GetItemList
11816390	CMartGoodsInfo::AppendGoodsToList
11816a40	CDragonBoxBlackFaceGiftInfo::GetInfoMgrByName
11818300	CDragonBoxBlackFaceGiftInfo::GetInfoMgrCached
118189e0	CDragonBoxPrizeInfo::BuildPlayerPools
1181cc60	CMartGoodsInfo::ValidateItemRefs
118227e0	CEquipSuitSkillGroupInfo::AddSkill
11824e00	CLevelCatExtRewardCfgInfo::FindInfoByKey
11827100	CLevelCatExtRewardCfgInfo::GetDefaultInfo
1182cb30	CLevelRewardInfo::PreCacheAllInstances
11833520	CEquipFoundCostFactorInfo::FindInfoByKey
118335c0	CEquipFoundCostInfo::FindInfoByKey
11833660	CEquipFoundLockCostInfo::FindInfoByKey
11833700	CEquipFoundOpenCostInfo::GetInfoManager
118337a0	CEquipFoundQualityInfo::GetManager
11836000	CEquipFoundCostFactorInfo::GetDefaultInfo
11836050	CEquipFoundCostInfo::GetDefaultInfo
118360a0	CEquipFoundLockCostInfo::GetDefaultInfo
118360f0	CEquipFoundOpenCostInfo::GetCachedInfoManager
11836140	CEquipFoundQualityInfo::GetManagerRaw
11836410	CEquipFoundOpenCostInfo::GetCostB
11836600	CEquipFoundOpenCostInfo::GetCostA
11836800	CEquipFoundQualityInfo::RollFoundResult
1183ed70	CContributeBoxInfo::FindInfoByKey
1183f930	CContributeBoxInfo::GetDefaultInfo
118401b0	CItemBuffRefWalker::PrecacheAll
11840e30	CLeagueScoreInfo::GetInfoManager
11842970	CLeagueScoreInfo::GetInfoManagerPtr
1184cd20	CEquipEnchaseRuleInfo::FindInfoByKey
1184cdc0	CEquipEnforceRuleInfo::FindInfoByKey
1184ce60	CEquipFoundRuleInfo::FindInfoByKey
1184cf00	CEquipRandBaseItemRuleInfo::FindInfoByKey
1184cfa0	CWeaponWakeUpRandRuleInfo::FindInfoByKey
118517d0	CEquipEnchaseRuleInfo::GetDefaultInfo
11851820	CEquipEnforceRuleInfo::GetDefaultInfo
11851870	CEquipFoundRuleInfo::GetDefaultInfo
118518c0	CEquipRandBaseItemRuleInfo::GetDefaultInfo
11851910	CWeaponWakeUpRandRuleInfo::GetDefaultInfo
11854250	CItemRefWalker::PrecacheNested_18
118543b0	CItemGroupValidator::RequireType2
1185e230	CTaskAttackInfo::FindTaskByTarget
1185ea20	CTaskCalculateInfo::GetInfoManager
1185f220	CTaskCalculateInfo::GetInfoManagerInstance
11863480	CDailyScheduleGoldInfo::FindInfoByKey
11863cd0	CDailyScheduleGoldInfo::GetDefaultInfo
11865260	CEquipRandPassiveSkillActivateGroupInfo::EnsureRelatedMgrs_ForList
118669d0	CEquipRandPassiveSkillActivateSetInfo::EnsureMgrForList
11868120	CEquipRandPassiveSkillSubGroupInfo::TouchSubGroupRefs
1186cc00	CEquipRelationAttrInfo::RollRelationAttrs
11870bf0	CRandomWeaponAbilityInfo::GetInfoManager
11870c90	CRandomWeaponAddonGroupInfo::GetInfoManager
11870d30	CRandomWeaponAddonInfo::GetInfoManager
11870dd0	CRandomWeaponRandScoreInfo::GetInfoManager
11874f10	CRandomWeaponAbilityInfo::GetInfoManagerPtr
11874f60	CRandomWeaponAddonGroupInfo::GetInfoManagerPtr
11874fb0	CRandomWeaponAddonInfo::GetInfoManagerInstance
11875000	CRandomWeaponRandScoreInfo::GetInfoManagerPtr
11875b90	CRandomWeaponAddonInfo::RollWeaponAddons
1187f880	CInfoManager::DebugExportConfNameTables
1188ea40	CMonsterPartInfo::FindByName
1188eb90	CMonsterPartInfo::FindByName2
11894cf0	CMHLevelInfo::AreCurrentLevelChainValid
1189f630	CMHMapInfo::CollectMapMonsterLevels
118a87d0	CTaskSeriesInfo::FindTask
118a8970	CTaskSeriesInfo::CollectTasks
118a8980	CTaskSeriesInfo::CollectTasks
118a9010	CGuildTaskInfo::CollectTasksByType
118a9020	CGuildTaskInfo::CollectTasksByType
118ac740	CHunterStarLevelInfo::ResolveStarLevel
118b8880	CEquipInfo::PreloadRandPassiveSkillGroups
118b89e0	CEquipSuitEffectInfo::PreloadSuitSkillGroups
118bdef0	CFluteWeaponInfo::PreCacheAll
118bfc00	CFluteTuneInfo::ForEachTune_BuffInfo
118bfd30	CFluteFxInfo::PreCacheAll
118c0450	CBuffInfo::ForEachBuffInvoke
118c0c10	CDamageInfo::BuildDamageProjectileTable
118c2a90	CDamageInfo::InitDamageDisplay
118c5350	CMHLevelInfo::LoadAllLevelResources
118c9c00	CLevelNARegionInfo::BuildLevelRegionLookup
118ca2f0	RBTree::InsertRegionNode
118ce090	CLevelAppraisalInfo::ForEachAppraisal_Apply
118ce980	CLevelExcellentRankInfo::NormalizeRankThresholds
118d3cb0	CMonsterInfo::PreloadNpcSaleInfo
118d4660	CMonsterPartInfo::ForEachRefreshA
118d47b0	CMonsterPartInfo::ForEachRefreshB
118d5000	CMonsterPartGroupInfo::RegisterAllInstances
118d5150	CMonsterPartGroupInfo::RegisterAllInstances2
118d52c0	CMonsterGroupInfo::GetInfoManager
118d5f00	CMonsterGroupInfo::GetInfoManagerInstance
118d6130	CMonsterGroupInfo::RegisterAllInstances
118d62b0	CMonsterGroupInfo::RegisterAllChildMonsters
118d8260	CTalentInfo::ForEachTalent_ItemBase
118d8b60	CNewSkillInfo::ForEachApply
118d9390	CTalentActiveInfo::PreloadTalents
118da990	CNpcTalkInfo::GetInfoManager
118db4e0	CNpcTalkInfo::RegisterAllInstances
118db760	CNpcTalkInfo::RegisterAllInstances2
118dc0f0	CMessageColorInfo::GetInfoMgr
118dfd80	StringUtil::FindBracedToken
118e0720	CMessageColorInfo::GetInfoMgrRaw
118e12a0	CMessageInfo::ForEachApplyColor
118e1430	CDialogInfo::PreCacheAllInstances
118e1560	CMessageColorInfo::ResolveColorsAndParams
118e1b70	CMessageColorInfo::ResolveColorsAndParams_LayoutB
118e2da0	Vector<uint>::PushBackGrow
118e4710	CEquipPassiveSkillGroupInfo::InitAllBuffs
118e61d0	CMHLevelModeInfo::ForEachMode_LevelInfo
118e6500	CAdditionLevelRewardInfo::GetInfoManager
118e70b0	CAdditionLevelRewardInfo::GetInfoManagerInstance
118e72d0	CAdditionLevelRewardInfo::RegisterAllInstances
118ee390	CHubEntryPageInfo::PreCacheAllInstances
118ee510	CStarLevelPageUnlockInfo::ForEachPage_Apply
118ef910	CLevelEnGroupInfo::LinkAllSubGroups
118f0190	CLevelEnSubGroupInfo::ForEachSubGroup_EntrustNpc
118f1610	CLevelIDGroupInfo::ApplyGroupsToLevels
118f1e90	CHuntingBoxInfo::ForEachBox_EquipInfo
118f2710	CHuntingBoxGroupInfo::RegisterAllInstances
118f2f30	CLevelEntrustNpcInfo::InitEntrustSubGroups
118f38c0	CNpcSaleInfo::RefreshAllCommodities
118f6de0	CNewPlayerInfo::GetInfoManager
118f8330	CNewPlayerInfo::GetCachedInfoManager
118f8770	CNewPlayerInfo::ApplyAll_A
118f8950	CNewPlayerInfo::ApplyAll_B
118fe930	CNewSkillLearnInfo::GetInfoManager
118ff570	CNewSkillLearnInfo::GetInfoManagerPtr
118ff800	CNewSkillLearnInfo::PreCacheAll
119003d0	CManufactureInfo::PreCacheAll
119037b0	CTaskInfo::ForEachTask_117c2120
11903900	CTaskInfo::RefreshAndPostLoadAllTasks
11903fe0	CTaskCalculateInfo::RegisterAllInstances
11904130	CTaskCalculateInfo::RegisterAllInstances2
11904920	CTaskAttackInfo::ForEachTask_A
11904a70	CTaskAttackInfo::ForEachTask_B
11905100	CTaskSeriesInfo::InitAllSeries
11905250	CTaskSeriesInfo::ForEachSeries
119058d0	CTaskChapterInfo::InitAllChapters
11905a20	CTaskChapterInfo::LinkTaskSeries
11906270	CTaskGroupInfo::InitAllGroups
119063c0	CTaskGroupInfo::LinkAllBountyLevels
119069f0	CTaskLibInfo::ForEachTaskLib_11747410
11906b40	CTaskLibInfo::RefreshAllTaskLibs
119071c0	CTaskHuntStageInfo::ForEachStage_A
11907310	CTaskHuntStageInfo::ForEachStage_ResolveLevels
11907b50	CTaskBountyLevelInfo::ForEachRefreshA
11907ca0	CTaskBountyLevelInfo::ForEachRefreshB
119084e0	CSpeakInfo::ForEachRefresh
11908630	CSpeakInfo::ForEachApply
11908e20	CCommodityInfo::ForEachRefresh
11908f70	CCommodityInfo::ForEachRegisterItemBase
11909600	CCommodityGroupInfo::InitAllGroups
11909750	CCommodityGroupInfo::LoadAllCommodities
11909d80	CCommodityLibInfo::ForEachCommodity_Call11721190
11909ed0	CCommodityLibInfo::InitAllCommoditiesAndSales
1190a5b0	CGuildTitleInfo::RegisterAllInstances
1190a700	CGuildTitleInfo::RegisterAllInstances2
1190afa0	CGuildLevelUpInfo::PreCacheAll
1190b0f0	CGuildLevelUpInfo::PreCacheAll_Variant
1190c3f0	CGuildTaskLibInfo::RegisterAllInstances
1190c520	CGuildTaskGroupInfo::InitAllGroups
1190c650	CGuildTaskInfo::PreloadTaskItems
1190c9a0	CGuildQuestLevelInfo::GetInfoMgrByName
1190db90	CGuildQuestLevelInfo::GetInfoMgrCached
1190dda0	CGuildQuestLevelInfo::ForEachLevel_11a05270
1190ded0	CGuildQuestPrizeInfo::ForEachRefresh
1190e070	CGuildQuestLevelInfo::ForEachLevel_11a05260
1190e1a0	CGuildQuestPrizeInfo::ForEachRegisterItemBase
1190eb30	CGuildResourceInstituteInfo::GetInfoMgrByName
1190ebd0	CGuildTradeInstituteInfo::GetInfoManager
11910470	CGuildResourceInstituteInfo::GetInfoMgrCached
119104c0	CGuildTradeInstituteInfo::GetInfoManagerIfLoaded
119108d0	CGuildResourceInstituteInfo::ForEachTier_QuestPrize
11910a00	CGuildTradeInstituteInfo::ForEachBuildRandCommodity
11911c70	CDragonBoxPrizeInfo::ForEachPrize_Call11a06de0
11911dc0	CDragonBoxPrizeInfo::ForEachPrize_InitDragonBox
11912440	CDragonBoxInfo::ForEachBox_118191f0
11912590	CDragonBoxInfo::ForEachBox_PrizeInfo
11912e30	CDragonBoxFxInfo::PreCacheAll
11912f80	CDragonBoxFxInfo::PreCacheAll_ItemBase
11913880	CDragonBoxShowInfo::RegisterAllInstances
119139d0	CDragonBoxShowInfo::RegisterAllInstances2
11914270	CTraceInfo::RegisterAllInstances
119143c0	CTraceInfo::RegisterAllInstances2
11914c60	CHRLevelInfo::InitAllLevels
11914db0	CHRLevelInfo::LinkMHLevels
11916be0	CEquipQuickLevelUpInfo::PreCacheAll
11916d10	CEquipRankUpInfo::PreCacheAll
11916e40	CEquipLevelUpInfo::PreCacheAll
1191c800	CEquipQuenchRuleInfo::PreCacheAll
1191c930	CEquipEnforceTransferInfo::PreCacheAll
1191ca60	CEquipBreakTransferInfo::PreCacheAll
11923210	CDailySchedulePrizeInfo::PreCacheAllInstances
11923df0	CItemBoxGroupInfo::PreloadAllBoxGroups
119245c0	CItemBoxInfo::PreCacheAllInstances
11925f60	CPetInfo::ForEachApply
119266d0	CPetStarInfo::ForEachUnlockSkillSlot
11926e80	CPetLevelInfo::PreloadLevelTable
119275d0	CPetSkillInfo::ReleaseAllBuffReferences
11927d40	CPetSkillInfo::EnumerateAllRecords
11928ce0	CPetFireInfo::PreCacheAll
1192c240	CPetQualityInfo::ForEachQuality
1192c370	CPetNameInfo::ForEachName
1192c4a0	CPetSkinInfo::ForEachSkin_LinkAvatar
1192c5d0	CPetCharacterInfo::ForEachCharacter
1192c700	CPetAtkTargetInfo::ForEachAtkTarget
1192c830	CPetAtkModeInfo::ForEachAtkMode
1192c960	CPetSupportSkillInfo::ForEachSupportSkill
1192f530	CNpcAtdAttrUnlockInfo::GetInfoManager
11931480	CNpcAtdAttrUnlockInfo::GetInfoManagerPtr
119319a0	CNpcAtdInfo::ForEachNpc_Prefers
11931ae0	CNpcAtdStageInfo::PreCacheAllInstances
11931c10	CNpcAtdOrgInfo::PreCacheAllInstances
11931d40	CNpcAtdAttrUnlockInfo::PreCacheAll
11931e70	CNpcAtdPrefersInfo::ForEachRefresh
11933e80	CCatCuisineInfo::LinkCuisinesToMonsters
11934380	CCatCuisineRateInfo::PreCacheAll
11944110	CFarmCDInfo::PreCacheAllInstances
11945a30	CGiftBagInfo::InitAllGiftBags
11945b60	CGiftBagGroupInfo::RegisterAllInstances
11945cd0	CGiftBagInfo::RefreshAllGiftBagGroups
11945e00	CGiftBagGroupInfo::RegisterAllChildGiftBags
11949c30	CActivityHuntInfo::ForEachHunt
11949ee0	CActivityLotteryInfo::PreCacheAll
11949fd0	CActivityHuntInfo::ForEachHunt_ResolveActivity
1194a100	CActivityInfo::ForEachActivity_11862240
1194bbf0	CClanLevelInfo::GetInfoManager
1194c7a0	CClanLevelInfo::GetInfoManagerPtr
1194c9c0	CClanLevelInfo::PreCacheAll
1194ed50	CPvpActionBoundsInfo::GetInfoManager
11950500	CPvpActionBoundsInfo::GetInfoManagerInstance
119508e0	CPvpActionBoundsInfo::RegisterAllInstances
11950ca0	CGodLuckInfo::PreCacheAll
1195df20	CEquipRelationAttrInfo::InitAllBuffs
11964fc0	CGuildSkillInfo::ForEachSkill_A
11965110	CGuildSkillInfo::ForEachSkill_B
11965990	CGuildRandCommodityInfo::PrecacheCommodityItems
11966a30	CWakeAbilityInfo::PreCacheAll
1196ccb0	CGuildMatchInfo::BuildBracketChain
1196d390	CQualifierMatchInfo::RegisterAllInstances
1196dc10	CEliminateMatchInfo::RegisterAllInstances
1196dff0	CGuildMatchAgainstInfo::GetInfoManager
1196eba0	CGuildMatchAgainstInfo::GetInfoManagerInstance
1196edc0	CGuildMatchAgainstInfo::RegisterAllInstances
1196f640	CFinalGuildMatchRewardInfo::GetInfoManager
1196f6e0	CGuildMatchRewardInfo::GetInfoManager
11970da0	CFinalGuildMatchRewardInfo::GetInfoManagerInstance
11970df0	CGuildMatchRewardInfo::GetInfoManagerInstance
119711e0	CGuildMatchRewardInfo::RegisterAllInstances
119713c0	CFinalGuildMatchRewardInfo::RegisterAllInstances
11973450	CMartGoodsInfo::ForEachGoods
11974270	CMartRankInfo::ForEachRank_Apply
119749e0	CMartCutCardInfo::PreCacheAllInstances
11975630	CEquipUpgradeInfo::ValidateUpgradePaths
11975e90	CTournamentsAwardInfo::GetInfoManager
11975f30	CTournamentsInfo::GetInfoManager
11977720	CTournamentsAwardInfo::GetInfoManagerPtr
11977770	CTournamentsInfo::GetInfoManagerInstance
11977c50	CTournamentsInfo::LinkTournamentSchedule
11977f20	CTournamentsAwardInfo::PreCacheAll
1197a780	CSpoorInfo::InitAllSpoors
1197a8b0	CSpoorGroupInfo::ForEachGroup_11a512b0
1197a9e0	CSpoorPrizeInfo::InitAllPrizes
1197abb0	CSpoorInfo::InitAllSpoors2
1197ace0	CSpoorGroupInfo::ForEachGroup_SpoorInfo
1197ae10	CSpoorPrizeInfo::InitAllPrizes2
1197af40	CSpoorPrizeBonusInfo::PreCacheAllInstances
1197d070	CEquipRandPassiveSkillActivateSetInfo::ForEachSet_11a520a0
1197e100	CItemDecomposeInfo::ForEachRecipe_11a529e0
1197e250	CItemDecomposeInfo::ForEachRecipe_11a52950
1197f890	CSculptureLibInfo::GetInfoManager
119809c0	CSculptureLibInfo::GetCachedInfoManager
11980c30	CSculptureInfo::ForEachSculpture_Call11a54280
11980d60	CSculptureLibInfo::ForEachEntry_A
11980f00	CSculptureInfo::ForEachSculpture_InitLib
11981030	CSculptureLibInfo::ForEachEntry_LinkSculpture
11984c10	CPlayerLvAppraisalRewardInfo::FindInfoByKey
11986ae0	CPlayerLvAppraisalRewardInfo::GetDefaultInfo
11987540	CMHLevelInfo::PruneInvalidItemDropEntries
1198ce90	CCatTreatureInfo::InitAllTreasures
1198e3d0	CMaterialExchangeInfo::PreCacheAll
11999e30	CInDirectPVPInfo::GetInfoManager
1199a9e0	CInDirectPVPInfo::GetInfoManagerPtr
1199ac00	CInDirectPVPInfo::PreCacheAll
119a1290	CLeagueInfo::RefreshLeagueSchedules
119a14f0	CLeagueScoreInfo::PreCacheAll
119a19b0	CLeagueRewardInfo::PreCacheAllInstances
119a1ae0	CPersonalParagraphInfo::PreCacheAll
119adc70	CEquipSuitSkillInfo::RegisterAllSuitSkills
119b0840	CAstrolabeSubjectInfo::RegisterAllInstances
119b0990	CAstrolabeSubjectInfo::RegisterAllInstances2
119b11d0	CAstrolabeTaskPrizeInfo::ForEachPrize_A
119b1320	CAstrolabeTaskPrizeInfo::ForEachPrize_B
119b1650	CAstrolabeStarInfo::GetInfoManager
119b22f0	CAstrolabeStarInfo::GetCachedInfoManager
119b24c0	CAstrolabeStarInfo::ForEachStar_A
119b2640	CAstrolabeStarInfo::ForEachStar_B
119b4090	CWildHuntTaskRatioInfo::InitAllRatios
119b41e0	CWildHuntTaskRatioInfo::InitAllRatios2
119b4a80	CWeaponRecycleInfo::RegisterAllInstances
119b4bd0	CWeaponRecycleInfo::RegisterAllInstances2
119b7a20	CRandomWeaponRandBaseInfo::PreCacheAllInstances
119b7b50	CRandomWeaponRandScoreInfo::PreCacheAll
119b7c80	CRandomWeaponAbilityInfo::PreCacheAll
119b7db0	CRandomWeaponAddonGroupInfo::PreCacheAll
119b91c0	CMonolopyInfo::ForEachTile_A
119b9310	CMonolopyInfo::ForEachTile_LinkItem
119b9b90	CMonolopyCostInfo::RegisterAllInstances
119b9ce0	CMonolopyCostInfo::RegisterAllInstances2
119ba010	CMonolopyMonsterLibInfo::GetInfoMgrByName
119bac50	CMonolopyMonsterLibInfo::GetInfoMgrCached
119bae80	CMonolopyMonsterLibInfo::ForEachLib_11a78f60
119bb000	CMonolopyMonsterLibInfo::ForEachLib_BlockCollect
119bbd00	CMonolopyBlockInfo::ForEachBlock_11a79110
119bbe50	CMonolopyBlockInfo::ForEachBlock_11a79100
119bc690	CMonolopyRoundPrizeInfo::RegisterAllInstances
119bc7e0	CMonolopyRoundPrizeInfo::RegisterAllInstances2
119be450	CSoulStoneStageUpInfo::RegisterAllInstances
119be5a0	CSoulStoneStageUpInfo::RegisterAllWithSoulStoneAttr
119bf530	CSoulBeastInfo::ForEachBeast_116ebb60
119c1390	CIllustrateBookInfo::ForEachRunIllustrateTask
119c20d0	CIllustrateTaskInfo::RefreshAllTasks
119c2220	CIllustrateTaskInfo::RebuildTaskState
119c7e50	CAchieveLibInfo::ForEachAchieve_11a81640
119c7fa0	CAchieveLibInfo::ForEachAchieve_Group
119c8840	CAchieveGroupInfo::InitAllGroups
119c8990	CAchieveGroupInfo::LinkAchievesToGroups
119c9230	CAchieveInfo::InitAllAchieves
119c9380	CAchieveInfo::PrecacheAchieveItems
119cb830	CLegendRandomAttrInfo::GetInfoManager
119ccbe0	CLegendRandomAttrInfo::GetInfoManagerPtr
119cced0	CLegendRandomAttrInfo::PreCacheAll
119d5710	CDragonBoxBlackFaceGiftInfo::ForEachGift_11a87c10
119d5860	CDragonBoxBlackFaceGiftInfo::ForEachGift_ItemBase
119d88b0	CTaskInfo::MatchesFilter
119d88e0	CTaskInfo::ScoreTaskMatch
119d8a50	CTaskInfo::SelectBestMatchingTask
119d8c40	CTaskSeriesInfo::InitSeries
119dac50	CPianShouWeaponInfo::FindInfoByKey
119daf00	CPianShouWeaponInfo::GetDefaultInfo
119db4f0	CSwordWeaponInfo::FindInfoByKey
119db760	CSwordWeaponInfo::GetDefaultInfo
119dbe10	CTadaoWeaponInfo::FindInfoByKey
119dc0f0	CTadaoWeaponInfo::GetDefaultInfo
119e6e10	CMonsterInfo::GetInfoManagerOrDefault
119ec430	CMHLevelInfo::CollectLevelsByKey
119f3f10	CMHLevelInfo::ValidateItemRefs
119f4720	CLevelEnSubGroupInfo::EnsureItemInfoForRewards
119f5090	CLevelIDGroupInfo::StampGroupOnMemberLevels
119f5dc0	CEquipInfo::EnsureReferencedManagers
119f6d40	CHuntingBoxInfo::EnsureMgrForList
119fa060	CItemRefWalker::PrecacheVector_14x14
119fad30	CNewPlayerInfo::ApplyToTarget
11a008c0	CMHLevelInfo::TouchLevelRefs
11a011c0	CCommodityGroupInfo::GetManagerSingleton
11a02fc0	CItemRefWalker::PrecacheArray_60
11a054b0	CItemRefWalker::PrecacheIfType3
11a05a60	CGuildResourceInstituteInfo::CollectTiersByThreshold
11a05d90	CGuildQuestPrizeInfo::CollectByQuestId
11a06250	CGuildTradeInstituteInfo::CollectByLevel
11a06580	CGuildRandCommodityInfo::CollectCommoditiesByLevel
11a068b0	CGuildTradeInstituteInfo::EnsureManagerLoaded
11a06c20	CDragonBoxInfo::GetItemBaseInfoMgr
11a07860	CItemRefWalker::PrecacheTree_1c
11a08370	CMHLevelInfo::GetInfoManager_11a08370
11a0c290	CItemRefWalker::PrecacheTwoTrees_1c_2c
11a0cce0	CItemRefWalker::PrecacheTwoTrees_1c_2c_b
11a185c0	CItemRefWalker::PrecacheSlots5_14
11a193b0	CBuffInfo::ValidateCrossInfoReferences
11a1a130	CPetSkill::PrecacheRefs
11a1b510	CPetAvatarInfo::GetOrCreateDefaultInfo
11a1ba20	CPetSupportBuff::ApplyFromInfo
11a1d050	CNpcAtdPrefersInfo::FindByAtdId
11a21800	CBuffInfo::ValidateBuffListStride18
11a33cc0	CGiftBagInfo::CollectGiftBagsByKey
11a33cd0	CGiftBagInfo::CollectGiftBagsByKey
11a389b0	CMonsterInfo::PrecacheActionDependencies
11a396b0	CBuffInfo::ValidateBuffPresence
11a39890	CBuffInfo::ReadConfigAttributes
11a3c750	CBuffInfo::ValidateReferencedBuffs
11a3de10	CTutorialCounterInfo::FindInfoByKey
11a3e180	CTutorialCounterInfo::GetDefaultInfo
11a42f70	CTaskInfo::ValidateConditionRef
11a45200	CNpcSale::PrepareAndGetItemManager
11a484b0	CBuffInfo::AreAllSlotBuffsValid
11a4aaa0	CMHLevelInfo::GetInfoManager_11a4aaa0
11a4b300	CMHLevelInfo::EnsureMatchManagersThenGet
11a4c3f0	CGuildMatchReward::PrecacheItems
11a4c5a0	CItemRefWalker::PrecacheVector_1c_x10
11a4f360	CTournamentsInfo::PrecacheTournamentRewards
11a51150	CSpoorInfo::CollectSpoorsByGroup
11a53910	CSculptureInfo::CollectByLibId
11a540b0	CSculptureLibInfo::GetManagerForEntry
11a5a350	CWeaponTutorialInfo::GetTutorialByWeapon
11a5a4c0	CWeaponTutorialInfo::GetWeaponByTutorial
11a5a610	CWeaponTutorialInfo::HasTutorial
11a5ab30	CPlayerLvRewardMiniGroupInfo::GetInfoManager
11a5b180	CPlayerLvRewardMiniGroupInfo::GetInfoManagerInstance
11a5b2f0	CPlayerLvRewardMiniGroupInfo::RegisterAllInstances
11a5de80	CLevelEnGroupInfo::EnsureManagerLoaded
11a61130	CItemRefWalker::PrecacheTree_1c_b
11a67cd0	CXHunterInfo::GetInfoManager
11a67e80	CXHunterInfo::GetValueByLevel
11a68020	CXHunterInfo::GetInfoManagerPtr
11a6b7f0	CMHLevelInfo::ApplyLeagueScheduleDetail
11a72ef0	CBattlePunishLevelFilterInfo::GetInfoManager
11a72f90	CBattlePunishLevelModeFilterInfo::GetInfoManager
11a73340	CBattlePunishLevelFilterInfo::GetInfoManagerInstance
11a73390	CBattlePunishLevelModeFilterInfo::GetInfoManagerInstance
11a73430	CBattlePunishLevelFilterInfo::RegisterAllInstances
11a73580	CBattlePunishLevelModeFilterInfo::RegisterAllInstances
11a76dc0	CAstrolabeStarInfo::BuildStarIndexTables
11a78530	CMonolopyInfo::ComputeMaxTileIndex
11a78660	CItem::GetBaseInfoIfEquipType
11a78c50	CMonolopyInfo::ComputeMaxTileIndex_dup
11a78e00	CMonolopyBlockInfo::CollectBlocksByGroup
11a7b9c0	SoulStoneAttrIndex::GetBucket
11a7c100	CSoulStoneAttrInfo::CollectAttrsForEntity
11a814e0	CAchieveGroupInfo::CollectGroupsByKey
11a81ac0	CAchieveInfo::CollectAchievesByGroup
11a82370	CHunterStarStat::PrepareAndGetManager
11a82540	CAchieveLibInfo::FindMatchingAchieve
11a87b20	CItemBaseInfo::GetManagerSingleton_dup1
11a880c0	CItemBaseInfo::GetManagerSingleton_dup2
11a88ba0	CHunterChallengeCardInfo::CollectMatchingCards
11a89331	RandRange
123f4dd5	CBuffInfo::GetInfoManagerSingleton_thunk_corrupt
