100f0660	DebugLog::InitFromCfg
100f1630	DebugLog::ApplyChannelVerbosity
10115840	TdrDump::GuildTeamHeader
10119dc0	TdrDump::GuildWarHistoryInfo
1011a320	TdrDump::CommerceGuild_seh
1011a400	TdrDump::CommerceGuild
1011ad50	TdrDump::CommerceGrabInfo
1011b670	TdrDump::CommerceBoat
1011cf20	TdrDump::GuildCommerceData
1012c700	TdrDump::GuildLeagueTeam
1012f670	TdrDump::CommerceTimeout_seh
1012f750	TdrDump::CommerceTimeout
10151940	TdrDump::NameGuildClan
1016bdf0	TdrDump::FriendRoleInfo
1016f9d0	TdrDump::OtherGuildNews
10170a60	TdrDump::GuildContributionData
10171270	TdrDump::MailSendStats
10233a10	TdrDump::RoleFullInfo
10248de0	TdrDump::FactionSoulWarData
1028c1f0	TdrDump::MatchRoleInfo
1028c660	TdrDump::GuildWarLevelParams
10299020	TdrDump::MailFlag_seh
102990c0	TdrDump::MailFlag
1029b0a0	TdrDump::FactionStatResult
1029bcf0	TdrDump::InstanceHuntResult
1029dd80	TdrDump::GuildId_seh
1029de00	TdrDump::GuildId
1029de30	TdrDump::GuildId_toStr
1029dec0	TdrDump::GuildId_toBuf
1029e360	TdrDump::GuildId_seh_b
1029e3e0	TdrDump::GuildId_b
1029e410	TdrDump::GuildId_toStr_b
1029e4a0	TdrDump::GuildId_toBuf_b
102add90	TdrDump::CatCarInfo
102b38f0	TdrDump::Faction_seh
102b3970	TdrDump::Faction
102b39a0	TdrDump::Faction_toStr
102b3a30	TdrDump::Faction_toBuf
102b3c20	TdrDump::NetIdFaction_seh
102b3cc0	TdrDump::NetIdFaction
102b7db0	TdrDump::FriendRoleInfo_b
102d2730	TdrDump::RevivePointCatCar
102d5b00	TdrDump::ChatSpeakData
102fe8c0	TdrDump::SocialInfo
1033ac40	TdrDump::GuildBriefInfo
1033c260	TdrDump::GuildApplyEntry
1033c9e0	TdrDump::GuildIdTimestamp_seh
1033ca80	TdrDump::GuildIdTimestamp
1033ce20	TdrDump::CommerceGrabInfo_b
1033d250	TdrDump::CommerceBoat_b
1033d840	TdrDump::GuildCommerceActivity
103407f0	TdrDump::CommoditySalesShort
10340ba0	TdrDump::CommerceTimeout_c
10343ad0	TdrDump::GuildNote_seh
10343b70	TdrDump::GuildNote
10344d80	TdrDump::Guild_seh
10344e00	TdrDump::Guild
10344e30	TdrDump::Guild_toStr
10344ec0	TdrDump::Guild_toBuf
103450c0	TdrDump::GuildReason_seh
10345160	TdrDump::GuildReason
103456c0	TdrDump::Guilder_seh
10345740	TdrDump::Guilder
10345770	TdrDump::Guilder_toStr
10345800	TdrDump::Guilder_toBuf
103459b0	TdrDump::Guilder_seh_b
10345a30	TdrDump::Guilder_b
10345a60	TdrDump::Guilder_toStr_b
10345af0	TdrDump::Guilder_toBuf_b
10345db0	TdrDump::GuilderNote_seh
10345e50	TdrDump::GuilderNote
103481a0	TdrDump::Guilder_seh_c
10348220	TdrDump::Guilder_c
10348250	TdrDump::Guilder_toStr_c
103482e0	TdrDump::Guilder_toBuf_c
10349690	TdrDump::Guilder_seh_d
10349710	TdrDump::Guilder_d
10349740	TdrDump::Guilder_toStr_d
103497d0	TdrDump::Guilder_toBuf_d
10349980	TdrDump::Guilder_seh_e
10349a00	TdrDump::Guilder_e
10349a30	TdrDump::Guilder_toStr_e
10349ac0	TdrDump::Guilder_toBuf_e
1034cc50	TdrDump::Guild_seh_b
1034ccd0	TdrDump::Guild_b2
1034cd00	TdrDump::Guild_toStr_b
1034cd90	TdrDump::Guild_toBuf_b
1034dab0	TdrDump::GuildListPage
1034fef0	TdrDump::GuilderPaging_seh
1034ff90	TdrDump::GuilderPaging
103502e0	TdrDump::GuilderListPage
10355a70	TdrDump::CommerceGuildId_seh
10355b10	TdrDump::CommerceGuildId
10355f80	TdrDump::CommoditySalesFull
103573b0	TdrDump::DragonBoat
10358ea0	TdrDump::CommerceInfoShort
103592c0	TdrDump::CommerceInfoList
103595e0	TdrDump::GuildId_seh_c
10359660	TdrDump::GuildId_c
10359690	TdrDump::GuildId_toStr_c
10359720	TdrDump::GuildId_toBuf_c
1035a070	TdrDump::GuildBoatList
1035abf0	TdrPack_CommerceGood
1035ac90	TdrFmtField_CommerceGood
1035b3e0	TdrFmtField_GuildBrief
1035c6a0	TdrPack_GuildIdList
1035ca60	TdrPack_GuildIdList_dup
1035e290	TdrFmtField_GuildCommerceStamp
1037b560	TdrFmtField_NameGuildValArg
10388330	TdrPack_FrienderList
1038de20	TdrPack_FriendlyValue
1038dec0	TdrFmtField_FriendlyValue
103a2de0	TdrFmtField_LeagueMatchTeam
103ae4e0	TdrFmtField_MailHead
103aead0	TdrDbgFmt_MailHeadMemo
103b22d0	TdrFmtField_MailPosTypeWhy
103b27c0	TdrFmt_MailListNotify
103b4d00	TdrPack_MailTypeAndId
103b4db0	TdrFmtField_MailTypeAndId
103b54d0	TdrPack_MailIdErrMsg
103b5570	TdrFmtField_MailIdErrMsg
103b5f00	TdrPack_MailId_A
103b5f80	TdrFmtField_MailId_A
103b5fb0	TdrUnpackToStr_MailId_A
103b6040	TdrUnpackToBuf_MailId_A
103b61f0	TdrPack_MailId_B
103b6270	TdrFmtField_MailId_B
103b62a0	TdrUnpackToStr_MailId_B
103b6330	TdrUnpackToBuf_MailId_B
103b65f0	TdrPack_MailIdErrMsg_B
103b6690	TdrFmtField_MailIdErrMsg_B
103b71d0	TdrPack_MailAccessoryDelReq
103b75e0	TdrFmtField_MailAccessoryOp
103b79c0	TdrFmtField_MailAccessoryResult
103b7e00	TdrFmt_MailNotify
103b80f0	TdrPack_MailId_C
103b8170	TdrFmtField_MailId_C
103b81a0	TdrUnpackToStr_MailId_C
103b8230	TdrUnpackToBuf_MailId_C
103b8430	TdrPack_MailIdResult_A
103b84d0	TdrFmtField_MailIdResult_A
103b8eb0	TdrFmtField_MailRemind
103b9140	TdrPack_MailId_D
103b91c0	TdrFmtField_MailId_D
103b91f0	TdrUnpackToStr_MailId_D
103b9280	TdrUnpackToBuf_MailId_D
103b9480	TdrPack_MailIdResult_B
103b9520	TdrFmtField_MailIdResult_B
103b9890	TdrFmtField_MailCountSummary
103ba400	TdrPack_MailIdList
103ba720	TdrPack_MailIdResult_C
103ba7c0	TdrFmtField_MailIdResult_C
103ca230	TdrFmtField_LeagueApply
103ca4e0	TdrPack_GuildId_A
103ca560	TdrFmtField_GuildId_A
103ca590	TdrUnpackToStr_GuildId_A
103ca620	TdrUnpackToBuf_GuildId_A
103ca8e0	TdrFmt_GuildSoulCurrency
103dc0a0	TdrPack_ClanerId_A
103dc120	TdrFmtField_ClanerId_A
103dc150	TdrUnpackToStr_ClanerId_A
103dc1e0	TdrUnpackToBuf_ClanerId_A
103dc390	TdrPack_ClanerId_B
103dc410	TdrFmtField_ClanerId_B
103dc440	TdrUnpackToStr_ClanerId_B
103dc4d0	TdrUnpackToBuf_ClanerId_B
103dc780	TdrPack_ClanerIdNote
103dc820	TdrFmtField_ClanerIdNote
103dd070	TdrPack_ClanId_A
103dd0f0	TdrFmtField_ClanId_A
103dd120	TdrUnpackToStr_ClanId_A
103dd1b0	TdrUnpackToBuf_ClanId_A
103dd3b0	TdrPack_ClanIdReason
103dd450	TdrFmtField_ClanIdReason
103ddae0	TdrPack_LeagueLevelList_A
103de7d0	TdrPack_LeagueType
103de850	TdrFmtField_LeagueType
103de880	TdrUnpackToStr_LeagueType
103de910	TdrUnpackToBuf_LeagueType
103deee0	TdrPack_LeagueLevelList_B
103df6f0	TdrPack_ClanName
103df760	TdrFmtField_ClanName
103df780	TdrUnpackToStr_ClanName
103df800	TdrUnpackToBuf_ClanName
103e2c60	TdrFmt_GuildRankInfo
103e4a50	TdrFmtField_NameGuildIntegral
10414da0	TdrPack_FactionAgree
10414e50	TdrFmtField_FactionAgree
104d92b0	CLeagueInfo::LookupById
104e4f00	CNpcGiftUI::BuildGiftList
10521420	CSoulBeastView::RegisterScriptMethods
107eca30	CPlayerTaskView::RegisterScriptMethods
107eef70	CPlayerTaskView::BuildTaskDetailModel
107f0840	NpcFriendModel::BuildNpcFriendDetailVO
107f2330	TaskModel::BuildTaskDetailVO
107f4680	NpcOrgModel::BuildNpcOrgListVO
1081f440	MailModel::RegisterModelCallbacks
1081f560	MailController::RegisterCommands
10820820	MailModel::BuildInboxDataVO
10820e60	MailModel::BuildFriendNameListVO
10821390	MailModel::BuildMailReaderVO
108259e0	FriendController::RegisterCommands
10825e70	FriendController::NotifyFriendOnlineStateChange
10825ed0	FriendListModel::RegisterCommands
10825f60	FriendListModel::BuildFriendListVO
10834d00	GameSettings::ApplyDisplayPreset
10835cb0	CMHUI_Settings::BuildClientSettingsVO
10836b50	CMHUI_Settings::ApplyClientSettingsVO
10840690	CMHUI_Trade::BuildFriendSaleItemVO
10863ab0	CMHUI::BuildPlayerBasicVO
10895a20	CMHUI_Chat::RegisterGetChatMessCallback
10895af0	CMHUI_Chat::PushChatMessageToUI
10896e80	CMHUI_Chat::GetChatAlpha
10896ed0	CMHUI_Chat::SetChatAlpha
108a3ee0	CMHUI_Depot::OnUnionGuildItemDrop
108ae290	CMHUI_HunterGroup::InitSubModel
108ae990	CMHUI_HunterGroup::BuildGuildTitleArrayVO
108b0070	CMHUI_HunterGroup::OnTitleSettingSubmit
108b0970	CMHUI_HunterGroup::InitModel
108b3300	CMHUI_HunterGroup::BuildGuildDetailVO
108b38a0	CMHUI_HunterGroup::BuildGroupMemberListVO
108b4790	CMHUI_HunterGroup::BuildSearchGroupListVO
108ca7e0	CMHUI_Task::BuildTaskDetailVO
108e1f60	CFriendFarmModel::InitModel
108e25d0	CFriendFarmModel::BuildFriendFarmListVO
108e3340	CFriendFarmModel::BuildEnterFarmVO
108f2f20	CLeagueInfo::GetEntryByIndex
108f2fb0	CLeagueInfo::ReleaseManager
108f3050	CLeagueRoundSchedule::GetManagers
108f30f0	CLeagueRoundSchedule::GetEntryByIndex
108f3180	CLeagueRoundSchedule::ReleaseManager
108f32b0	CLevelEntrustUI::RegisterScriptCallbacks
108f6f70	CLevelEntrustUI::BuildGuildInstanceMemberVO
10900850	CTeamMatchUI::RegisterScriptCallbacks
109094c0	CPvpLevelUI::BuildPvpStageScoreVO
10912f00	CLevelMatchUI::RegisterScriptCallbacks
1091a630	CGuildLeagueUI::SendGuildMatchSignUpListReq
1091a8a0	CGuildLeagueUI::BuildLeagueRegistrationVO
1091c340	CGuildUnlockUI::BuildUnlockDataVO
1091f090	CGuildTaskUI::RegisterGetGuildTaskData
1091f100	CGuildTaskUI::BuildGuildTaskDataVO
10924360	CSystemShortcutUI::RegisterCallbacksAndBuildActionBarVO
10929840	CPvpFactionModel::InitModels
1092b8f0	CPvpFactionModel::RegisterPlayerCallbacks
1092ba00	BattleTeamInvitePlayerInfoVO::Build
1092be80	BattleTeamBoxMemberVO::Build
1093d680	BattleTeamClanModel::RegisterHandlers
1093e680	BattleTeamModel::HasClan
1093faf0	BattleTeamModel::OnClanInviteReceived
10940ee0	GuildLeagueMatchModel::RegisterHandlers
10941ab0	GuildQualifierListVO::BuildByPage
109420b0	GuildMatchTeamListVO::Build
10942a00	GuildLeagueModel::OnLeagueRespond
10944610	CGuildMatchInfo::GetRecordById
10946980	MailGiftBoxReaderVO::Build
10956f40	TeamMemberInfoVO::Build
10968af0	CGuildTipsInfo::GetManager
1096e6d0	NearbyPlayerListVO::Build
1096eaa0	FriendListVO::Build
10974590	GuildInstanceModel::RegisterHandlers
10976560	GuildInstanceModel::FetchGuildKnockoutRemainSeconds
10981e80	IpvpAttackInfoPlayerDataVO::Build
10985850	PvpBattleLeagueListVO::Build
109af720	ChatModel::RegisterHandlers
109afd60	ChatMessageVO::Build
109b87d0	PopChatModel::RegisterHandlers
109b8b70	PopChatDataVO::Build
109deac0	FactionBattleScoreVO::Build
109e0950	GuildActivityTaskInfoVO::Build
109e13d0	GuildTaskDetailVO::Build
109f58d0	CCommerceBoatInfo::GetRecordById
109f5a80	CCommerceInfo::GetRecordById
109f6970	HunterGroupShipView::BuildTransportShipData
109f7090	HunterTeamBattleView::BuildSimplePlayerShipList
109f7ad0	HunterTeamBattleView::BuildPlayerShipEntries
109f8330	GuildSearchView::BuildGuildNameList
10a8cb00	CombatStatsRecord::EmitPlayTimeStats
10b5bdc0	ChatCommandPanel::ctor_RegisterHandlers
10c308c0	ProjectileExplosionParams::Serialize
10e06bf0	NamePad::UpdateRelationColorAndStars
10e4bce0	GetGuildInfo::InitRmiDescriptor
10e5cc70	FactionTriggerNode::InitSchema
10e90480	FactionNode::InitSchema
1103d2d0	GameRules::RegisterScriptRmis
11043df0	GameRules::RegisterChatAndMessageEnums
110fa850	Weapon::CheckFriendlyFireRay
11106330	Weapon::IsFriendlyFireBlocked
111743d0	CCommerceBoatInfo::GetRecordByIndex
11174440	CCommerceInfo::GetRecordByIndex
11175b20	CGuildMatchInfo::SetMatchStateAndNotify
111765f0	CGuildMatchInfo::SetMatchState
111e3320	CChatTabInfo::GetRecordById
111e3370	CChatTabInfo::GetRecordByIndex
111f2d90	CGuildQuestPrizeInfo::GetRecordById
111f2de0	CGuildRandCommodityInfo::GetRecordById
111f2e40	CGuildTaskGroupInfo::GetRecordById
111f2e90	CGuildTaskLibInfo::GetRecordById
11260f90	GuildChat::ShowGuildNameOrNoGuildPrompt
1145e690	CGuildCommodityUnlockInfo::IsCommodityUnlocked
1145eed0	CGuildCommodityUnlockInfo::GetManagerTailcall
1145f170	CGuildCommodityUnlockInfo::GetRecordById
1145f1c0	CGuildCommodityUnlockInfo::GetRecordById_dup
114891e0	GuildMatchSchedule::LoadTripleInfo
114896e0	GuildMatchSchedule::ComputeRoundOffsets
114a6a70	CGuildTaskInfo::IsTaskAvailableForGuild
114a8660	CGuildTaskInfo::GetRecordById
114a9ad0	GuildTaskState::LoadFromPacket
114f7270	CGuildTitleInfo::GetTitleValueOrDefault
114f74f0	CGuildTitleInfo::GetRecordById
114f7a70	CGuildTitleInfo::GetTitleName
115b7980	LeaguePersonalParagraph::TryAdvance
115d00c0	CFactionInfo::GetRecordById
116173a0	CGuildTaskInfoWrapper::ctor
11617b20	CGuildTaskRef::Init
11629520	CGuildTitleRef::Resolve
1171c640	CGuildMatchInfo::GetRecordByIndex
1171e080	GetConfig_GuildWar
1171e0b0	GetConfig_GuildWarConst
1171e0e0	RanCommerceCount::ctor
1171ed30	GetConfig_Guild
117341a0	GetConfig_GuildMatch
1177f430	SoulBeastSocialActionDef::ctor
1177fc70	TaskGuildCelebrationScoreDef::ctor
1177fca0	TaskGuildLevelContentDef::ctor
1177fcd0	TaskGuildPrizeDef::ctor
11781110	SoulBeastSocialActionDef::ctor_dup
11781950	TaskGuildCelebrationScoreDef::ctor_dup
11781980	TaskGuildLevelContentDef::ctor_dup
117819b0	TaskGuildPrizeDef::ctor_dup
11784c80	TaskFilterDef_CountIsFriend::Load
11784ce0	TaskFilterDef_CollectionCountIsFriend::Load
117854b0	TaskFilterDef_Guild::Load
117d6be0	CGuildTaskLibInfo::GetRecordByIndex
117d6f40	TaskGuildLevelContentDef::LoadFromXml
117d7b00	GetConfig_GuildCelebration
117f87a0	MailConfig_MaxAccMailSendTimes::ctor
11840d90	CLeagueSchedule::GetManagerSingleton
11842860	CLeagueSchedule::GetRecordByIndex
118428c0	CLeagueScoreInfo::GetRecordByIndex
11842920	CLeagueSchedule::GetManagerSingletonRaw
11842f20	LeagueScheduleQuery::CollectPlayerSchedulesAndScores
118a60f0	CGuildTaskCondition::AllocByTypeName
118a8e90	CGuildTaskInfo::HasTaskInGroupById
118a8f10	CGuildTaskInfo::GetByIndex
118a8f90	CGuildTaskInfo::FindTaskInGroupById
1190a480	CGuildTitleInfo::GetByIndex
1190c0c0	CGuildTaskGroupInfo::GetByIndex
1190d950	CGuildQuestLevelInfo::GetByIndex
1190d9b0	CGuildQuestPrizeInfo::GetByIndex
119101d0	CGuildResourceInstituteInfo::GetByIndex
11910230	CGuildTradeInstituteInfo::GetByIndex
11925260	FriendlyInfo::GetFieldDescriptor
1194c640	CClanLevelInfo::GetByIndex
11965830	CGuildRandCommodityInfo::GetByIndex
1196c160	ChatTabInfo::GetFieldDescriptor
1196c250	CChatTabInfo::ReadRow
1196ea50	CGuildMatchAgainstInfo::GetByIndex
11983470	GuildTipsInfo::GetFieldDescriptor
1199e640	CLeagueDetail::GetManagers
119a0850	CLeagueDetail::GetByIndex
119a0d90	CLeagueDetail::GetManagerOrNull
119a13c0	CLeagueDetail::ForEachApply
119a1620	CLeagueSchedule::ForEachBuildRounds
119a1750	CLeagueRoundSchedule::ForEachApplyToLevel
119d09b0	GuildWarConfig::GetField_357c
119d0a40	CommerceBoatInfo::GetFieldDescriptor
119d0f80	GuildWarConfig::GetField_35a8
119d1050	CommerceInfo::GetFieldDescriptor
119d1b50	GuildWarConfig::GetField_35f4
119d1d50	CommerceGrabTimeInfo::GetFieldDescriptor
11a03200	CGuildTaskInfo::ReadRow
11a15280	CFriendlyInfo::ReadRow
11a6afa0	CLeagueDetail::GetById
11a6b000	CLeagueSchedule::GetById
11a6c4f0	CLeagueRoundSchedule::GetById
11a6cdb0	CLeagueRoundSchedule::TouchManager
11a74910	CLeagueDetail::ReadRow
