102ce8a0	CItemContainer::TdrTextFormat
102debc0	CPlayerAppearance::TdrTextFormat
102e6660	TlvItemSlotResult::TdrTextFormat
103284f0	TlvItemTypeSlot::TdrTextFormat
10329240	TlvItemIdSlot::TdrTextFormat
10329a30	TlvMoveItemReq::TdrTextFormat
10329e00	TlvMoveItemReq2::TdrTextFormat
1032a200	TlvSwapItemReq::TdrTextFormat
1032aec0	TlvSwapItemReqB::TdrTextFormat
1032b2e0	TlvSwapItemReqC::TdrTextFormat
1032b720	TlvSplitItemReq::TdrTextFormat
1032bb50	TlvSplitItemReqB::TdrTextFormat
1032bf20	TlvItemLocCount::TdrTextFormat
1032cfa0	TlvTidyInventoryReq::TdrTextFormat
1032d540	TlvItemLocListReq::TdrTextFormat
1032da90	TlvUseItemReq::TdrTextFormat
1032de70	TlvItemCountReq::TdrTextFormat
1034ac50	TlvItemCountReqB::TdrTextFormat
1034b540	TlvItemLocListReq1000::TdrTextFormat
10353580	TlvItemReasonReq::TdrTextFormat
10353930	TlvMoveItemReqD::TdrTextFormat
10353d30	TlvSwapItemReqD::TdrTextFormat
10354210	TlvItemLocListReq1000B::TdrTextFormat
103e9840	TlvItemLocatorReq::TdrTextFormat
103e9bb0	TlvItemLocatorRsp::TdrTextFormat
103e9f40	TlvItemUpgradeReq::TdrTextFormat
103ea2e0	TlvItemErrLocatorRsp::TdrTextFormat
103ea6e0	TlvTransferAttrReq::TdrTextFormat
103eaba0	TlvTransferAttrRsp::TdrTextFormat
103edf50	TlvCombineItemReq::TdrTextFormat
103ee3b0	TlvItemRetErrRsp::TdrTextFormat
103eeed0	TlvItemCountReqC::TdrTextFormat
103ef260	TlvDyeItemReq::TdrTextFormat
103ef600	TlvDyeItemRsp::TdrTextFormat
103f1500	TlvItemLocatorReqB::TdrTextFormat
103f1870	TlvItemErrLocatorRspB::TdrTextFormat
10412a60	TlvBeastItemReq::TdrTextFormat
1041bfe0	TlvCombineItemReqB::TdrTextFormat
1041c440	TlvItemRetErrRspB::TdrTextFormat
10515860	CPetEquipUI::RefreshPetEquipsUI
1052c520	CItemBoxInfo::GetRecordById
1052c6a0	CItemBoxGroupInfo::GetRecordById
108aca50	CExpandInventorySlotInfo::GetRecordById
108ad830	CExpandStoreHouseSlotInfo::GetRecordById
108b2440	CHunterGroupInventoryUI::RefreshRights
10924ee0	CItemUseHandler::HandleSpecialUseItem
10944780	CInventoryUIController::RegisterCommandHandlers
109e78b0	CWardrobeUIController::RegisterCommandHandlers
109e7dd0	CWardrobe::BuildFashionDataArray
109e82c0	CWardrobe::BuildOwnedFashionList
109e8440	CWardrobe::BuildFashionDataVO
109e8670	CWardrobe::EnterWardrobeIdleState
109e9300	CWardrobeInfo::GetManagerOrDefault
10a4fc50	CPlayerInventoryExtension::~Reset
10a50d10	CActor::GetOrAcquireInventoryExtension
10a50ee0	CPlayerInventoryExtension::Init
10a51440	CPlayerInventoryExtension::PostInitClient
10a53640	CPlayerInventoryExtension::ResetAndReload
10a64f90	CActor::ReleaseInventoryInteractorSlots
10b25320	CItemUseInteraction::TryUseOnTarget
10b63bb0	CGamePauseMenu::RegisterCommandHandlers
10b660a0	CSystemBar::RegisterCommandHandlers
10bf76e0	CPlayer::IsInWardrobeInteractableAnimState
10c4c3c0	CGameStateRecorder::DrawInventoryDebugOverlay
10c96130	CGamePadItemBar::MapActionToUICode
10c978d0	CWardrobe::OnIdleActivity
10d2d3b0	CItemColumnUI::SerializeOpenWidgetMessage
10e0f640	CFlowNode_ActorEvents::GetConfiguration
10e5a160	CFlowNode_UseItemLogic::GetConfiguration
10e73e70	CFlowNode_UseItemLogicEntity::GetConfiguration
10ea7530	CTutorialStep::ReadFromXml
10f69ad0	CWardrobeViewState::OnStateEvent
10f78f70	CGliderFlyState::OnAnimEvent
10f79790	CFlyState::Enter
10f7be10	CWardrobeIdleState::Enter
10f7f490	CUseItemState::OnAnimEvent_PLUseItem
10f7fad0	CEatState::OnAnimEvent_PLUseItem
10fad420	CWardrobeIdleState::OnEnterCallback
10fad480	CWardrobeIdleState::OnLeaveCallback
10fad510	CWardrobeIdleState::OnSignal6Callback
10fb7c30	CPlayerViewState::Exit
10fb8270	CPlayerFSM::LoadWeaponStates
10fd1b60	CPlayerFSM::UpdateWardrobeTimers
10fd5d60	CPlayerFSM::TransitionToIdle
11230460	CItemColumnInfo::GetRecordByIndex
11231b60	CItemColumnUI::OnSlotOperationRequest
113ffb00	CStoreHouse::GetExpandSlotRecordPtr
115226e0	CStoreHouse::GetExpandSlotUnlockValue
1153d200	CSRLItemBoxDescription::Init
1153ebd0	CSRLItemBoxDescription::GetRecordByIndex
116ffe40	CFGModuleOnUseItem::GetManagers
117045f0	CFGModuleOnUseItem::GetRecordByIndex
11704bb0	CFGModuleOnUseItem::GetSingleton
1177f5e0	CSpeakUseItemContentDef::ctor
1177f610	CSpeakUseItemGroupContentDef::ctor
117805a0	CTaskUseItemContentDef::ctor
117812c0	CSpeakUseItemContentDef::ctor_dup
117812f0	CSpeakUseItemGroupContentDef::ctor_dup
11782280	CTaskUseItemContentDef::ctor_dup
118ba760	CUIWidgetFactory::RegisterItemColumn
11923ca0	CItemBoxGroupInfo::GetRecordByIndex
11924470	CItemBoxInfo::GetRecordByIndex
11935c70	CUIWidgetFactory::RegisterOnUseItem
11a088c0	CUIWindowDef::ReadFromXml
