#file	func	addr
mr_000.c	RegisterCombatBehaviorTreeNodes	10a9bc30
mr_000.c	CPetSupportCatSkill::LoadAndPlaySkillAnims	10beff70
mr_000.c	CPlayerAnimGraph::SetupCombatTransitions_TypeB	10f7a080
mr_000.c	CPetActionController::BuildNormalActionStateGraph	10f7a350
mr_000.c	FUN_10f7bb40	10f7bb40
mr_000.c	FUN_10f7bfc0	10f7bfc0
mr_000.c	FUN_10f789a0	10f789a0
mr_000.c	CPlayerAnimGraph::SetupCombatTransitions_TypeA	10f781b0
mr_000.c	FUN_10f79cb0	10f79cb0
mr_000.c	CFlyState::Enter	10f79790
mr_000.c	FUN_10f7eaf0	10f7eaf0
mr_000.c	FUN_10f7fb80	10f7fb80
mr_000.c	FUN_10f7fcf0	10f7fcf0
mr_000.c	FUN_10f7fee0	10f7fee0
mr_000.c	FUN_10f7f580	10f7f580
mr_000.c	FUN_10f7caa0	10f7caa0
mr_000.c	FUN_10f7c3b0	10f7c3b0
mr_000.c	FUN_10f7db40	10f7db40
mr_000.c	CPetActionController::BuildCombatIdleStateGraph	10f7d410
mr_000.c	FUN_10f72c60	10f72c60
mr_000.c	FUN_10f73320	10f73320
mr_000.c	FUN_10ff0890	10ff0890
mr_000.c	FUN_10f70800	10f70800
mr_000.c	FUN_10f70b00	10f70b00
mr_000.c	FUN_10f70520	10f70520
mr_000.c	FUN_10f71d30	10f71d30
mr_000.c	CPlayerRage_PL05::EnterRageShoot	10ff1200
mr_000.c	CPetActionController::RegisterActionStates	10f769c0
mr_000.c	FUN_10f75060	10f75060
mr_000.c	FUN_10d68ed0	10d68ed0
mr_000.c	CPlayerRageRush::EnterRageRushToIdle	10fee5b0
mr_000.c	FUN_10f6fe20	10f6fe20
mr_000.c	FUN_10fef020	10fef020
mr_000.c	FUN_10fef560	10fef560
mr_000.c	FUN_10f6c8f0	10f6c8f0
mr_000.c	FUN_10d67820	10d67820
mr_000.c	CPlayerAnimGraph::RegisterStateTransitions	10fd99c0
mr_000.c	CPlayerFSM::TransitionToIdle	10fd5d60
mr_000.c	FUN_10fd5fe0	10fd5fe0
mr_000.c	FUN_10f4a9c0	10f4a9c0
mr_000.c	FUN_10fc3a60	10fc3a60
mr_000.c	FUN_10fab840	10fab840
mr_000.c	FUN_10fab4c0	10fab4c0
mr_000.c	FUN_10facbc0	10facbc0
mr_000.c	FUN_10fa2750	10fa2750
mr_000.c	FUN_10fa3860	10fa3860
mr_000.c	CPetLocomotion::OnFallAnimEvent	10fa35e0
mr_000.c	FUN_10fa08d0	10fa08d0
mr_000.c	FUN_10fa0810	10fa0810
mr_000.c	FUN_10fa0510	10fa0510
mr_000.c	FUN_10fa1860	10fa1860
mr_000.c	FUN_10fa1f80	10fa1f80
mr_000.c	FUN_10fa10e0	10fa10e0
mr_000.c	FUN_10fa11a0	10fa11a0
mr_000.c	FUN_10fa43a0	10fa43a0
mr_000.c	FUN_10f988b0	10f988b0
mr_000.c	FUN_10f98a40	10f98a40
mr_000.c	CRageTransmissionState::Enter	10f98d30
mr_000.c	FUN_10f9ea90	10f9ea90
mr_000.c	FUN_10f92a20	10f92a20
mr_000.c	FUN_10f92db0	10f92db0
mr_000.c	FUN_10f92f70	10f92f70
mr_000.c	FUN_10f92060	10f92060
mr_000.c	FUN_10f92250	10f92250
mr_000.c	FUN_10f93f30	10f93f30
mr_000.c	FUN_10f91a80	10f91a80
mr_000.c	FUN_10f91ec0	10f91ec0
mr_000.c	FUN_10f96890	10f96890
mr_000.c	FUN_10f96940	10f96940
mr_000.c	FUN_10f96a20	10f96a20
mr_000.c	FUN_10f96070	10f96070
mr_000.c	FUN_10f96270	10f96270
mr_000.c	FUN_10f963a0	10f963a0
mr_000.c	QuestPresenter::SetupQuestCompleteAnimState	10f964d0
mr_000.c	QuestPresenter::SetupQuestFailAnimState	10f96650
mr_000.c	FUN_10f967a0	10f967a0
mr_000.c	FUN_10f94c00	10f94c00
mr_000.c	FUN_10f94dd0	10f94dd0
mr_000.c	FUN_10f942c0	10f942c0
mr_000.c	FUN_10f94690	10f94690
mr_000.c	FUN_10f958f0	10f958f0
mr_000.c	FUN_10f95d80	10f95d80
mr_000.c	FUN_10f95eb0	10f95eb0
mr_000.c	FUN_10f95270	10f95270
mr_000.c	FUN_10f0a890	10f0a890
mr_000.c	CChargeFallState::Enter	10f8bc00
mr_000.c	FUN_10f8b160	10f8b160
mr_000.c	FUN_10f8b450	10f8b450
mr_000.c	FUN_10f88db0	10f88db0
mr_000.c	FUN_10f89c90	10f89c90
mr_000.c	FUN_10f89310	10f89310
mr_000.c	FUN_10f82850	10f82850
mr_000.c	FUN_10f82b80	10f82b80
mr_000.c	FUN_10f82da0	10f82da0
mr_000.c	FUN_10f82250	10f82250
mr_000.c	FUN_10f80ae0	10f80ae0
mr_000.c	FUN_10f800f0	10f800f0
mr_000.c	FUN_10f80200	10f80200
mr_000.c	FUN_10f81870	10f81870
mr_000.c	FUN_10f81c10	10f81c10
mr_000.c	FUN_10f81d90	10f81d90
mr_000.c	CPetActionController::BuildParapetCliffJumpStates	10f81100
mr_000.c	FUN_10f81730	10f81730
mr_000.c	FUN_10f86f90	10f86f90
mr_000.c	FUN_10f86390	10f86390
mr_000.c	FUN_10f85a60	10f85a60
mr_000.c	CSkillSequence::LoadFromXmlNode	11065d70
mr_000.c	TlvMonsterSkillSyncV2::PrintText	102ed140
mr_000.c	TlvMonsterFullSnapshot::PrintText	102ee200
mr_000.c	FUN_100ebf60	100ebf60
mr_000.c	FUN_10f1e1e0	10f1e1e0
mr_000.c	FUN_10fd7800	10fd7800
mr_000.c	FUN_11069c20	11069c20
mr_000.c	FUN_10849910	10849910
mr_000.c	FUN_10f57490	10f57490
mr_000.c	FUN_10f59ff0	10f59ff0
mr_000.c	FUN_10f63c40	10f63c40
mr_000.c	FUN_10aa6d90	10aa6d90
mr_000.c	FUN_11069b80	11069b80
mr_000.c	FUN_116db560	116db560
mr_001.c	FUN_107d0200	107d0200
mr_001.c	FUN_10f15e70	10f15e70
mr_001.c	FUN_10fb6bf0	10fb6bf0
mr_001.c	FUN_10c3d580	10c3d580
mr_001.c	CNpcSkillPlay::RegisterNodeParams	10aa5760
mr_001.c	FUN_10f17060	10f17060
mr_001.c	FUN_10fd05e0	10fd05e0
mr_001.c	FUN_104753a0	104753a0
mr_001.c	FUN_1046dc90	1046dc90
mr_001.c	FUN_10a4bb60	10a4bb60
mr_001.c	FUN_10f57330	10f57330
mr_001.c	FUN_10268110	10268110
mr_001.c	FUN_10f1e150	10f1e150
mr_001.c	_CIatan2	11a89560
mr_001.c	FUN_10f1e350	10f1e350
mr_001.c	TdrDebugFormat_FloatField_at0xc	102717b0
mr_001.c	FUN_10f57110	10f57110
mr_001.c	FUN_10a9eed0	10a9eed0
mr_001.c	FUN_100d83d0	100d83d0
mr_001.c	atoi	EXTERNAL:00000207
mr_001.c	FUN_11317f30	11317f30
mr_001.c	FUN_10ba1fc0	10ba1fc0
mr_001.c	FUN_107d6b40	107d6b40
mr_001.c	BTNode_CEnableMoveCollision::DescribeParams	10aa1800
mr_001.c	FUN_10f570a0	10f570a0
mr_001.c	FUN_1025bc60	1025bc60
mr_001.c	_stricmp	EXTERNAL:00000204
mr_001.c	FUN_10c3dab0	10c3dab0
mr_001.c	FUN_10d664d0	10d664d0
mr_001.c	FUN_10aa1370	10aa1370
mr_001.c	FUN_10fb5690	10fb5690
mr_001.c	FUN_10fb5990	10fb5990
mr_001.c	FUN_10fdc0a0	10fdc0a0
mr_001.c	FUN_10f7ba00	10f7ba00
mr_001.c	FUN_10f5c510	10f5c510
mr_001.c	FUN_10aa6bc0	10aa6bc0
mr_001.c	FUN_1010c010	1010c010
mr_001.c	FUN_113168d0	113168d0
mr_001.c	FUN_11316b10	11316b10
mr_001.c	FUN_104787d0	104787d0
mr_001.c	FUN_10aa2420	10aa2420
mr_001.c	FUN_10aa5d50	10aa5d50
mr_001.c	FUN_10f58fc0	10f58fc0
mr_001.c	FUN_10f994e0	10f994e0
mr_001.c	TdrText_FieldLabelChar	1024a1e0
mr_001.c	FUN_10aa40c0	10aa40c0
mr_001.c	FUN_10aa65c0	10aa65c0
mr_001.c	FUN_10fd05d0	10fd05d0
mr_001.c	FUN_10f5b8d0	10f5b8d0
mr_001.c	FUN_100b62c0	100b62c0
mr_001.c	FUN_10f3a580	10f3a580
mr_001.c	FUN_10f1e300	10f1e300
mr_001.c	FUN_10aa2990	10aa2990
mr_001.c	FUN_10aa5c00	10aa5c00
mr_001.c	FUN_1048b080	1048b080
mr_001.c	FUN_113980d0	113980d0
mr_001.c	FUN_11071600	11071600
mr_001.c	FUN_104f6f60	104f6f60
mr_001.c	FUN_10f595c0	10f595c0
mr_001.c	FUN_1053b770	1053b770
mr_001.c	FUN_110b1ad0	110b1ad0
mr_001.c	FUN_10f61a70	10f61a70
mr_001.c	FUN_10f02dc0	10f02dc0
mr_001.c	FUN_10f69a40	10f69a40
mr_001.c	FUN_10ef9bd0	10ef9bd0
mr_001.c	FUN_10efa230	10efa230
mr_001.c	FUN_1106c030	1106c030
mr_001.c	_strlwr	EXTERNAL:000001f1
mr_001.c	FUN_102a4760	102a4760
mr_001.c	TdrDebugFormat_VarsList16	10273da0
mr_001.c	TdrText_ArrayElemLabel	1024a230
mr_001.c	TdrText_ArrayHeader	1024a3b0
mr_001.c	FUN_102713d0	102713d0
mr_001.c	FUN_1053b850	1053b850
mr_001.c	CPetSupportCatSkillInfo::FindSkillEntryByKey	10bf1a20
mr_001.c	FUN_10aa3650	10aa3650
mr_001.c	FUN_10fb8080	10fb8080
mr_001.c	CPetAddGroupBuff::RegisterNodeParams	10aa5ed0
mr_001.c	FUN_10aa3140	10aa3140
mr_001.c	FUN_10fdbb90	10fdbb90
mr_001.c	FUN_10f61a80	10f61a80
mr_001.c	FUN_10f19240	10f19240
mr_001.c	FUN_102850c0	102850c0
mr_001.c	FUN_107d6b80	107d6b80
mr_001.c	FUN_10fdc220	10fdc220
mr_001.c	FUN_10aa6870	10aa6870
mr_001.c	FUN_10f1e260	10f1e260
mr_001.c	FUN_10fd9890	10fd9890
mr_001.c	FUN_10a4c990	10a4c990
mr_001.c	FUN_11318860	11318860
mr_001.c	FUN_10aa33e0	10aa33e0
mr_001.c	FUN_10aa46b0	10aa46b0
mr_001.c	FUN_10fdc130	10fdc130
mr_001.c	FUN_10849e90	10849e90
mr_001.c	FUN_10f56e60	10f56e60
mr_001.c	FUN_10fd4710	10fd4710
mr_001.c	FUN_10c3d900	10c3d900
mr_001.c	FUN_10f9c060	10f9c060
mr_001.c	FUN_10f1e010	10f1e010
mr_001.c	FUN_10de9ff0	10de9ff0
mr_001.c	TdrDebugFormat_ByteThenFloatSub	10271b90
mr_001.c	FUN_1083ac70	1083ac70
mr_001.c	FUN_10f70f40	10f70f40
mr_001.c	FUN_107d0240	107d0240
mr_001.c	CAvatarInfo::ApplyAppearanceData	10f02190
mr_001.c	FUN_10f59630	10f59630
mr_001.c	FUN_10d67730	10d67730
mr_001.c	FUN_10520070	10520070
mr_001.c	FUN_10a9feb0	10a9feb0
mr_001.c	TdrBuf_PutU8Z	1010c060
mr_001.c	CPetApplyGroupEffect::RegisterFlowNodePorts	10aa61d0
mr_001.c	FUN_10fdb820	10fdb820
mr_001.c	FUN_10f3a2b0	10f3a2b0
mr_001.c	FUN_1052c870	1052c870
mr_001.c	FUN_10516930	10516930
mr_001.c	TdrText_FieldScalar	1024a290
mr_001.c	FUN_11a894ef	11a894ef
mr_001.c	FUN_10f1e0a0	10f1e0a0
mr_001.c	FUN_10fdb8a0	10fdb8a0
mr_001.c	FUN_116db5e0	116db5e0
mr_002.c	FUN_10fb2130	10fb2130
mr_002.c	FUN_10fb71a0	10fb71a0
mr_002.c	FUN_1140e1d0	1140e1d0
mr_002.c	FUN_10a78bc0	10a78bc0
mr_002.c	FUN_1025be30	1025be30
mr_002.c	FUN_10ddd710	10ddd710
mr_002.c	FUN_10aa64f0	10aa64f0
mr_002.c	CBuffAreaPorcess::RegisterNodeParams	10aa0000
mr_002.c	FUN_1083ac30	1083ac30
mr_002.c	FUN_10f56e50	10f56e50
mr_002.c	FUN_1025bd00	1025bd00
mr_002.c	BTNode_CCombatNpcRotateToTarget::DescribeParams	10aa10c0
mr_002.c	FUN_10c3dad0	10c3dad0
mr_002.c	FUN_10efcf50	10efcf50
mr_002.c	FUN_10f171a0	10f171a0
mr_002.c	FUN_107d15c0	107d15c0
mr_002.c	FUN_10fd1830	10fd1830
mr_002.c	FUN_11070f80	11070f80
mr_002.c	FUN_10f58d40	10f58d40
mr_002.c	FUN_10fd9120	10fd9120
mr_002.c	FUN_10a76eb0	10a76eb0
mr_002.c	TdrText_FieldValueFmt	1024a410
mr_002.c	FUN_10f117f0	10f117f0
mr_002.c	FUN_10aa1d10	10aa1d10
mr_002.c	BTNode_CCombatNpcRotateToPos::DescribeParams	10aa0760
mr_002.c	FUN_10aa0200	10aa0200
