1010bf70	TdrBuf_ReserveU32
1010c060	TdrBuf_PutU8Z
1010c0c0	TdrBuf_PutU8
1010c120	TdrBuf_PutU16_BE
1010c190	TdrBuf_PutU32_BE
1010c200	TdrBuf_PutU64_BE
1010c2b0	TdrBuf_PutBytes
1010c320	TdrBuf_PutNulAt
1010c370	TdrBuf_PutNulAt_dup
1010c3c0	TdrBuf_PatchU32_BE
1010c430	TdrBuf_PutVarint_ZigzagS16
1010c4d0	TdrBuf_PutVarintU16
1010c560	TdrBuf_PutVarint_ZigzagS32
1010c5f0	TdrBuf_PutVarintU32
1010c680	TdrBuf_PutVarintU64
1010c790	TdrBuf_GetU8
1010c800	TdrBuf_GetU16_BE
1010c870	TdrBuf_GetU32_BE
1010c8f0	TdrBuf_GetU64_BE
1010c9a0	TdrBuf_GetBytes
1010ca10	TdrBuf_GetVarint_ZigzagS16
1010cb00	TdrBuf_GetVarintU16
1010cbd0	TdrBuf_GetVarint_ZigzagS32
1010ccb0	TdrBuf_GetVarintU32
1010cd70	TdrBuf_GetVarintU64
1010ce60	TdrBuf_SkipRead
1010d6a0	TlvPair_Pack_varint
1010d720	TlvPair_Pack_be
1010d870	TlvPair_Unpack_varint
1010d960	TlvPair_Unpack_be
1010f4e0	Tlv_PrintArray_generic
10110a90	TlvEquipPlan_Pack_varint
10110c50	TlvEquipPlan_Pack_be
101113f0	TlvEquipPlan_Print
101117c0	TlvEquipPlanList_Pack_varint
10111900	TlvEquipPlanList_Pack_be
10111b10	TlvEquipPlanList_Unpack_varint
10111d50	TlvEquipPlanList_Unpack_be
10112060	TlvEquipPlanList_Print
10112590	TlvItemBattleUse_Unpack
101130b0	TlvItemBattleUseList_Print
101145e0	TlvSupplyPlanList_Pack_varint
10114720	TlvSupplyPlanList_Pack_be
10114930	TlvSupplyPlanList_Unpack_varint
10114b70	TlvSupplyPlanList_Unpack_be
10114e80	TlvSupplyPlanList_Print
101150a0	TdrBuf_PutU8_dup
101150f0	TdrBuf_GetU8_dup
101159e0	TdrBuf_PutU8_dup2
10115a30	TdrBuf_GetU8_dup2
10117f20	TlvRoleBrief_Pack_varint
10118030	TlvRoleBrief_Pack_be
101188d0	TlvRoleProfile_Pack_varint
10118b80	TlvRoleProfile_Pack_be
101195f0	TlvRoleProfile_Print
1011e280	TlvDepotsRights_Print
1011f760	TlvTitleList_Print
1011fac0	TlvCommerceBoat_Pack_varint
1011fb90	TlvCommerceBoat_Pack_be
101200e0	TlvCommerceBoat_Print
10120540	TlvGuildMemberData_Pack_varint
10120a60	TlvGuildMemberData_Pack_be
10121d40	TlvGuildMemberData_Print
10122b60	TlvGuildMemberList_Print
10123940	TlvGuildMemberInfo_Print
101243d0	TlvGuildApplyList_Print
10124840	TlvS16U8Elem_Unpack_A
10124930	TlvU16U8Elem_Unpack_A
101257d0	TlvS16U8Elem_Unpack_B
101258c0	TlvU16U8Elem_Unpack_B
10125e10	TlvSkill_Pack_varint
10126270	TlvSkill_Pack_be
10127a20	TlvS16U8Elem_Unpack_C
10127b10	TlvU16U8Elem_Unpack_C
10128600	TlvSkillList_Print
10128930	TlvIdName8_Pack_varint
10128a00	TlvIdName8_Pack_dup
10128ba0	TlvU8Str_Unpack
10128d30	TlvStoreData_Store_Unpack_v
101292e0	TlvStoreData_Pack_varint
101294b0	TlvStoreData_Pack_fixed
10129d20	TlvStoreData_DebugPrint
101305c0	TlvGuildCommerceData_DebugPrint
10131c10	TlvGuildFuncRecords_DebugPrint
101325f0	TlvGuildBuyRecords_DebugPrint
10139bc0	TlvSculptureHistory_DebugPrint
1013af60	TlvSculptureContainer_DebugPrint
1013be60	TlvEquips_DebugPrint
1013c390	Tdr_Unpack_CountBlob1286_varint
1013c510	Tdr_Unpack_CountBlob1286_fixed
101412a0	TlvSculptureLibData_DebugPrint
101416d0	TlvSculptureLibData_Pack_varint_wrapper
10141750	TlvSculptureLibData_Pack_fixed_wrapper
10141ad0	TlvSculptureLibData_libs_DebugPrintWrapper
10143ac0	Tdr_Pack_U8U32_varint
10143b40	Tdr_Pack_U8U32_fixed
10143c90	Tdr_Unpack_U8U32_varint
10143d80	Tdr_Unpack_U8U32_fixed
101441e0	Tdr_Pack_U8U32U32_varint
10144280	Tdr_Pack_U8U32U32_fixed
101443f0	Tdr_Unpack_U8U32U32_varint
10144500	Tdr_Unpack_U8U32U32_fixed
10144bc0	Tdr_Unpack_NestedU16U16
10145430	Tdr_Unpack_U16_ByteArr10_U16Arr10_varint
10145630	Tdr_Unpack_U16_ByteArr10_U16Arr10_fixed
101484d0	TlvGlobalLevelStatContainer_Pack_varint
101487d0	TlvGlobalLevelStatContainer_Pack_fixed
10149410	TlvGlobalLevelStatContainer_DebugPrint
10149fe0	TlvEntrustGroupStatList_DebugPrint
1014b090	TlvLevelWarningData_DebugPrint
101508d0	TlvLevelHubSystemData_DebugPrint
101511a0	Tdr_Pack_ThreeName32_varint
10151330	Tdr_Pack_ThreeName32_fixed
10151ab0	TdrBuf_WriteByte
10151b00	TdrBuf_ReadByte
10152ae0	TlvProcs_Proc_Unpack_varint
10152c90	TlvProcs_Proc_Unpack_fixed
10153890	TlvProcs_DebugPrint
10153ba0	Tdr_Pack_U8U8U32_varint
10153c40	Tdr_Pack_U8U8U32_fixed
10153db0	Tdr_Unpack_U8U8U32_varint
10153f00	Tdr_Unpack_U8U8U32_fixed
101543d0	Tdr_Pack_CountArray64_varint
101544e0	Tdr_Pack_CountArray64_fixed
101546c0	Tdr_Unpack_CountArray64_varint
10154870	TlvCounterData_Unpack_fixed
10154af0	TlvCounterData_DebugPrint
10154e00	Tdr_Pack_U8Count_U32Array16_varint
10154ee0	Tdr_Pack_U8Count_U32Array16_fixed
10155090	Tdr_Unpack_U8Count_U32Array16_varint
10155200	Tdr_Unpack_U8Count_U32Array16_fixed
10156700	TlvScriptVars_DebugPrint
10157480	TlvOnlineTime_Pack_varint
10157670	TlvOnlineTime_Pack_fixed
10157f00	TlvAlarmTimeData_DebugPrint
101582f0	TlvScriptProcData_Pack_varint
10158400	TlvScriptProcData_Pack_fixed
10158990	TlvScriptProcData_DebugPrint
10159fb0	Tdr_Unpack_U16U32
1015a5a0	Tdr_Unpack_U32U8_varint
1015a690	Tdr_Unpack_U32U8_fixed
1015aad0	Tdr_Pack_SingleU8_a
1015ab40	Tdr_Pack_SingleU8_b
1015ac80	Tdr_Unpack_SingleU8_a
1015ad40	Tdr_Unpack_SingleU8_b
1015f980	Tdr_Pack_U8U8_a
1015fa00	Tdr_Pack_U8U8_b
1015fb50	Tdr_ReadStruct_TwoBytes_A
1015fc70	Tdr_ReadStruct_TwoBytes_B
10160010	Tdr_WriteVarint64_ZigZag
101600d0	Tdr_ReadVarint64_ZigZag
10164240	Tdr_ReadStruct_ThreeUint16
10165e70	TlvActionPointData_Write_VarintA
10165f90	TlvActionPointData_Write_FixedB
101664d0	TlvActionPointData_DebugFormat
101667e0	Tdr_WriteStruct_TwoBytes_A
10166860	Tdr_WriteStruct_TwoBytes_B
101669b0	Tdr_ReadStruct_TwoBytes_A2
10166ad0	Tdr_ReadStruct_TwoBytes_B2
10166fa0	TlvChannelTabEntry_Write_A
10167070	TlvChannelTabEntry_Write_B
10167210	TlvChannelTabEntry_Read_A
10167350	TlvChannelTabEntry_Read_B
101678c0	TlvChannelTabs_Write_A
101679d0	TlvChannelTabs_Write_B
10167bb0	TlvChannelTabs_Read_A
10167d60	TlvChannelTabs_Read_B
10167fe0	TlvChannelTabs_DebugFormat
10168970	TlvGamePadCustom_Write_A
10168d40	TlvGamePadCustom_Write_B
1016a090	TlvSilverTips_Write_A
1016a110	TlvSilverTips_Write_B
1016a260	TlvSilverTips_Read_A
1016a350	TlvSilverTips_Read_B
1016a880	TlvClientSettingsData_Write_A
1016a9d0	TlvClientSettingsData_Write_B
1016b080	TlvClientSettingsData_DebugFormat
1016d660	TlvNameEntry_Write_A
1016d730	TlvNameEntry_Write_B
1016d8d0	TlvNameEntry_Read_A
1016da60	TlvNameEntry_Read_B
1016e6a0	Tdr_ReadStruct_IntByteInt_A
1016e7b0	Tdr_ReadStruct_IntByteInt_B
1016f2a0	TlvGenericList_DebugFormat
10171c90	Tdr_ReadStruct_IntByte_A
10171d80	Tdr_ReadStruct_IntByte_B
101740f0	TlvFriendListContainer_DebugFormat
10176b80	Tdr_WriteStruct_ByteByteInt_A
10176c20	Tdr_WriteStruct_ByteByteInt_B
10176d90	Tdr_ReadStruct_ByteByteInt_A
10176ee0	Tdr_ReadStruct_ByteByteInt_B
10178f00	TlvItemRebuildLimitData_DebugFormat
101798b0	Tdr_WriteStruct_ByteCount3IntArrays_A
10179ae0	Tdr_WriteStruct_ByteCount3IntArrays_B
1017ae40	TlvTypeCountArgsList_DebugFormat
1017b1c0	Tdr_WriteStruct_Complex_A
1017b400	Tdr_WriteStruct_Complex_B
1017c810	Tdr_WriteStruct_ByteCountSubArray_A
1017c960	Tdr_WriteStruct_ByteCountSubArray_B
1017cb80	TlvTypeTraceEntry_Read_A
1017cd60	TlvTypeTraceEntry_Read_B
1017d010	TlvTypeTraceEntry_DebugFormat
1017da00	TlvTypeTraceList_DebugFormat
1017dd20	TlvCatCuisineData_Write_A
1017de50	TlvCatCuisineData_Write_B
1017e4a0	TlvCatCuisineData_DebugFormat
1017f5b0	TlvWeaponRecord_Write_A
1017f770	TlvWeaponRecord_Write_B
1017fdd0	TlvWeaponRecord_DebugFormat
10180180	TlvWeaponStyleData_Write_A
10180270	TlvWeaponStyleData_Write_B
101806e0	TlvWeaponStyleData_DebugFormat
101863e0	Tdr_WriteStruct_ByteCountIntByteIntArrays_A
10186600	Tdr_WriteStruct_ByteCountIntByteIntArrays_B
10189ae0	TlvSuitSkillGroups_PackArray_v1
10189bf0	TlvSuitSkillGroups_PackArray_v2
10189dd0	TlvSuitSkillGroups_Unpack_v1
10189fa0	TlvSuitSkillGroups_Unpack_v2
1018a240	TlvSuitSkillGroups_TextDump
1018a9d0	TlvAttrsSubstruct_TextDump
1018c5b0	TlvByteBufStruct_Unpack_v1
1018c730	TlvByteBufStruct_Unpack_v2
1018ed90	TlvGuideBookAutoOpen_Unpack_v1
1018ee90	TlvGuideBookAutoOpen_Unpack_v2
1018fc30	TlvGuideBookData_TextDump
10190f10	TlvSearchItemPool_TextDump
10192230	TlvLotteryBoxItemPool_TextDump
10192610	TlvLotteryBoxContainer_Pack_v1
10192780	TlvLotteryBoxContainer_Pack_v2
10192d70	TlvLotteryBoxContainer_TextDump
10193b80	TlvPlayerRoleFullData_Pack_v1
10195270	TlvPlayerRoleFullData_Pack_v2
10199de0	TlvMiscGameData_DebugFormat
1019b360	TlvPair_Write_varA
1019b420	TlvPair_Write_varB
1019b8a0	TlvSaveMapStar_DebugFormat
1019e250	TlvKeyByteVal_Read_varA
1019e340	TlvKeyByteVal_Read_varB
1019e9a0	TlvWord2ByteEntry_Read
1019ef80	TlvVarintPlusByte_Read_varA
1019f070	TlvVarintPlusByte_Read_varB
101a0860	TlvPetList_DebugFormat
101a1300	TlvVarintPlusByte_Read_varA_2
101a13f0	TlvVarintPlusByte_Read_varB_2
101a28a0	TlvSkillAndSlotList_DebugFormat
101a3300	TlvSkillList_DebugFormat
101a3db0	TlvAvatarRecord_Write_varA
101a44d0	TlvAvatarRecord_Write_varB
101a6710	TlvAvatarRoster_Write_varA
101a6a80	TlvAvatarRoster_Write_varB
101ae970	TlvTypedVariant_Write_varA
101aea20	TlvTypedVariant_Write_varB
101aeba0	TlvTypedVariant_Read_varA
101aecc0	TlvTypedVariant_Read_varB
101aeeb0	TlvTypedVariant_DebugFormat
101af1a0	TlvTypedVariantArray7_Write_varA
101af2f0	TlvTypedVariantArray7_Write_varB
101af840	TlvTypedVariantArray7_DebugFormat
101affd0	TlvBaseOrBonus_DebugFormat
101b01d0	TlvTypedBaseOrBonus_Write_varA
101b0280	TlvTypedBaseOrBonus_Write_varB
101b0400	TlvTypedBaseOrBonus_Read_varA
101b0520	TlvTypedBaseOrBonus_Read_varB
101b0710	TlvTypedBaseOrBonus_DebugFormat
101d1470	TlvCharBattleAttributes_DebugFormat
101d6660	TlvCharBattleAttributes_Pack_Varint
101d7ba0	TlvCharBattleAttributes_Pack_FixedBE
101de490	TlvCharPublicAttributes_Pack_Varint
101e0ea0	Tlv_WriteLargeStruct_Unknown_101e0ea0
101ee230	TlvTalentLearnItem_Read_varint_101ee230
101ee320	TlvTalentEquipItem_Read_fixed_101ee320
101ee8f0	TlvTalentLearnItem_Read_varint_101ee8f0
101ee9e0	TlvTalentEquipItem_Read_fixed_101ee9e0
101ef630	TlvSkillWeaponItem_Write_varint_101ef630
101efad0	TlvSkillWeaponItem_Write_fixed_101efad0
101f0b50	TlvSkillWeaponItem_DebugFormat_101f0b50
101f26e0	TlvManuSkill_DebugFormat_101f26e0
101f3a10	Tlv_WriteStructArray_Elem101b01d0_101f3a10
101f4c50	TlvPetExtAttrData_Write
101f89d0	TlvPetFullAttrData_DebugFormat
101f9b60	TlvPetOptionData_Serialize_variantA
101f9f40	TlvPetOptionData_Serialize_variantB
101faee0	TlvPetOptionData_DebugFormat
101fd7b0	RoleDataList_DebugFormat
101ff870	TdrField_WriteInt16BE
101ffb50	TdrField_ReadInt16BE
101fff70	TdrStruct3_Write_variantA
10200010	TdrStruct3_Write_variantB
10200180	TdrStruct3_Read_variantA
10200290	TdrStruct3_Read_variantB
10201100	PetTimeSlot_Write_variantA
102012c0	PetTimeSlot_Write_variantB
10201900	PetTimeSlot_DebugFormat
10201d10	TlvPetFarmShowData_Serialize_variantA
10201f60	TlvPetFarmShowData_Serialize_variantB
10202790	TlvPetFarmShowData_DebugFormat
102033d0	EquipShowInfo_DebugFormat
10205ad0	TlvFarmData_DebugFormat
10206300	Tlv_WriteField2_SoulBeastSub_A
10206380	Tlv_WriteField2_SoulBeastSub_B
10206700	TlvDbg_PrintFarmField
10207890	TlvSoulBeastStatsArray_Write_Varint
10207e90	TlvSoulBeastStatsArray_Write_Fixed
102090a0	TlvSoulBeastStatsArray_DebugFormat
102098b0	TlvSoulBeastStatsArrayB_Write_Varint
10209eb0	TlvSoulBeastStatsArrayB_Write_Fixed
1020b0c0	TlvSoulBeastStatsArrayB_DebugFormat
1020b8c0	TlvSoulBeastStatsArrayC_Write_Varint
1020bec0	TlvSoulBeastStatsArrayC_Write_Fixed
1020d0d0	TlvSoulBeastStatsArrayC_DebugFormat
1020ddd0	Tlv_Write4Field_U8_3xI32_Varint
1020de90	Tlv_Write4Field_U8_3xI32_Fixed
1020f2f0	TlvShopBuyLimitData_DebugFormat
1020f9c0	Tlv_Read2xI16_ShopSubElem
10210c80	TlvShopEntry_Read
102121e0	TlvShopDataContainer_DebugFormat
102128e0	Tlv_Read2xI16_ShopSubElem_Dup
10214140	TlvMultiShopRefresh_DebugFormat
10214e60	TlvStarStatList_Elem_Read
102152f0	TlvStarStatData_Write_Varint
102154b0	TlvStarStatData_Write_Fixed
10215c50	TlvStarStatData_DebugFormat
10216000	TlvStarBranch_StarList_Elem_Write_Varint
10216100	TlvStarBranch_StarList_Elem_Write_Fixed
102169d0	TlvStarBranch_Quality_Elem_Write_Varint
10216a50	TlvStarBranch_Quality_Elem_Write_Fixed
10216ba0	TlvStarBranch_Quality_Elem_Read_Varint
10216c90	TlvStarBranch_Quality_Elem_Read_Fixed
10217140	TlvStarBranchData_Write_Varint
10217320	TlvStarBranchData_Write_Fixed
10217b40	TlvStarBranchData_DebugFormat
10217f90	TlvPair_ByteVarint_Pack_v0
10218010	TlvPair_ByteFixed32_Pack_v1
10218160	TlvPair_Element_Unpack_v0
10218250	TlvPair_Element_Unpack_v1
10218990	TlvCardTargetContainer_Unpack_v0
10218b60	TlvCardTargetContainer_Unpack_v1
10218e00	TlvCardTargetContainer_DebugFormat
10219330	TlvPair_U16Varint_Unpack
1021a9f0	TlvPair_U16U16_Unpack
1021b0a0	TlvPair_U16Varint_Unpack_2
1021bf40	TlvStatContainer_DebugFormat
1021fc80	TlvPair_ScalarByte_Unpack
1021fd70	TlvPair_U16Byte_Unpack
102205c0	TlvBigArrayContainer_Unpack_v0
102207e0	TlvBigArrayContainer_Unpack_v1
10221010	TlvPair_U16Varint_Unpack_3
10222220	TlvPair_U16Varint_Unpack_4
10226430	TlvQuestSystemData_DebugFormat
102281f0	TlvDailyList_DebugFormat
10228510	TlvScheduleEntry_Pack_v0
10228600	TlvScheduleEntry_Pack_v1
10228a90	TlvScheduleContainer_DebugFormat
1022b490	TlvNpcOrgPrefsContainer_DebugFormat
1022be00	TlvByteSub_Pack_v0
1022be80	TlvByteSub_Pack_v1
1022bfd0	TlvBytePair_Unpack_v0
1022c0f0	TlvBytePair_Unpack_v1
1022c580	TlvPiecesArray_Pack_v0
1022c6a0	TlvPiecesArray_Pack_v1
1022c890	TlvPiecesArray_Unpack_v0
1022ca50	TlvPiecesArray_Unpack_v1
1022cce0	TlvPiecesArray_DebugFormat
1022d150	TlvPrizePair_Unpack_v0
1022d240	TlvPrizePair_Unpack_v1
1022d6f0	TlvPrizeArray_Pack_v0
1022d810	TlvPrizeArray_Pack_v1
1022da00	TlvPrizeArray_Unpack_v0
1022dbb0	TlvPrizeArray_Unpack_v1
1022de30	TlvPrizeArray_DebugFormat
1022eda0	TlvDragonBoxShopItems_DebugFormat
1022f160	TlvDragonBoxLotteryData_Pack_v0
1022f570	TlvDragonBoxLotteryData_Pack_v1
102304e0	TlvDragonBoxLotteryData_DebugFormat
102315f0	TlvBoxArray_Pack_v0
10231720	TlvBoxArray_Pack_v1
10231920	TlvBoxArray_Unpack_v0
10231af0	TlvBoxArray_Unpack_v1
10231d90	TlvBoxArray_DebugFormat
102358f0	TlvFriendInsts_DebugFormat
102379a0	TlvRecordList300_DebugFormat
1023a060	TlvAuctionRecordContainer_DebugFormat
1023ac70	TlvRecordList400_DebugFormat
1023bcc0	TlvRateHistory_DebugFormat
1023cc50	TlvUniformSubStructAggregate_Pack
1023dd50	TlvPetFullAttrData_Write
10241650	TlvPetFullAttrData_DebugFormat
102426e0	TlvPetOptionData_Write
10242a70	TlvPetOptionDataB_Write
10243900	TlvPetOptionData_DebugFormat
102444c0	TlvSub3Field_ReadA
102445c0	TlvSub3Field_ReadB
102450a0	TlvStateArray_DebugFormat
10245ca0	TlvCounterData_DebugFormat
10246740	TlvCounterDataList_DebugFormat
10247720	TlvTimesArray_DebugFormat
1024a010	TdrText_FormatDateTime
1024a140	TdrText_WriteIndent
1024a1e0	TdrText_FieldLabelChar
1024a230	TdrText_ArrayElemLabel
1024a290	TdrText_FieldScalar
1024a320	TdrText_ArrayElemScalar
1024a3b0	TdrText_ArrayHeader
1024a410	TdrText_FieldValueFmt
1024a480	TdrText_ArrayElemValueFmt
1024a500	TdrText_FieldWStringHex
1024a600	TdrText_ArrayElemWStringHex
1024a700	TdrText_FieldIPv4
1024a790	TdrText_ArrayElemIPv4
1024a820	TdrText_FieldTime
1024a8a0	TdrText_ArrayElemTime
1024a930	TdrText_FieldDate
1024a9b0	TdrText_ArrayElemDate
1024aa40	TdrText_FieldDateTime
1024aae0	TdrText_ArrayElemDateTime
1024afa0	TlvGiftListElem_ReadA
1024b090	TlvGiftListElem_ReadB
1024b510	TlvGiftListElemArray_WriteA
1024b620	TlvGiftListElemArray_WriteB
1024b800	TlvGiftList_ReadA
1024b9b0	TlvGiftList_ReadB
1024bc30	TlvGiftList_DebugFormat
1024c5c0	TlvGiftData_Write
1024c760	TdrWrite_GiftData
1024cf20	TdrDebugFormat_GiftData
102717b0	TdrDebugFormat_FloatField_at0xc
10271b90	TdrDebugFormat_ByteThenFloatSub
10271da0	TdrWrite_U8
10272940	TdrWrite_MaterialList
10272b80	TdrDebugFormat_MaterialList
10273da0	TdrDebugFormat_VarsList16
10274c30	TdrWrite_U8_U32
102772d0	TdrDebugFormat_VarsList32
102793a0	TdrDebugFormat_RoleList
10279cf0	TdrWrite_NamedEntity_Complex
1027d9e0	TdrDebugFormat_LineInfoList
102803c0	TdrWrite_NamedStr63_ShortArray
10280a30	TdrDebugFormat_EntriesList
10280cb0	TdrWrite_NamedStr127_TwoVarU32
10280f70	TdrDebugFormat_EffectAttach
102811d0	TdrWrite_NamedStr127_ThreeShort
10281650	TdrWrite_Str127Only
10281be0	TdrDebugFormat_MoveLinear
10282070	TdrDebugFormat_MoveRotate
102824a0	TdrDebugFormat_TargetPosOnly
10283dd0	TdrDebugFormat_TypedValue
102845d0	TdrDebugFormat_AttrList50
102849a0	TdrDebugFormat_FixedU32Array7
10284dc0	TdrDebugFormat_Union_BaseOrBonus
10285510	TdrDebugFormat_EntityAttrList
10286a90	TdrDebugFormat_ErrNoRandomPos
10286ff0	TdrWrite_Str2047_A
10287370	TdrWrite_Str2047_B
1028a430	TdrWrite_Str2047_C
1028dc90	TdrWrite_WeaponRecord
1028de90	TdrDebugFormat_WeaponRecord
1028e5e0	TdrDebugFormat_WeaponStyleData
1028f9a0	TdrDebugFormat_MemberList
1028fd70	TdrDebugFormat_JoinMember
10291b20	TdrDebugFormat_TargetInfoList
10292e30	TdrDebugFormat_UIInfoList
10294910	TdrDebugFormat_ItemList40
102963d0	TdrDebugFormat_TypedItemData
10298140	TdrDebugFormat_HuntResultFull
102986c0	TdrDebugFormat_BaseStatInfo
1029c690	TdrDebugFormat_InfoList10
1029f0a0	TdrDebugFormat_OpResult
102a3cb0	TdrWrite_IdName_TimePair
102a43c0	TdrDebugFormat_GuildIdName
102a60f0	TdrDebugFormat_AppearList4_A
102a7480	TdrDebugFormat_EffectList256
102a7a40	TdrWrite_FourStrings
102aa170	TdrDebugFormat_SubGroupList_ByGroupId
102aa940	TdrDebugFormat_SubGroupList_ByErrCode
102ab7d0	TdrDebugFormat_PassLevelInfo
102abcb0	TdrMarshal_U32_U16
102acc20	TdrDebugFormat_GroupList17
102ae180	TdrDebugFormat_CatCarUseInfoList
102b0210	TdrWrite_Str255_U32_Str
102b2eb0	TdrDebugFormat_FactionWarState
102b4170	TdrDebugFormat_AppearList4_B
102b4d50	TdrDebugFormat_AmmoList
102b6060	TdrDebugFormat_AppearList4_C
102b74d0	TdrDebugFormat_DisappearList4
102b8a00	TdrWrite_U8_String
102b9020	TdrDebugFormat_ActionPointData
102b97c0	TdrDebugFormat_ActionPointResponse
102bc350	TdrWrite_U8_U8
102bc8a0	TdrDebugFormat_GuideNotifySetStep
102bcb60	TdrDebugFormat_GuideNotify
102bd5d0	TdrDebugFormat_Union_InteractReqBeginEnd
102bd900	TdrDebugFormat_InteractRequest
102bdca0	TdrDebugFormat_InteractResult
102bec20	TdrDebugFormat_InteractRequestWrap
102bef10	TdrDebugFormat_ActionPointDataWrap
102bf230	TdrDebugFormat_Union_GuideNotifyOrClientSettings
102bf3a0	TdrWrite_Union_Selector2
102bf590	TdrDebugFormat_ExtRequest
102bf7a0	TdrWrite_U8_U32_TwoUnions
102bfbe0	TdrWrite_U8_Union
102bfdb0	TdrDebugFormat_ExtNotify
102c0640	TdrMarshal_U32_U32_U16
102c0e60	TdrWrite_U8_U32_B
102c1f10	TdrDebugFormat_PlayerLevelData
102c29e0	TdrWrite_U8_ThreeU32
102c3240	TdrDebugFormat_BuyLimitData
102c3c90	TdrDebugFormat_RebuildLimitData
102c5cd0	TdrDebugFormat_LotteryBoxState
102c70a0	TdrDebugFormat_LotteryPool_ItemsThenBox
102c74e0	TdrDebugFormat_LotteryPool_Research
102c7a10	TdrText_ItemBoxList_astItemBoxList
102d0c10	TdrText_InstanceEnterInfo
102d1420	TdrPack_Byte1
102d3770	TdrPack_Byte_U16
102d3cd0	TdrText_ItemsArray_dwCount
102d6b40	TdrText_SysNotify_MsgParam
102d70a0	TdrText_SysNotify_MsgParam_NoItems
102d7360	TdrPack_Byte_Str_Nested
102d7b40	TdrPack_U32Array100
102d7c70	TdrUnpack_U32Array100
102d7dc0	TdrText_LockItemList
102d86c0	TdrPack_Byte_U8
102da6c0	TdrText_AnimParametricState
102dba20	TdrText_AttackeeLayers
102ddef0	TdrText_DamageResult_Wrapper
102de0d0	TdrUnpack_Str32
102def10	TdrUnpack_Str_TwoNested
102df750	TdrPack_Byte_U32CountArray
102df990	TdrText_EntInitList
102dfda0	TdrText_NetObjIdList
102e1690	TdrText_AoeAttack
102e5810	TdrText_TriggerEnter
102e6490	TdrPack_Byte_U16_U32
102e7180	TdrText_NetObjPosRot
102e7880	TdrText_NetObjLocation
102e93d0	TdrPack_Byte_U16_U8
102e9790	TdrPack_MultiField_ArrayU16Count
102ea1b0	TdrText_EntityFullSyncState
102ea820	TdrText_EntitySync_Wrapper_A
102eabe0	TdrText_EntitySync_Wrapper_B
102ec7a0	TdrPack_LargeRoleInfoStruct
102ee980	TdrText_AppearEffect
102eeec0	TdrText_AppearList
102f1300	TdrText_MonsterBonePose
102f1840	TdrText_MonsterPartPose
102f2000	TdrText_ActorIdleMoveInner
102f2430	TdrText_ActorIdleMove_Wrapper
102f5330	TdrText_FlagLocation
102f5ea0	TdrText_MoveInputFull
102f68b0	TdrText_ActorBeginMoveInner
102f6ce0	TdrText_ActorBeginMove_Wrapper
102f70f0	TdrText_ActorMoveStateInner
102f7530	TdrText_ActorMoveState_Wrapper
102f7970	TdrText_ActorStopMoveInner
102f7da0	TdrText_ActorStopMove_Wrapper
102fa340	TdrText_VehicleAmmoList
102fd270	TdrText_SysNtf_UnionSelector
102fd3c0	TdrPack_Byte_U32_U8_U8_Nested
102fd810	TdrPack_Byte_U32_U8_U8_Str
102fe0a0	TdrUnpack_Str32_B
102fe450	TdrUnpack_ThreeStr_Flags
10301f30	TdrText_EntityBuffList
10302370	TdrText_EntityBuff_Wrapper_A
10302df0	TdrText_EntityBuff_Wrapper_B
103061d0	TdrText_StealItem
103064a0	TdrText_StealResult_Union
103068e0	TdrText_StealResultList
1030aef0	TdrUnpack_Str32_C
1030b270	TdrPack_Byte1_B
1030b590	TdrUnpack_Str1024_U8
1030d500	TdrUnpack_Str32_U8
1030db50	TdrText_EntityPosRotTarget
1030df80	TdrText_EntityVariableList
1030e480	TdrText_BoxTrapPlacement
1030fe10	TdrText_EntityDiffuseColor
10310c20	TdrText_TargetForPlayer
10312a00	TdrText_Team_Wrapper_A
10313a00	TdrText_TeamMemberSlot
103163b0	TdrUnpack_Str_U32_U32
10316ea0	TdrText_TeamList
10317120	TdrUnpack_TeamInfoScalars
10317d30	TdrText_TeamSetting
103184f0	TdrText_TeamSetting_Wrapper_A
10318bc0	TdrText_TeamSetting_Wrapper_B
10318ee0	TdrText_Team_Wrapper_B
10319600	TdrText_NetIdAttrs
10319a30	TdrText_DbidVec3Dir
10319e30	TdrText_TeamIdVec3
1031b8b0	TdrText_NetIdBuffArray
1031bd90	TdrText_TeamMemberBuffArray
1031c1e0	TdrText_DbidVec3
1031c640	TdrText_TeamMemberPosList
1031d230	TdrPack_Byte_U16_U8_U16_U8
1031d9c0	TdrPack_Byte_U16_U8_B
1031e0c0	TdrPack_Byte_U16_U16_A
1031f000	TdrPack_Byte_U16_U16_B
1031f6f0	TdrPack_Byte_U16_U8_U16_U16
10320100	TdrText_RewardGeneralItems
10320550	TdrText_PlayerAvatar
10320750	TdrPack_Byte_U16_A
10320e60	TdrPack_Byte_U16_B
10321180	TdrGet_U16BE_FromU32U8U16
103215a0	TdrPack_Byte_U16_U16_C
103218d0	TdrGet_U16BE_FromU32U8U16_Dup
10321cf0	TdrPack_Byte_U16_U8_U8_U16
10322d30	TdrPack_Byte_U16_U64_U8
10323450	TdrPack_Byte_U16_U8_C
10323ec0	TdrPack_U8CountArray_U32U16
103240c0	TdrText_ItemList_bItemCount
10324ba0	TdrText_NpcCraftTagItems
103257e0	TdrText_MEGridInfo
10325f50	TdrText_Data_Wrapper
10326130	Tdr_PackU8LeafField
10327b00	Tdr_Pack_CountU8_Dword_Byte_ArrCap50
10328010	Tdr_PackU8LeafField_b
10328730	Tdr_Pack_ItemList_CountU8_ReasonU16_ArrCap50
10328950	TdrDump_ItemList_bItemCount_wReason_astItemList
10328be0	Tdr_Pack_ItemList_CountU8_ReasonU16_ArrCap50_b
10328e00	TdrDump_ItemList_bItemCount_wReason_astItemList_b
10329620	TdrDump_DelGridList_wReason_bDelGridCnt_astDelGridList
1032a460	Tdr_Pack_CountU8_ArrCap10
1032a660	TdrDump_MoveSwapItems_bCnt_astData
1032a8b0	Tdr_Pack_CountU8_ArrCap10_b
1032aab0	TdrDump_MoveSwapItems_bCnt_astData_b
1032c6d0	TdrDump_EquipParamList_iEquipCnt_astEquipParamList
1032cc90	Tdr_Pack_Byte_3xU16_4xU32_ArrCap2000
1032d2c0	Tdr_Pack_Byte_3xU16_ArrCap2000
1032e3b0	Tdr_Pack_U8_U16_Leaf
1032e730	Tdr_Pack_U8_U16_U8_Leaf
1032eaf0	Tdr_Pack_TwoStr_TwoU64_TwoU32
1032ff70	TdrDump_EquipPlan_iPlanId_szPlanName_astEquipList
10330a20	TdrDump_EquipPlanWrapper_iReNameFlag_stPlanInfo
10336bd0	Tdr_Pack_Str32_U32
103396b0	TdrDump_Wrapper_stDaily
1033a4c0	TdrDump_SkillList_iCount_astSkills
1033b190	TdrDump_GuildList_iCount_astGuilds
1033bce0	TdrDump_ApplyList_iCount_astApplys
1033c680	TdrDump_InvitationList_iCount_astInvitations
1033d510	Tdr_Pack_GuildCore_Byte_U8_2xU32_U8_ArrCap10_Sub_U32
1033e300	TdrDump_Guilder_MemberData
1033eb90	TdrDump_GuilderList_iCount_astGuilders
1033f350	TdrDump_DepotRightsList_iCount_astDepotsRights
1033fca0	TdrDump_TitleList_iCount_astTitles
10342710	Tdr_Pack_Str32_U32_b
10342aa0	Tdr_Pack_Str32_U32_U64_Str256
10343570	Tdr_Pack_Str32_U32_c
10344640	Tdr_Pack_Str32_U32_d
10345ff0	Tdr_Pack_Str500_U32
10348ae0	TdrDump_Wrapper_stTitles
103490f0	TdrDump_Wrapper_stRights
1034ae60	Tdr_Pack_Byte_TwoItemLocs
1034b060	TdrDump_ItemMoveOp_bOpType_stSrc_stDst
1034b2c0	Tdr_Pack_Byte_3xU16_ArrCap1000
1034b7b0	Tdr_Pack_Byte_U64_Str8
1034bd50	TdrDump_Wrapper_stRights_b
1034c800	Tdr_Pack_Str32_U32_e
1034df30	TdrDump_GuildList_iCount_astGuilds_b
1034e2b0	TdrDump_Wrapper_stApplys
1034e5d0	TdrDump_Wrapper_stInvitations
1034e8f0	TdrDump_Wrapper_stGuild
1034ec10	TdrDump_Wrapper_stTitles_b
1034ef30	TdrDump_Wrapper_stGuilder_via1033e300
1034f250	TdrDump_Wrapper_stGuilder_via1033e300_b
1034f5a0	TdrDump_Wrapper_stGuilder_via102a43c0
1034f8e0	TdrDump_Wrapper_stGuilder_via102a3f50
1034fc00	TdrDump_Wrapper_stGuilder_via1033e300_c
10350640	TdrDump_Wrapper_stCommodities
10350970	TdrDump_Wrapper_stQuest
10350b50	Tdr_PackU8LeafField_c
103521e0	TdrDump_Wrapper_stSkills
10352520	TdrDump_Wrapper_stSkills_b
10352ab0	Tdr_Pack_ItemList_CountU8_ReasonU16_ArrCap50_c
10352cd0	TdrDump_ItemList_bItemCount_wReason_astItemList_c
10352f60	Tdr_Pack_ItemList_CountU8_ReasonU16_ArrCap50_d
10353180	TdrDump_ItemList_bItemCount_wReason_astItemList_d
10353f90	Tdr_Pack_Byte_3xU16_ArrCap1000_b
103545c0	TdrDump_Wrapper_stGuild_via1033ac40
10356450	TdrDump_GuildWarCommerce_dwErrCode_wCount_astList_ullGuildId_dwCommerceId
103568f0	TdrDump_CommerceBoatMaterials_dwBoatId_bMaterialNum_astMaterialList
10357fa0	TdrDump_GuildWarBoatStatus_dwErrCode_stInfo_chMode
10358410	TdrDump_GuildWarBoatStatusList_wCount_astList
1035b7e0	TdrDump_GuildSimpleInfoList_wStart_wInnerStart_wCount_astInfos
1035bf90	TdrDump_CommerceBuff_iBuffCount_astCommerceBuffInfo_dwHistory
1035d5e0	TdrDump_GuildFuncRecordList_iCount_astInfos
1035dec0	TdrDump_GuildFuncRecordList_iCount_astInfos_b
1035e670	TdrDump_InformationList_iCount_astInformations
1035fa70	Tdr_Pack_CountU8_ArrCap64_Elem3xU32
1035fcb0	TdrDump_ExecList_bCount_astExec
10360330	TdrDump_Wrapper_stExec
10361980	TdrDump_NetExec_iNetId_stExec
10364360	TdrDump_SlotList_iSlotsCnt_astSlots
103647e0	TdrDump_SlotListResult_iError_iSlotsCnt_astSlots
10366420	Net_WriteTwoU16_BigEndian
10366e40	TdrDump_Wrapper_stShop
10367020	Tdr_PackU8LeafField_d
1036a030	TdrDump_Wrapper_stSkill
1036aef0	Tdr_Pack_U32_U64_U16BE
1036cdf0	Tdr_PackU8LeafField_e
1036d460	Tdr_PackU8LeafField_f
1036da70	Tdr_PackU8LeafField_g
1036e4c0	Tdr_Pack_Byte_U16_U32_U16_2xU32_U8
10371b60	TdrDump_RecordList_iRet_dwRecordAllCount_wRecordCount_astRecords
10372390	TdrDump_RecordList_iRet_dwRecordAllCount_wRecordCount_astRecords_b
10374780	TdrDump_RecordList_iRet_iFin_wRecordCount_astRecords
10374f70	TdrDump_RecordList_iRet_wRecordCount_astRecords
10375740	TdrDump_RecordList_iRet_wRecordCount_astRecords_b
10375f10	TdrDump_RecordList_iRet_wRecordCount_astRecords_c
1037a910	TdrDump_VersionedInfoList_dwVersion_iNum_astInfo
1037b240	Tdr_Pack_TwoStr32_TwoU32
1037c050	Tdr_Pack_Str32_U32_U8
1037db60	Tdr_Pack_Str32_U32_f
1037e6b0	TdrDump_HissList_iCount_astHiss
1037ed40	Tdr_Pack_Byte_5xU32_Sub
10381930	TdrDump_UserDataListResult_iResult_iUserCount_astUserDatas
103821d0	TdrDump_UserDataList_iUserCount_astUserDatas
103844a0	TdrDump_SculptureData_iRound_astCurrent_stBest_astHistory
10385250	TdrDump_SculptureLib_iLib_iCount_astSculpture
10385600	TdrDump_Wrapper_stLib
10385af0	TdrDump_SculptureConfig_iCfgCount_astCfgs_iCount_astLibs
10385ff0	TdrDbgFmt_AvatarSculptureWrap
103868a0	TdrPack_PresenceByteOnly_103868a0
10386bc0	TdrPack_PresenceByteOnly_10386bc0
10387280	TdrPack_Bool_Struct2Fields_10387280
10387810	TdrDbgFmt_AwardsArray_max5
10387d40	TdrUnpack_FixedStr32_10387d40
10388590	TdrPack_FriendOnlineEntry_10388590
10388930	TdrDbgFmt_FrienderRoleInfo
10389230	TdrUnpack_FixedStr32_10389230
103895b0	TdrPack_ByteThenStr32_103895b0
10389a10	TdrPack_PresenceByteOnly_10389a10
10389d30	TdrPack_PresenceByteOnly_10389d30
1038a050	TdrPack_ByteThenStr32_1038a050
1038a4b0	TdrPack_ByteThenStr32_1038a4b0
1038aff0	TdrUnpack_FixedStr32_1038aff0
1038cf80	TdrDbgFmt_FriendersArray_max700
1038d3d0	TdrDbgFmt_FriendOnlineList_max700
1038d800	TdrDbgFmt_FriendOnlineWrap
1038e750	TdrPack_PresenceByteOnly_1038e750
1038f1a0	TdrDbgFmt_FriendersArray_max700_b
1038fd80	TdrUnpack_FixedStr40_1038fd80
10390100	TdrPack_PresenceByteOnly_10390100
10393550	TdrDbgFmt_AppearArray_max4
1039a580	TdrPack_PresenceByteOnly_1039a580
1039e310	TdrDbgFmt_MatchInfos_max10
1039e6e0	TdrDbgFmt_MatchInfoWrap
103a35c0	TdrDbgFmt_MatchSignUpWrap_103a35c0
103a3830	TdrPack_SignUpTeams_max20_a
103a3970	TdrUnpack_SignUpTeams_max20_a
103a3ac0	TdrDbgFmt_SignUpTeams_max20
103a44e0	TdrDbgFmt_MatchSignUpWrap_103a44e0
103a4910	TdrDbgFmt_SignUpTeams_max128
103a8ec0	TdrUnpack_FixedStr128_103a8ec0
103a9990	TdrPack_ByteInt32Int16_103a9990
103a9d20	TdrPack_ByteInt32_103a9d20
103aa390	TdrDbgFmt_StarBranchStats
103aa6f0	TdrPack_ByteInt32Array_max20_103aa6f0
103aaf60	TdrPack_ByteStructArray_max20_103aaf60
103ab160	TdrDbgFmt_CardData_max20
103ab790	TdrPack_ByteStructArray_max100_103ab790
103ab990	TdrDbgFmt_StatData_max100
103abbb0	TdrPack_PresenceByteOnly_103abbb0
103ac480	TdrPack_PresenceByteOnly_103ac480
103ae770	TdrUnpack_MailHead_103ae770
103aef00	TdrDbgFmt_MailHeadMemo
103b0370	TdrPack_ByteInt32Nested_103b0370
103b0970	TdrDbgFmt_AccessoryArray_max18
103b0be0	TdrPack_Str600Nested_103b0be0
103b0e50	TdrDbgFmt_MailBody
103b12b0	TdrDbgFmt_MailDetail
103b1510	TdrPack_MailMemo_103b1510
103b2a70	TdrUnpack_FixedStr128_103b2a70
103b2fb0	TdrDbgFmt_ResultUnion_ErrMsg
103b3310	TdrDbgFmt_ResultWrap_dwUin
103b3670	TdrDbgFmt_MailArgsWrap
103b3a50	TdrDbgFmt_MailRoleTo_max100
103b3ce0	TdrPack_MailRoleTo_TwoArrays_max100
103b40b0	TdrDbgFmt_MailRoleToError_max100
103b45b0	TdrDbgFmt_MailRoleTo_ResultUnion
103b49b0	TdrDbgFmt_MailRoleToResult_szErr
103b4bd0	TdrPack_ByteInt64_103b4bd0
103b5110	TdrDbgFmt_MailDetailWrap
103b58d0	TdrDbgFmt_MailDetail_ResultUnion
103b5c10	TdrDbgFmt_MailDetailResult_dwUin
103b6a30	TdrDbgFmt_ResultUnion_ullMailId
103b6da0	TdrDbgFmt_ResultWrap_ullMailId
103b7c00	TdrPack_MailSummary_103b7c00
103b87c0	TdrDbgFmt_SenderName_Bytes32
103b8ce0	TdrPack_ByteEnumInt32_103b8ce0
103b96c0	TdrPack_ByteTwoEnums_103b96c0
103b9a50	TdrPack_PresenceByteOnly_103b9a50
103babb0	TdrDbgFmt_ResultsArray_max300
103bb400	TdrPack_PresenceByteOnly_103bb400
103bbc70	TdrDbgFmt_PrizeInfo_fixed10
103bbf10	TdrPack_PresenceByteOnly_103bbf10
103bc7b0	TdrDbgFmt_TargetInfo_fixed100
103bf560	TdrPack_AttrBlock_3int_2x4int_byte
103bf6a0	TdrUnpack_AttrBlock_3int_2x4int_byte
103bfb20	TdrPack_AttrBlockBig_3x10int
103bfe20	TdrUnpack_AttrBlockBig_3x10int
103c0020	TdrDbgFmt_FarmGatherResult
103c0900	TdrDbgFmt_ErrCodeReqWrap_103c0900
103c1060	TdrDbgFmt_ErrCodeReqWrap_103c1060
103c2940	TdrDbgFmt_FarmBlob_dwServerTime
103c3f70	TdrDbgFmt_ErrCodeReqWrap_103c3f70
103c54d0	TdrPack_ByteThreeStr4096_103c54d0
103c76e0	TdrDbgFmt_CtxArray_max20
103c7a80	TdrDbgFmt_ArgsWrap_103c7a80
103c7c60	TdrPack_PresenceByteOnly_103c7c60
103c7f80	TdrPack_PresenceByteOnly_103c7f80
103c82a0	TdrPack_PresenceByteOnly_103c82a0
103c8de0	TdrDbgFmt_ArgsCtxWrap
103c9210	TdrDbgFmt_TypedAwards_max20
103caad0	TdrPack_PresenceByteOnly_103caad0
103cc870	TdrPack_ActivityArray_max100
103cca70	TdrDbgFmt_ActivityList_max100
103ccca0	TdrUnpack_FixedStr32_103ccca0
103cd210	TdrDbgFmt_ActivityWinners_max10
103cd470	TdrUnpack_Str128Int32_103cd470
103cdaf0	TdrDbgFmt_TokensArray_max20
103ce080	TdrUnpack_FixedStr1024_103ce080
103ce410	TdrUnpack_TwoStr32_TwoInt32_103ce410
103ce950	TdrUnpack_Str32_Int32Arr32_Str32_a
103cef50	TdrUnpack_Str32_Int32Arr32_Str32_b
103cf530	TdrUnpack_FixedStr32_103cf530
103cf8b0	TdrPack_TwoStrings_32_1024
103cfdc0	TdrPack_TwoStrings_32_1024_dup
103d02d0	TdrPack_Str32_I32
103d0740	TdrPack_Str32_I32_U8_U8_Str128
103d1480	TdrPack_ThreeStrings_128_128_256
103d1a20	TdrPack_U8_Str256
103d2230	TdrPack_HdrWith31Array
103d38b0	TdrPack_HuntTaskElem
103d4010	TdrPack_HuntTaskList
103d4220	TdrDump_HuntTaskList
103d50e0	TdrPack_U8U8U8_Array
103d54e0	TdrPack_U8_Str128_Str256
103d6600	TdrPack_LargeMultiStringStruct
103d7470	TdrPack_SingleU8
103d79a0	TdrDump_ActivityList
103d80d0	TdrDump_SimpleDetailPair
103d84d0	TdrDump_SimpleWithWorldSvrID
103d96a0	TdrDump_RequestWithTwoResults
103daf70	TdrPack_Str32_a
103db2f0	TdrPack_Str32_b
103db960	TdrPack_Str32_c
103ddf10	TdrDump_LeagueOpenList
103df310	TdrDump_LeagueInfoList
103df550	TdrPack_Str32_d
103df8d0	TdrPack_Str32_e
103dfe40	TdrDump_ClanerNameList
103e1060	TdrPack_Str32_f
103e2110	TdrDump_ClanerDetail
103e2670	TdrDump_ClanerList
103e3090	TdrDump_Claner_a
103e33b0	TdrDump_Claner_b
103e36d0	TdrDump_Clan
103e3a70	TdrDump_ClanersWithCount
103e4730	TdrPack_Str32_Str32_I32_I32
103e55b0	TdrPack_Str32_I64_Sub
103e7000	TdrPack_U8Count_I32Array100
103e7730	TdrPack_U8Count_I32U8Array100
103e7930	TdrDump_GiftList
103e7ed0	TdrPack_U8Count_I32U8Array50
103e80d0	TdrDump_GroupInfoList
103e86c0	TdrPack_SingleU8_b
103e89e0	TdrPack_SingleU8_c
103e9340	TdrPack_SingleU8_d
103ec6e0	TdrPack_U8_U16_I64_U8
103ecaa0	TdrPack_U8_U16_I64_U8_dup1
103ece50	TdrPack_U8_U16_U8
103ed1e0	TdrPack_U8_U16_U8_dup
103ed570	TdrPack_U8_U16
103ed8f0	TdrPack_U8_U16_I32
103ee5c0	TdrPack_U8_U16_I64_U8_dup2
103f0530	TdrDump_ItemList30
103f0ee0	TdrDump_BagStoreMailItems
103f1fe0	TdrDump_Tracks5
103f2440	TdrDump_TracksSet10
103f2690	TdrPack_U8_Enum_Sub
103f5200	TdrPack_U8_U16_U8_U16_U8_Array6
103f6320	TdrDump_ItemList5_WithBind
103f6ef0	TdrDump_CostItemEquipRoute
103f7370	TdrDump_RetCodeWithReq
103f7b00	TdrDump_Trace5
103f7f60	TdrDump_TraceSet50
103f81b0	TdrPack_U8_Enum_Sub_b
103f8c50	TdrDump_Box_Items10_Equip10_BagFull
103f92a0	TdrDump_Box_Items11_Equip11
103f9900	TdrDump_Box_Items11_Equip11_BagFull
103f9e90	TdrDump_Level_Items40_BagFull
103fd480	TdrDump_BoxID_ItemList11
103ff0b0	TdrPack_U8_U8_U8
103ffa10	TdrDump_AvatarUpdate
10401ab0	TdrDump_TitleDataList
10401de0	TdrPack_RoleInfoLarge
10403120	TdrDump_OpenGoodsList
104035b0	TdrDump_OpenGoodsList_WithResult
10404510	TdrPack_MsgHeader_I32_BE16_I32
10406770	TdrDump_RewardInfoList
104077a0	TdrDump_CatCuisineOpenInfo
10409f10	TdrPack_Str33_U8_I32_U8
1040a360	TdrPack_SingleU8_e
1040b520	TdrDump_RemoteDataUnion
10412220	TdrPack_Str256
10413720	TdrDump_AppearList4
10414170	TdrPack_SingleU8_f
10414790	TdrPack_Str32_I32_4xU8
10414c70	TdrPack_U8_U16_b
10415a10	TdrPack_U8_I32_Str32
10417450	TdrDump_PlayerInfoList12
1041c640	TdrPack_SingleU8_g
1041cda0	TdrDump_DataWrapper
1041de50	TdrDump_GuideBookData
1041e120	TdrPack_SingleU8_h
10420a10	TdrDump_PassLevelInfoList
10420ec0	TdrDump_MonsterCardMaterials
104227c0	PkgHead_TdrDebugFormat
10459960	Pkg_TdrDebugFormat_HeadBody
104a6ea0	IsCatArchetypeName
105474f0	GameLogicEvent_Dispatch_A (virtualized)
105afde0	NetEventResponse_Dispatch_B (virtualized)
107fd030	MsgHandler_TaskDialogClose_A
107fd390	MsgHandler_NpcTaskDlgComplete_A
107fdf20	MsgHandler_NpcTaskDlgComplete_B
107feb50	MsgHandler_TaskDialogClose_B
10851330	MsgHandler_ChangeFaceOrSex_S2C
109daac0	UI_PopulateInstanceLevelInfo
10a7bea0	RMI_RecvDispatch_Thunk_10a7bea0
10a7bf70	RMI_RecvDispatch_Thunk_10a7bf70
10a7c040	RMI_RecvDispatch_Thunk_10a7c040
10a7c110	RMI_RecvDispatch_Thunk_10a7c110
10a7c1e0	RMI_RecvDispatch_Thunk_10a7c1e0
10a7c2b0	RMI_RecvDispatch_Thunk_10a7c2b0
10a7c380	RMI_RecvDispatch_Thunk_10a7c380
10a7c450	RMI_RecvDispatch_Thunk_10a7c450
10a7c520	RMI_RecvDispatch_Thunk_10a7c520
10a7c5f0	RMI_RecvDispatch_Thunk_10a7c5f0
10a7c6c0	RMI_RecvDispatch_Thunk_10a7c6c0
10b39950	RMI_RecvDispatch_Thunk_10b39950
10b39a20	RMI_RecvDispatch_Thunk_10b39a20
10b3dbc0	RMI_RecvDispatch_Thunk_10b3dbc0
10b3dc90	RMI_RecvDispatch_Thunk_10b3dc90
10c30f40	RMI_RecvDispatch_Thunk_10c30f40
10c31010	RMI_RecvDispatch_Thunk_10c31010
10c310e0	RMI_RecvDispatch_Thunk_10c310e0
10c311b0	RMI_RecvDispatch_Thunk_10c311b0
10c31280	RMI_RecvDispatch_Thunk_10c31280
10c31350	RMI_RecvDispatch_Thunk_10c31350
10c31430	RMI_RecvDispatch_Thunk_10c31430
10c31500	RMI_RecvDispatch_Thunk_10c31500
10c315d0	RMI_RecvDispatch_Thunk_10c315d0
10c316b0	RMI_RecvDispatch_Thunk_10c316b0
10c31780	RMI_RecvDispatch_Thunk_10c31780
10c31850	RMI_RecvDispatch_Thunk_10c31850
10c31920	RMI_RecvDispatch_Thunk_10c31920
10c319f0	RMI_RecvDispatch_Thunk_10c319f0
10c31ac0	RMI_RecvDispatch_Thunk_10c31ac0
10c31b90	RMI_RecvDispatch_Thunk_10c31b90
10c31c60	RMI_RecvDispatch_Thunk_10c31c60
10c31d30	RMI_RecvDispatch_Thunk_10c31d30
10c31e00	RMI_RecvDispatch_Thunk_10c31e00
10c31ed0	RMI_RecvDispatch_Thunk_10c31ed0
10c31fa0	RMI_RecvDispatch_Thunk_10c31fa0
10c32070	RMI_RecvDispatch_Thunk_10c32070
10c32140	RMI_RecvDispatch_Thunk_10c32140
10c32210	RMI_RecvDispatch_Thunk_10c32210
10c322e0	RMI_RecvDispatch_Thunk_10c322e0
10c89a30	RMI_RecvDispatch_Thunk_10c89a30
10cc5670	RMI_RecvDispatch_Thunk_10cc5670
10cc5740	RMI_RecvDispatch_Thunk_10cc5740
10d0e640	AI_LoadFearSteeringParams
10db31e0	RMI_RecvDispatch_Thunk_10db31e0
10db32b0	RMI_RecvDispatch_Thunk_10db32b0
10db3380	RMI_RecvDispatch_Thunk_10db3380
10db3450	RMI_RecvDispatch_Thunk_10db3450
10db3520	RMI_RecvDispatch_Thunk_10db3520
10db35f0	RMI_RecvDispatch_Thunk_10db35f0
10db36c0	RMI_RecvDispatch_Thunk_10db36c0
10db3790	RMI_RecvDispatch_Thunk_10db3790
10e1bdd0	FlowNode_GetFarmInfo_RegisterPorts
10ed05e0	RMI_RecvDispatch_Thunk_10ed05e0
10ed06b0	RMI_RecvDispatch_Thunk_10ed06b0
10ed0780	RMI_RecvDispatch_Thunk_10ed0780
10ed0850	RMI_RecvDispatch_Thunk_10ed0850
10ed0920	RMI_RecvDispatch_Thunk_10ed0920
10ed09f0	RMI_RecvDispatch_Thunk_10ed09f0
10ed0ac0	RMI_RecvDispatch_Thunk_10ed0ac0
10ed0b90	RMI_RecvDispatch_Thunk_10ed0b90
10f27de0	RMI_RecvDispatch_Thunk_10f27de0
10f27eb0	RMI_RecvDispatch_Thunk_10f27eb0
10f27f80	RMI_RecvDispatch_Thunk_10f27f80
10f28050	RMI_RecvDispatch_Thunk_10f28050
10f28120	RMI_RecvDispatch_Thunk_10f28120
10f281f0	RMI_RecvDispatch_Thunk_10f281f0
10f282c0	RMI_RecvDispatch_Thunk_10f282c0
10f28390	RMI_RecvDispatch_Thunk_10f28390
1110fe60	RMI_RecvDispatch_Thunk_1110fe60
1110ff30	RMI_RecvDispatch_Thunk_1110ff30
11110000	RMI_RecvDispatch_Thunk_11110000
111100d0	RMI_RecvDispatch_Thunk_111100d0
111101a0	RMI_RecvDispatch_Thunk_111101a0
11110270	RMI_RecvDispatch_Thunk_11110270
11110340	RMI_RecvDispatch_Thunk_11110340
11110410	RMI_RecvDispatch_Thunk_11110410
111104e0	RMI_RecvDispatch_Thunk_111104e0
111105b0	RMI_RecvDispatch_Thunk_111105b0
115d8840	PvpDamage_GetTimeDecayMultiplier
115d8940	PvpDamage_LookupEntryByKey
115daad0	PvpDamage_GetDistanceScaledValue
118a46e0	ParseGatherResourceConfigRow
11a348f0	ParseActivityLootCoeffConfigRow
