10255cc0	BTAttributeInfo::GetInt
10255cf0	BTAttributeInfo::GetBool
10255fe0	SmartPtr::Release
10256190	CBTEventTypeRegistry::RegisterEnumNames
10257170	SmartPtr::Release
102571d0	SmartPtr::Release
10257230	SmartPtr::Release
10257270	CBTNodeBase::Ctor
10258840	CBTActor::LoadBehaviorTreeFromAISetting
1025aa10	SmartPtr::ReleaseMember
1025aa60	SmartPtr::ReleaseMember
1025aab0	SmartPtr::ReleaseMember
1025b730	CBTActor::GetBlackboardInt
1025b860	CBTActor::GetBlackboardBool
1025bd90	BTVec3::Subtract
1025c060	IdPtrNameSvr<CBehaviorTree>::Register
1025c570	BTVec3::SetFromRegs
1025ef10	IdPtrNameSvr<CBehaviorTree>::GetInstance
10260400	BTVec4::IsEquivalentSignInsensitive
102608a0	BTVec4::IsEquivalentSignInsensitive
10260b20	BTVec4::IsEquivalentSignInsensitive
10260ce0	BTVec4::IsEquivalentWithTol
10260eb0	BTVec4::Negate
10260f60	BTVec3::Negate
10261ce0	CBTActorDerived::Ctor
10262030	CBTActor::LoadClientBehaviorTree
10262280	CBTActor::LoadSkillBehaviorTrees
10262480	CBTActor::LoadDefaultBehaviorTree
10263ac0	CBTActorDefaultTree::Ctor
102654c0	CBTActor::DetachChildNode
10267bb0	CBTBlackboardFact::Dtor_Deleting
10267c20	CBTBlackboardFact::Dtor
10268060	SmartPtr::Assign
1026a360	CAnimusInfoSystemManager::RegisterEventHandler
1026a3f0	CAnimusInfoSystemManager::RegisterEventHandler2
1026a4d0	SmartPtr::AssignInMap
1026a610	CBTEventHandler::OnEvent
1026a670	CBTHandler::OnAddThreatEvent
1026a780	CBTHandler::OnEvent_0x9cb_Broadcast
1026ab60	SmartPtr::CopyAssign
1026acc0	CBTMap::EraseNode
1026b090	CBTMap::DestroySubtree
1026b7b0	SmartPtr::ReleaseAt4
1026bc60	SmartPtr::Release
1026bf90	SmartPtr::AssignInMap
1026c0d0	CBTEventHandler::OnEvent_v4
1026c300	SmartPtr::CopyAssign
1026c3e0	CBTMap::EraseNode
1026c590	CBTMap::DestroySubtree
1026cba0	SmartPtr::ReleaseAt4
1026d130	CBehaviorTreeEventSystem::RegisterEventSlots
1026d9d0	CMVMPowerManager::RegisterEventHandler
1026daa0	SmartPtr::AssignInMap
1026dbe0	CBTEventHandler::OnEvent_v13
1026ddd0	SmartPtr::CopyAssign
1026deb0	CBTMap::EraseNode
1026e060	CBTMap::DestroySubtree
1026e670	SmartPtr::ReleaseAt4
1026ed50	CMVMFightManager::RegisterEventHandler
1026ee20	SmartPtr::AssignInMap
1026ef60	CBTEventHandler::OnEvent_v13b
1026f150	SmartPtr::CopyAssign
1026f230	CBTMap::EraseNode
1026f3e0	CBTMap::DestroySubtree
1026f9f0	SmartPtr::ReleaseAt4
1026fea0	SmartPtr::Release
102700d0	SmartPtr::AssignInMap_WithInit
102703f0	SmartPtr::CopyAssign
102704d0	CBTMap::EraseNode
10270680	CBTMap::DestroySubtree
10270ba0	SmartPtr::ReleaseAt4
102a6fc0	TdrPrint_EffectSpawnData
102b1930	TdrPrint_EntitySpawnData
102d1ac0	TdrPrint_TrapSpawnData
102ee200	TdrPrint_MonsterSpawnData
102ef620	TdrPrint_MonsterPartSpawnData
10467d80	TdrMeta_BTBlackboardFact_A
10467ea0	TdrMeta_BTBlackboardFact_B
10468ac0	TdrMeta_BTBlackboardFact_C
10468b80	TdrMeta_BTBlackboardFact_D
10468c40	TdrMeta_BTBlackboardFact_E
10468d00	TdrMeta_BTBlackboardFact_F
10468dc0	TdrMeta_BTBlackboardFact_G
10468e80	TdrMeta_BTBlackboardFact_H
10468f60	TdrMeta_BTBlackboardFact_I
10469020	TdrMeta_BTBlackboardFact_J
10469910	BTVec3::AddOrSubByFlag
1046a430	BTVec3::Add
1046c210	TdrMeta_BTBlackboard
1046d000	CBehaviorTree::BuildScriptFilePath
1046e830	TdrMeta_BTBlackboardSystem
1046f700	BTVec3::InitZeroGlobal
1046f840	BTVec4::SetFromRegs
10472500	TdrMeta_BTBlackboard_b
1047b8a0	CBTBlackboardSystem::SetOwner
1047bfd0	CBTBlackboardSystem::Dtor
1047f010	SmartPtr::ReleaseMember
1047f060	SmartPtr::AssignRaw
1047f0c0	SmartPtr::CopyAssign
10486530	CBTBlackboard::Dtor
10486a80	SmartPtr::CopyAssign_v4
10486f00	SmartPtr::CopyAssign
104878e0	CBTMap::DestroySubtree_v4
104879a0	CBTMap::DestroySubtree_v0
10487ef0	CBTMap::InsertSortedByName
10488100	CBTMapNode::Dtor_v4
10488160	CBTMapNode::Dtor_v0
10488900	CBTMapNode::Dtor_v4b
10488ad0	SmartPtrVector::InsertRange
10488eb0	BTObject::~Dtor_ReleaseSmartPtr18
10489360	SmartPtrVector::UninitializedCopyForward
10489a30	BTObject::~Dtor_ReleaseSmartPtr18_b
10489d60	BTObject::~Dtor_ReleaseSmartPtr18_c
1048a240	SmartPtrVector::DestroyRangeBackward
1048a2e0	SmartPtrVector::DestroyRangeForward
1048a3a0	BTObject::~Dtor_ReleaseSmartPtr18_ret
1048a3f0	BTObject::~Dtor_ReleaseSmartPtr18_ret_b
1048a930	SmartPtrVector::MoveBackward
1048a9b0	SmartPtrVector::CopyAssignRange
1048ac50	SmartPtr::Release
10492f90	SmartPtr::Release_vtable0
104931f0	CBTNodeGroup::~Dtor
104979c0	CBTNode::SetSmartPtrMember50
104994b0	LoadBehaviorTree::ApplyOverrideBranch
10499a30	LoadBehaviorTree::LoadXmlRoot
10499f10	LoadBehaviorTree::ParseNode
1049ae30	LoadBehaviorTree::ParseNodeCustomAttrs
1049b020	LoadBehaviorTree::ExpandReferencesAndApplyOverrides
1049c650	SmartPtr::Assign
104a2050	CBehaviorTreeContext::Ctor
104a2af0	CBehaviorTreeContext::LoadAISettingsToBlackboard
104a6720	CBehaviorTreeContext::SerializeNodeRef
104a69f0	CBehaviorTreeContext::BuildRuntimeNodeMaps
104b4e40	CBTObject::SetSmartPtrMember84
104b51a0	CBTObject::~Dtor
104b6d90	CBTIteratorState::Ctor
104b6eb0	CBTIteratorState::~Dtor
104b7090	CBTObject::CallVtable38ThenHelper
104b9210	LoadBlackBoard::ParseXml
104b9f60	CBlackBoardVar::~Dtor
104bad50	CBTTreeWalker::Init
104bb120	SmartPtr::Assign_refcount4
104c3ac0	SmartPtr::Release_withInnerRelease
104c4860	BTCryVector3::ParseFromParamString
104f7900	WildHunt::BuildActivityViewData
104f8c00	WildHunt::BuildTaskSummaryViewData
104f9760	CGameContext::GetWildHuntModeId_Cached
109627c0	CLoadingScreen::BuildLoadingScreenData
109d87e0	COperationActivityConstTable::Load
10a63840	CBTLevelActor::InitFromEntityProperties
10a68450	IdPtrNameSvr_CBTActor::GetIdPtrBaseName_Init
10a68510	IdPtrNameSvr_CBTLevelActor::GetIdPtrBaseName_Init
10a6b810	CBTActor::Create_WithIdPtr
10a6b950	CBTLevelActor::Create_WithIdPtr
10a6c630	IdPtrNameSvr_CBTActor::RegisterType
10a6c690	IdPtrNameSvr_CBTLevelActor::RegisterType
10a86ac0	AISystem::LoadAngerAndSpawnSettings
10aa66e0	CBTActor::InstantiateBehaviorTreeForEntity
10aab760	CGmMonsterAiInfo::DumpToProtocol
10aacc30	AISystem::PreloadEntityBehaviorTreeFiles
10aad5c0	AISystem::ScanArchetypesAndPreloadBTs
10aae120	CBTActor::Create_WithIdPtr_dup
10ab1740	SAmmoParams::ParseFlagsAndParams
10b13370	CBoids::PlaySpawnBubbleOrSplashEffect
10b1e3f0	SBoidsCreateContext::LoadFromParams
10b367b0	CBoids::SpawnParticleEffectWithStatus
10b839c0	CBattleDust::LoadConfig
10b898f0	CFunnelCloud::InitFromProperties
10b8b1c0	CGroundEffect::LoadSpawnProperties
10bcb9a0	CGameCollectPoint::SpawnEntity
10bdbc20	CGame::UnregisterDevConsoleCommands
10be99f0	CActor::InitFromSpawn
10c05b30	CGameRules::RequestSpawnGroup_ClientRMI
10c05b90	CGameRules::SetPlayerSpawnGroup_RMI
10c05c00	CGameRules::GetPlayerSpawnGroup_RMI
10c05d50	CGameRules::OnSpawnGroupInvalid
10c21d10	CProjectileEffect::SpawnWeakBloodHit
10c225a0	CProjectileEffect::SpawnShootBloodEffect
10c330b0	CGame::RegisterMHODebugConsoleCommands
10c36430	CmdDisableMonsterAI_GM
10c3c550	CEntity::PlaySpawnEffectFromProperty
10c5dcb0	CTrigger::NotifyBTNewComers_All
10c5e3d0	CTrigger::NotifyBTNewComer_Single
10c8a390	CUIEntityDynTexTag::RegisterFlowNode
10ccea90	CPickableItem::LoadPropertiesFromScript
10d07650	CThreatModifier::DebugDrawCollisionPath
10d14690	CFlockWanderBehavior::CalcWanderTarget
10d14c70	CFlockWanderBehavior::ctor
10d15c60	CEntityCustomRoot::LoadAIAndModelSettings
10d1ee70	CMHGameFramework::RegisterScriptBindings
10d20450	ScriptBind::SpawnCollectPointUnderEntity
10d224f0	ScriptBind::Spawner_DoSpawn
10d49870	CSpawnRegion::SerializeProperties
10d604a0	CProximityTrigger::FireBTEnterEvent
10d60510	CProximityTrigger::FireBTLeaveEvent
10d72ff0	CShotgun::ShootBurst
10d858d0	CProjectileSpawnEffectInfo::GetByIndex
10d8ccc0	CLogicEntity::LoadPropertiesFromScript
10d8d3a0	CVehicleWeapon::ShootBurstWithEffect
10d9c1b0	CAnimEventHandler::OnCustomAnimEvent
10da0520	CMonster::SpawnParticleEffect
10db7120	CMonster::ComputeAimReflectedTarget
10dbb900	CMonster::ApplyCustomAppearanceSettings
10e5a420	FlowNode_SpawnEventFilter::GetConfiguration
10e741a0	FlowNode_LogicEntitySpawnEventFilter::GetConfiguration
10e97da0	FlowNode_DoSpawn_A::GetConfiguration
10e989c0	FlowNode_DoSpawn_B::GetConfiguration
10e98ed0	FlowNode_DoSpawn_C::GetConfiguration
10e994c0	FlowNode_DoSpawn_D::GetConfiguration
10e99a40	FlowNode_MonsterSpawnGroup::GetConfiguration
10e9ad80	CLevelSpawnBatchInfo::GetRecordByIndex
10e9b010	CSpawnMonsterGroupInfo::GetRecordByIndex
10e9e840	FlowNode_MonsterSupplier::GetConfiguration
10ea1ab0	FlowNode_MonsterQuestModule::GetConfiguration
10ea1fc0	FlowNode_SpawnGroup3Slot::GetConfiguration
10eb7360	FlowNode_SpawnEntityByArchetype::GetConfiguration
10ec8f70	CPlayer::SpawnParticleEffect
10efa380	CPlayer::SpawnPerfectDodgeEffect
10f10670	CPlayer::SpawnParticleEffect_dup
10f9ac10	CParticleEmitterList::SpawnEffectsForEntry
10f9ace0	CParticleEmitterList::SpawnEffectAtIndex
10f9b480	CParticleEmitterList::SpawnEffectShared
11004740	BehaviorTree::LoadWithParentInheritance
1101b290	CMonster::OnDamageFireBTDamageEvent
11035fb0	ScriptBind_BehaviorTree::Register
110367a0	ScriptBind_BT::GetComponentHelper
110367e0	ScriptBind_BT::SetBlackboardEntityID
11036870	ScriptBind_BT::SetBlackboardFloat
11036900	ScriptBind_BT::SetBlackboardVec3
110369a0	ScriptBind_BT::SetBlackboardBool
11036a30	ScriptBind_BT::SetBlackboardString
11036ad0	ScriptBind_BT::SetBlackboardUint
11036b30	ScriptBind_BT::SetBlackboardStringString
11036d60	ScriptBind_BT::GetBlackboardEntityID
11036e50	ScriptBind_BT::GetBlackboardFloat
11036f30	ScriptBind_BT::GetBlackboardVec3
11037020	ScriptBind_BT::GetBlackboardBool
11037100	ScriptBind_BT::GetBlackboardString
110371f0	ScriptBind_BT::LoadEventBehaviorTree
11037380	ScriptBind_BT::LoadBehaviorTree
11037510	ScriptBind_BT::LoadBlackboard
110376a0	ScriptBind_BT::ClearAllTrees
110376f0	ScriptBind_BT::InitBehaviorTrees
110377d0	ScriptBind_BT::ExecuteEventTree
11037820	BehaviorTree::StripScriptPathPrefix
110378a0	ScriptBind_BT::GetComponentPtr
11037e80	ScriptBind_MonsterBehaviorTree::Register
1103a300	BehaviorTree::StripScriptPathPrefix_dup
11080ba0	SharkAI::SerializeParams
11082790	SharkAI::OnEventAndReadParams
1129ddf0	CCliBattleGroundMgr::OnGameEvent_SpawnLocalPlayer
1129fae0	CCliBattleGroundMgr::OnRecvPlayerInitMsg
112a9d80	CCliGameContext::SpawnLocalTempPlayer
112df200	SingletonNameSvr_CCliWildHuntMgr::ctor
112df2f0	SingletonNameSvr_CCliWildHuntMgr::destroy
112df490	CCliWildHuntMgr::LoadWildHuntConfig
112df5d0	SingletonNameSvr_CCliWildHuntMgr::setInstance
112df5f0	SingletonNameSvr_CCliWildHuntMgr::registerName
11511390	CGiftBagGroupInfo::GetFieldByKey_0x2c
115113f0	CGiftBagGroupInfo::GetFieldByIndex_0x2c
11511430	CGiftBagGroupInfo::GetRecordByKey
11511480	CGiftBagGroupInfo::GetRecordByIndex
115114e0	CGiftBagGroupInfo::ForEach_or_GetCount
115312e0	CMHLevelInfo::CheckWildHuntPhaseRewardWindow
115608b0	CGMCommandRegistry::RegisterCommands
115a28f0	SingletonNameSvr_CWildHuntMgr::ctor
115a2d30	SingletonNameSvr_CWildHuntMgr::setInstance
115a2d80	SingletonNameSvr_CWildHuntMgr::registerName
115c8990	IBattleGroundSpawnConfig::SpawnLog
115f6260	CBTNode_EffectSpawnedCollectPoint::Execute
11643b90	CMonsterSpawnGroup::EnableSpawner
11644370	CMonsterSpawnGroup::ResolveSpawnGroupInfo
116448e0	CMonsterSpawnGroup::_CheckRespawn
116ae000	CMonsterSpawnGroup::DoSpawnBatch
116f1b30	CEffectSpawnInfo::ReadConfig
116f8790	CSpawnMonsterGroupInfo::ReadConfig
116fc320	CLevelSpawnBatchInfo::GetManager
116fcc00	CLevelSpawnBatchInfo::ReadConfig
117045a0	CFGModuleOnMonsterStateAbnormalInfo::GetRecordByKey
11711230	CMHLevel::ParseLevelEntities
11741100	CWildHunt::GetManager
11741130	CWildHuntConst::GetManager
1177ed70	GiftBagGroupAllRFTCheckDef::ctor
1177eda0	GiftBagGroupCharLevelCheckRngDef::ctor
1177edd0	GiftBagGroupDRFTCheckDef::ctor
1177ee00	GiftBagGroupDef::ctor
1177ee30	GiftBagGroupHRLevelCheckRngDef::ctor
11780a50	GiftBagGroupAllRFTCheckDef::ctor_dup
11780a80	GiftBagGroupCharLevelCheckRngDef::ctor_dup
11780ab0	GiftBagGroupDRFTCheckDef::ctor_dup
11780ae0	GiftBagGroupDef::ctor_dup
11780b10	GiftBagGroupHRLevelCheckRngDef::ctor_dup
117bf4e0	CMonsterInfo::ReadConfig
11807a20	CWildHuntTaskRatioInfo::GetRecordByIndex
1189c230	CMHLevelSpawnConfig::ParseLevelXml
1189ca40	CMonsterSpawnGroupEntry::ParseXml
118a3500	MHMonsterSpawnPoint::ParseEntity
118a40b0	SpawnMonsterGroupInfo::registerName
118a4120	SpawnMonsterGroupInfo::GetTypeDescriptor
11936910	OnMonsterStateAbnormalInfo::GetTypeDescriptor
11957970	SpawnInfo::GetTypeDescriptor
11958350	CSpawnObjectiveInfo::ReadConfig
11958c30	CSpawnInfoEntry::ReadConfig
119ddbd0	CSpawnEntityEffectInfo::ReadConfig
11a21e50	CWildHuntSpawnGroupInfo::ReadConfig
11a23370	MonsterSpawnCondition_KillCount::ParseFromXmlNode
11a24910	MonsterSpawnCondition_ItemCollect::ParseFromXmlNode
11a26090	MonsterSpawnCondition_BreakPart::ParseFromXmlNode
11a27780	MonsterSpawnCondition_AbnormalState::ParseFromXmlNode
11a28a80	MonsterSpawnCondition_MonsterPresent::ParseFromXmlNode
11a2a160	MonsterSpawnCondition_HitPart::ParseFromXmlNode
11a2b5a0	MonsterSpawnCondition_ItemCollect2::ParseFromXmlNode
