#cmd	hex	consumed	handlerMapFn	gameListenerCb	gameListenerInvoke	genListener
1	0x1	YES	-	0x10551860	0x10604af0	0x10615c50
2	0x2	YES	-	0x10551a20	0x10604b50,0x111afbc0,0x1123c260	0x10615cb0
3	0x3	YES	-	0x10551be0,0x10925b50	0x10604bb0,0x10928e40	0x10615d10
4	0x4	YES	-	0x1050b580,0x10551de0,0x107e4e90,0x108341d0,0x1083b280,0x108a04a0,0x108d2a00,0x1090bf90,0x10925b40,0x10930e80,0x10972ef0,0x109c2460,0x10d18650,0x1123c040	0x1050df00,0x10604c10,0x107e95c0,0x1083a8c0,0x1083b9b0,0x108a0bb0,0x108e0520,0x10910880,0x10928de0,0x1093bb50,0x10974290,0x109c4ae0,0x10d1a680,0x1123c1e0	0x10615d70
5	0x5	YES	-	0x10551fa0	0x10604c70	0x10615dd0
6	0x6	YES	-	0x10552120	0x10604cd0	0x10615e30
7	0x7	YES	-	0x105522c0,0x10d18690	0x10604d30,0x10d1a660	0x10615e90
8	0x8	YES	-	0x10552470	0x10604d90,0x110af9b0	0x10615ef0
9	0x9	YES	-	0x105525f0	0x10604df0	0x10615f50
10	0xa	YES	-	0x10552870	0x10604e50	0x10615fb0
11	0xb	YES	-	0x10552a10,0x105a1b10	0x10604eb0,0x10616010	-
12	0xc	YES	-	0x10552bb0,0x105a1c40	0x10604f10,0x10616070	-
13	0xd	YES	-	0x10552d70,0x105a1d40,0x1123b570	0x10604f70,0x106160d0,0x1123b890	-
14	0xe	YES	-	0x10552ef0,0x105a1ed0,0x1123c0c0	0x10604fd0,0x10616130,0x1123b930,0x1123c240	-
15	0xf	YES	-	0x10553070,0x105a1fd0	0x10605030,0x10616190,0x1123b950	-
16	0x10	YES	-	0x105531f0,0x105a20d0,0x1123b600	0x10605090,0x106161f0,0x1123b8d0	-
17	0x11	YES	-	0x105533f0,0x105a2200	0x106050f0,0x10616250,0x1123b8f0	-
18	0x12	YES	-	0x105535b0,0x105a2300,0x1123b6b0	0x10605150,0x106162b0,0x1123b910	-
19	0x13	YES	-	0x10553790,0x105a2400,0x1123b5e0	0x106051b0,0x10616310,0x1123b8b0	-
20	0x14	YES	-	0x10553950,0x105a2500	0x10605210,0x10616370	-
21	0x15	YES	-	0x10553af0,0x105a2690	0x10605270,0x106163d0	-
22	0x16	YES	-	0x10553c90,0x105a2840	0x106052d0,0x10616430	-
23	0x17	YES	-	0x1050b690,0x10553e30,0x105a29f0,0x10b5b350	0x1050df60,0x10605330,0x10616490,0x10b5b950	-
24	0x18	YES	-	0x10553fd0,0x105a2af0	0x10605390,0x106164f0	-
25	0x19	YES	-	0x10554150,0x105a2bf0	0x106053f0,0x10616550	-
26	0x1a	YES	-	0x105548b0,0x105a2d20	0x10605450,0x106165b0	-
27	0x1b	YES	-	0x10554a90,0x105a2e40,0x10839570	0x106054b0,0x10616610,0x1083a860	-
28	0x1c	YES	-	0x10554c30,0x105a2f60,0x10855489	0x10605510,0x10616670,0x10854980	-
29	0x1d	YES	-	0x10554dd0,0x105a3090,0x10855498	0x10605570,0x106166d0,0x108549e0	-
30	0x1e	YES	-	0x10554ff0,0x105a3190,0x108554a7	0x106055d0,0x10616730,0x10854a40	-
31	0x1f	YES	-	0x105551d0,0x105a3290,0x1085547f	0x10605630,0x10616790,0x10854aa0	-
32	0x20	YES	-	0x10555390,0x105a3390,0x10b5b3b0	0x10605690,0x106167f0,0x10b5b970	-
33	0x21	YES	-	0x105556d0,0x105a3510	0x106056f0,0x10616850	-
34	0x22	YES	-	0x105a3670,0x1080c0d0	0x106168b0,0x1080f770	-
35	0x23	YES	-	0x10555850,0x105a37d0	0x10605750,0x10616910	-
36	0x24	YES	-	0x10555b40,0x105a3a60	0x106057b0,0x10616970	-
37	0x25	YES	-	0x10555c80,0x105a3b90	0x10605810,0x106169d0	-
38	0x26	YES	-	0x10555e90,0x105a3c90	0x10605870,0x10616a30	-
39	0x27	YES	-	0x105561b0,0x105a3d90,0x1085548e,0x1123c0b0	0x106058d0,0x10616a90,0x10854b00,0x1123c220	-
40	0x28	YES	-	0x105564c0,0x105a3e90	0x10605930,0x10616af0	-
41	0x29	YES	-	0x10556880,0x105a3fc0,0x10899810	0x10605990,0x10616b50,0x1089a290	-
42	0x2a	YES	-	0x10556bf0,0x105a4120,0x10899830	0x106059f0,0x10616bb0,0x1089a2f0	-
43	0x2b	YES	-	0x10556e00,0x105a4280,0x10e21956	0x10605a50,0x10616c10,0x10e2a3c0	-
44	0x2c	YES	-	0x10556f80,0x105a43e0	0x10605ab0,0x10616c70	-
45	0x2d	YES	-	0x10557230,0x105a4590	0x10605b10,0x10616cd0	-
46	0x2e	YES	-	0x10557470,0x105a4690,0x1123c0d0	0x10605b70,0x10616d30,0x1123c200	-
47	0x2f	YES	-	0x10557640,0x105a4790	0x10605bd0,0x10616d90	-
48	0x30	YES	-	0x105578c0,0x105a48f0	0x10605c30,0x10616df0	-
49	0x31	YES	-	0x10557ac0,0x105a4a80	0x10605c90,0x10616e50	-
50	0x32	YES	-	0x10557c80,0x105a4bb0,0x10924660	0x10605cf0,0x10616eb0,0x10928d80	-
51	0x33	YES	-	0x10557e40,0x105a4ce0	0x10605d50,0x10616f10	-
52	0x34	YES	-	0x10558000,0x105a4de0	0x10605db0,0x10616f70	-
53	0x35	YES	-	0x10558180,0x105a4f40	0x10605e10,0x10616fd0	-
54	0x36	YES	-	0x10558350,0x105a50d0	0x10605e70,0x10617030	-
55	0x37	YES	-	0x10558720,0x105a52a0	0x10605ed0,0x10617090	-
56	0x38	YES	-	0x10558aa0,0x105a53d0	0x10605f30,0x106170f0	-
57	0x39	YES	-	0x10558c20,0x105a5500	0x10605f90,0x10617150	-
58	0x3a	YES	-	0x10558e00,0x105a5630,0x1080c0f0,0x10a08c80	0x10605ff0,0x106171b0,0x1080f7d0,0x10a0ec40	-
59	0x3b	YES	-	0x10558fa0,0x105a5790,0x10a08e00,0x10e21956	0x10606050,0x10617210,0x10a0eca0,0x10e2a3e0	-
60	0x3c	YES	-	0x105592d0,0x105a58f0	0x106060b0,0x10617270	-
61	0x3d	YES	-	0x105594e0,0x105a5a60	0x10606110,0x106172d0	-
62	0x3e	YES	-	0x10530d70,0x105596c0,0x105a5b90	0x1053e670,0x10606170,0x10617330	-
63	0x3f	YES	-	0x10559880,0x105a5cf0	0x106061d0,0x10617390	-
64	0x40	YES	-	0x10559c10,0x105a5e50	0x10606230,0x106173f0	-
65	0x41	YES	-	0x10559d50,0x105a6120	0x10606290,0x10617450	-
66	0x42	YES	-	0x10559f40,0x105a6220	0x106062f0,0x106174b0	-
67	0x43	YES	-	0x1055a0c0,0x105a6320	0x10606350,0x10617510	-
68	0x44	YES	-	0x1055a300,0x105a6420	0x106063b0,0x10617570	-
69	0x45	YES	-	0x1055a520,0x105a65a0	0x10606410,0x106175d0	-
70	0x46	YES	-	0x1055a6f0,0x105a6720	0x10606470,0x10617630	-
71	0x47	YES	-	0x1055a8b0,0x105a68a0,0x10879dc0	0x106064d0,0x10617690,0x1087f7d0	-
72	0x48	YES	-	0x1055aaa0,0x105a6a00,0x108e2390	0x10606530,0x106176f0,0x108ee3f0	-
73	0x49	YES	-	0x1055ac40,0x105a6b00,0x1096c0a0	0x10606590,0x10617750,0x1096c7e0	-
74	0x4a	YES	-	0x1055ae40,0x105a6cb0,0x1096c120	0x106065f0,0x106177b0,0x1096c840	-
75	0x4b	YES	-	0x1055af80,0x105a6db0,0x1096c1c0	0x10606650,0x10617810,0x1096c8a0	-
76	0x4c	YES	-	0x1055b120,0x105a6ee0,0x1096c1d0	0x106066b0,0x10617870,0x1096c900	-
77	0x4d	YES	-	0x1055b290,0x105a6fe0,0x1096d110	0x10606710,0x106178d0,0x1096deb0	-
78	0x4e	YES	-	0x1055b430,0x105a73a0,0x1096d3a0	0x10606770,0x10617930,0x1096df10	-
79	0x4f	YES	-	0x1055b5d0,0x105a74a0,0x10e21956	0x106067d0,0x10617990,0x10e2a380	-
80	0x50	YES	-	0x1055b770,0x105a75d0,0x10e21956	0x10606830,0x106179f0,0x10e2a320	-
81	0x51	YES	-	0x105312f0,0x1055b910,0x105a76d0	0x1053e730,0x10606890,0x10617a50	-
82	0x52	YES	-	0x105326b0,0x1055bad0,0x105a7880	0x1053e790,0x106068f0,0x10617ab0	-
83	0x53	YES	-	0x1055bd20,0x105a7a50	0x10606950,0x10617b10	-
84	0x54	YES	-	0x1055bfa0,0x105a7b80,0x10e21956	0x106069b0,0x10617b70,0x10e2a340	-
85	0x55	YES	-	0x1055c120,0x105a7cb0	0x10606a10,0x10617bd0	-
86	0x56	YES	-	0x1055c390,0x105a7db0	0x10606a70,0x10617c30	-
87	0x57	YES	-	0x1055c590,0x105a7ee0	0x10606ad0,0x10617c90	-
88	0x58	YES	-	0x1055c730,0x105a8000	0x10606b30,0x10617cf0	-
89	0x59	YES	-	0x1055c8d0,0x105a8190,0x107e4e40	0x10606b90,0x10617d50,0x107e9440	-
90	0x5a	YES	-	0x1055ca10,0x105a8330,0x107e4e50	0x10606bf0,0x10617db0,0x107e94a0	-
91	0x5b	YES	-	0x1055cbf0,0x105a8570,0x107e4e60	0x10606c50,0x10617e10,0x107e9500	-
92	0x5c	YES	-	0x1055cd60,0x105a86f0,0x107e4e70	0x10606cb0,0x10617e70,0x107e9560	-
93	0x5d	YES	-	0x1055cf20,0x105a8870	0x10606d10,0x10617ed0	-
94	0x5e	YES	-	0x1050b730,0x1055d340,0x105a8970	0x1050dfc0,0x10606d70,0x10617f30	-
95	0x5f	YES	-	0x1055d520,0x105a8a90	0x10606dd0,0x10617f90,0x110af9f0	-
96	0x60	YES	-	0x1055d660,0x105a8b90	0x10606e30,0x10617ff0,0x110af990	-
97	0x61	YES	-	0x1055d7e0,0x105a8cf0	0x10606e90,0x10618050	-
98	0x62	YES	-	0x1055e6c0,0x105a8df0	0x10606ef0,0x106180b0	-
99	0x63	YES	-	0x1055e8d0,0x105a8ef0	0x10606f50,0x10618110	-
100	0x64	YES	-	0x1055eac0,0x105a8ff0,0x108120e0	0x10606fb0,0x10618170,0x10812700	-
101	0x65	YES	-	0x1055ec40,0x105a9180	0x10607010,0x106181d0	-
102	0x66	YES	-	0x1055ee20,0x105a92b0	0x10607070,0x10618230	-
103	0x67	YES	-	0x1055efc0,0x105a93b0	0x106070d0,0x10618290	-
104	0x68	YES	-	0x1055f170,0x105a94b0,0x10855484	0x10607130,0x106182f0,0x10854920	-
105	0x69	YES	-	0x105a95e0	0x10618350	-
106	0x6a	YES	-	0x1055f390,0x105a9710	0x10607190,0x106183b0	-
107	0x6b	YES	-	0x1055f510,0x105a9870	0x106071f0,0x10618410	-
108	0x6c	YES	-	0x1055f690,0x105a99f0	0x10607250,0x10618470	-
109	0x6d	YES	-	0x1055f980,0x105a9b20	0x106072b0,0x106184d0	-
110	0x6e	YES	-	0x10530cb0,0x1055fb20,0x105a9c50,0x1083ceb0,0x108a59e0,0x1095ae30,0x10e21956	0x1053e6d0,0x10607310,0x10618530,0x1083e1d0,0x108ab7d0,0x1095bf30,0x10e2a360	-
111	0x6f	YES	-	0x1055fd60,0x105a9d80,0x108a58e0	0x10607370,0x10618590,0x108ab770	-
112	0x70	YES	-	0x1055fea0,0x105a9eb0,0x1081eb00,0x10925f50	0x106073d0,0x106185f0,0x1081f0f0,0x10928ea0,0x10b5f470	-
113	0x71	YES	-	0x1055ffe0,0x105a9fb0,0x10841170,0x108cf750	0x10607430,0x10618650,0x10849220,0x108d07f0	-
114	0x72	YES	-	0x10560210,0x105aa110	0x10607490,0x106186b0	-
115	0x73	YES	-	0x105603b0,0x105aa240	0x106074f0,0x10618710	-
116	0x74	YES	-	0x10560640,0x105aa370,0x10e21956	0x10607550,0x10618770,0x10e2a3a0	-
117	0x75	YES	-	0x10560890,0x105aa4a0,0x10e21956	0x106075b0,0x106187d0,0x10e2a300	-
118	0x76	YES	-	0x10560aa0,0x105aa600	0x10607610,0x10618830	-
119	0x77	YES	-	0x10560cd0,0x105aa700,0x10a08f50	0x10607670,0x10618890,0x10a0ed00	-
120	0x78	YES	-	0x10560ee0,0x105aa830,0x10a090a0	0x106076d0,0x106188f0,0x10a0ed60	-
121	0x79	YES	-	0x10561120,0x105aa960	0x10607730,0x10618950	-
122	0x7a	YES	-	0x10561450,0x105aaa90	0x10607790,0x106189b0	-
123	0x7b	YES	-	0x10561960,0x105aab90,0x1085549d	0x106077f0,0x10618a10,0x10854b60	-
124	0x7c	YES	-	0x10561b50,0x105aacc0,0x108554ac	0x10607850,0x10618a70,0x10854bc0	-
125	0x7d	YES	-	0x10561d10,0x105aae20	0x106078b0,0x10618ad0	-
126	0x7e	YES	-	0x10561eb0,0x105aaf80	0x10607910,0x10618b30	-
127	0x7f	YES	-	0x10562050,0x105ab080	0x10607970,0x10618b90	-
128	0x80	YES	-	0x105621d0,0x105ab180	0x106079d0,0x10618bf0	-
129	0x81	YES	-	0x1050b930,0x10562380,0x105ab280	0x1050e080,0x10607a30,0x10618c50	-
130	0x82	YES	-	0x1050b6e0,0x105624c0,0x105ab380,0x10813290	0x1050e0e0,0x10607a90,0x10618cb0,0x10813a30	-
131	0x83	YES	-	0x1050b860,0x105626a0,0x105ab480	0x1050e020,0x10607af0,0x10618d10	-
132	0x84	YES	-	0x10562990,0x105ab580,0x1081eaf0	0x10607b50,0x10618d70,0x1081f090	-
133	0x85	YES	-	0x10562ad0,0x105ab680	0x10607bb0,0x10618dd0	-
134	0x86	YES	-	0x10562ca0	0x10607c10	-
135	0x87	YES	-	0x10562e20	0x10607c70	-
136	0x88	YES	-	0x10563150	0x10607cd0	-
137	0x89	YES	-	0x10563520	0x10607d30	-
138	0x8a	YES	-	0x10563880	0x10607d90	-
139	0x8b	YES	-	0x10563af0	0x10607df0	-
140	0x8c	YES	-	0x10563d00	0x10607e50	-
141	0x8d	YES	-	0x10563e40,0x107d8f60	0x10607eb0,0x107e1050	-
142	0x8e	YES	-	0x10563f80	0x10607f10	-
143	0x8f	YES	-	0x10564160,0x1081a230	0x10607f70,0x1081b6f0	-
144	0x90	YES	-	0x104e5e00,0x10564310,0x10a088a0	0x104f10c0,0x10607fd0,0x10a0eb80	-
145	0x91	YES	-	0x10564530,0x107d8d50,0x10981080	0x10608030,0x107e0ff0,0x10982480	-
146	0x92	YES	-	0x10564700	0x10608090	-
147	0x93	YES	-	0x105649c0,0x107dda50	0x106080f0,0x107e10b0	-
148	0x94	YES	-	0x10564b00	0x10608150	-
149	0x95	YES	-	0x10564ce0	0x106081b0	-
150	0x96	YES	-	0x10564e90,0x107fe730	0x10608210,0x10808140	-
151	0x97	YES	-	0x10565040,0x107feb50	0x10608270,0x108081a0	-
152	0x98	YES	-	0x105651c0,0x107fdf20	0x106082d0,0x10808080	-
153	0x99	YES	-	0x10565370,0x107fde40	0x10608330,0x108080e0	-
154	0x9a	YES	-	0x10565520,0x107fe110	0x10608390,0x10808020	-
155	0x9b	YES	-	0x10565720,0x107fe3a0	0x106083f0,0x10808320	-
156	0x9c	YES	-	0x105658d0,0x107fe420	0x10608450,0x108082c0	-
157	0x9d	YES	-	0x10565a50	0x106084b0	-
158	0x9e	YES	-	0x10565c30,0x107fe530	0x10608510,0x10808260	-
159	0x9f	YES	-	0x10565e00,0x107fe510	0x10608570,0x10808380	-
160	0xa0	YES	-	0x10565f40	0x106085d0	-
161	0xa1	YES	-	0x10566480	0x10608750	-
162	0xa2	YES	-	0x104e5f10,0x10566850,0x10a08aa0	0x104f1120,0x106087b0,0x10a0ebe0	-
163	0xa3	YES	-	0x10566a20	0x10608810	-
164	0xa4	YES	-	0x10566cd0	0x10608870	-
165	0xa5	YES	-	0x10566e10	0x106088d0	-
166	0xa6	YES	-	0x10566f50	0x10608930	-
167	0xa7	YES	-	0x104fb080,0x105671a0	0x104fcf60,0x10608990	-
168	0xa8	YES	-	0x10567320,0x1082c4e0	0x106089f0,0x1082db60	-
169	0xa9	YES	-	0x105674f0	0x10608a50	-
170	0xaa	YES	-	0x10567670	0x10608ab0	-
171	0xab	YES	-	0x105678a0	0x10608b10	-
172	0xac	YES	-	0x105679e0	0x10608b70	-
173	0xad	YES	-	0x10567ba0	0x10608bd0	-
174	0xae	YES	-	0x10567d80	0x10608c30	-
175	0xaf	YES	-	0x10567ef0	0x10608c90	-
176	0xb0	YES	-	0x105680a0	0x10608cf0	-
177	0xb1	YES	-	0x105681e0	0x10608d50	-
178	0xb2	YES	-	0x105683f0	0x10608db0	-
179	0xb3	YES	-	0x10568530	0x10608e10	-
180	0xb4	YES	-	0x105686b0	0x10608e70	-
181	0xb5	YES	-	0x10568940	0x10608ed0	-
182	0xb6	YES	-	0x10568b10	0x10608f30	-
183	0xb7	YES	-	0x10568c90	0x10608f90	-
184	0xb8	YES	-	0x10568dd0	0x10608ff0	-
185	0xb9	YES	-	0x10568f50	0x10609050	-
186	0xba	YES	-	0x10569090	0x106090b0	-
187	0xbb	YES	-	0x10569210	0x10609110	-
188	0xbc	YES	-	0x10569350	0x10609170	-
189	0xbd	YES	-	0x10569500	0x106091d0	-
190	0xbe	YES	-	0x10569680	0x10609230	-
191	0xbf	YES	-	0x10569880	0x10609290	-
192	0xc0	YES	-	0x10569af0	0x106092f0	-
193	0xc1	YES	-	0x10569ca0	0x10609350	-
194	0xc2	YES	-	0x10569e20	0x106093b0	-
195	0xc3	YES	-	0x10569f60	0x10609410	-
196	0xc4	YES	-	0x1056a0d0	0x10609470	-
197	0xc5	YES	-	0x1056a240,0x10982f00	0x106094d0,0x10983450	-
198	0xc6	YES	-	0x1056a440	0x10609530	-
199	0xc7	YES	-	0x1056a620,0x10895af0,0x109b8b10	0x10609590,0x10898f00,0x109b9e80	-
200	0xc8	YES	-	0x1056a930,0x1089f400,0x1089fda0,0x108f27a0	0x106095f0,0x1089f850,0x108a0100,0x108f2ad0	-
201	0xc9	YES	-	0x1056aa70	0x10609650	-
202	0xca	YES	-	0x1056ac20	0x106096b0,0x110af9d0	-
203	0xcb	YES	-	0x1056ad60,0x108ca600	0x10609710,0x108cc810	-
204	0xcc	YES	-	0x1056aee0,0x1089c860	0x10609770,0x1089eb30	-
205	0xcd	YES	-	0x1056b020	0x106097d0	-
206	0xce	YES	-	0x1056b160	0x10609830	-
207	0xcf	YES	-	0x1056b330	0x10609890	-
208	0xd0	YES	-	0x1056b4b0	0x106098f0	-
209	0xd1	YES	-	0x1056b5f0	0x10609950	-
210	0xd2	YES	-	0x1056b770	0x106099b0	-
211	0xd3	YES	-	0x1056b8b0	0x10609a10	-
212	0xd4	YES	-	0x1056ba60	0x10609a70	-
213	0xd5	YES	-	0x1056bba0	0x10609ad0	-
214	0xd6	YES	-	0x1056bd50,0x108e2370	0x10609b30,0x108ee390	-
215	0xd7	YES	-	0x1056bed0	0x10609b90	-
216	0xd8	YES	-	0x1056c120	0x10609bf0	-
217	0xd9	YES	-	0x1056c260	0x10609c50	-
218	0xda	YES	-	0x1056c440	0x10609cb0	-
219	0xdb	YES	-	0x1056c580	0x10609d10	-
220	0xdc	YES	-	0x1056c700	0x10609d70	-
221	0xdd	YES	-	0x1056c8f0	0x10609dd0	-
222	0xde	YES	-	0x1056cb10	0x10609e30	-
223	0xdf	YES	-	0x1056ce10	0x10609ef0	-
224	0xe0	YES	-	0x1056cf90	0x10609f50	-
225	0xe1	YES	-	0x1056d110,0x109e0200	0x10609fb0,0x109e24c0	-
226	0xe2	YES	-	0x1056d290	0x1060a010	-
227	0xe3	YES	-	0x1056d410	0x1060a070	-
228	0xe4	YES	-	0x1056d590	0x1060a0d0	-
229	0xe5	YES	-	0x1056d710,0x109e0240	0x1060a130,0x109e2520	-
230	0xe6	YES	-	0x1056d890	0x1060a190	-
231	0xe7	YES	-	0x1056da10	0x1060a1f0	-
232	0xe8	YES	-	0x1056db90	0x1060a250	-
233	0xe9	YES	-	0x1056dd10,0x109e0250	0x1060a2b0,0x109e2460	-
234	0xea	YES	-	0x1056de90	0x1060a310	-
235	0xeb	YES	-	0x1056e040	0x1060a370	-
236	0xec	YES	-	0x1056e1c0	0x1060a3d0	-
237	0xed	YES	-	0x1056e340	0x1060a430	-
249	0xf9	YES	-	0x1056e4c0	0x1060a490	-
250	0xfa	YES	-	0x1056cc90	0x10609e90	-
251	0xfb	YES	-	0x1056e6e0,0x108c0cb0	0x1060a4f0,0x108c8d90	-
252	0xfc	YES	-	0x1056e860	0x1060a550	-
253	0xfd	YES	-	0x1056ec70,0x108bb9e0	0x1060a5b0,0x108c8d30	-
254	0xfe	YES	-	0x1056ee20	0x1060a610	-
255	0xff	YES	-	0x1056f000	0x1060a670,0x10e1e790,0x10e1e7b0	-
256	0x100	YES	-	0x1056f1b0	0x1060a6d0	-
257	0x101	YES	-	0x1056f2f0	0x1060a730	-
258	0x102	YES	-	0x1056f4a0	0x1060a790	-
259	0x103	YES	0x112637c0	0x1056f670	0x1060a7f0	-
260	0x104	YES	0x112634b0	0x1056f840	0x1060a850	-
261	0x105	YES	0x11263af0	0x1056f980	0x1060a8b0	-
262	0x106	YES	-	0x1056fb80	0x1060a910	-
263	0x107	YES	-	0x1056fe50	0x1060a970	-
264	0x108	YES	-	0x10570000	0x1060a9d0,0x10e1e750	-
265	0x109	YES	-	0x105701d0	0x1060aa30	-
266	0x10a	YES	-	0x10570310	0x1060aa90	-
267	0x10b	YES	-	0x10530cc0,0x105704c0	0x1053e610,0x1060aaf0	-
268	0x10c	YES	0x11264000	0x10570640,0x10824950	0x1060ab50,0x10825810	-
269	0x10d	YES	-	0x10570810	0x1060abb0	-
270	0x10e	YES	-	0x105709c0	0x1060ac10	-
271	0x10f	YES	-	0x104fe980,0x10570b70	0x105008f0,0x1060ac70	-
272	0x110	YES	-	0x104fe900,0x10570cf0,0x10855493,0x108fbb70	0x10500890,0x1060acd0,0x10854c80,0x108fbf30	-
273	0x111	YES	-	0x10570ec0	0x1060ad30	-
274	0x112	YES	-	0x10571040	0x1060ad90	-
275	0x113	YES	-	0x105711f0	0x1060adf0	-
276	0x114	YES	-	0x10571330,0x10814cf0	0x1060ae50,0x10816470	-
277	0x115	YES	-	0x10571500	0x1060aeb0	-
278	0x116	YES	-	0x10571700	0x1060af10	-
279	0x117	YES	-	0x1050b9b0,0x10571840	0x1050e140,0x1060af70	-
280	0x118	YES	-	0x10571980	0x1060afd0	-
281	0x119	YES	-	0x10509d00,0x10571b00,0x107e5090,0x1087a080,0x1096c1e0	0x1050e1a0,0x1060b030,0x107e9620,0x1087f890,0x1096c960	-
282	0x11a	YES	-	0x10571c80,0x1085f570	0x1060b090,0x10874950	-
283	0x11b	YES	-	0x10571e00,0x1084f320	0x1060b0f0,0x10854c20	-
284	0x11c	YES	-	0x105079f0,0x10571f40	0x10508d90,0x1060b150	-
285	0x11d	YES	-	0x10572080	0x1060b1b0	-
286	0x11e	YES	-	0x105721c0	0x1060b210	-
287	0x11f	YES	-	0x10572390	0x1060b270	-
288	0x120	YES	-	0x10572540	0x1060b2d0	-
289	0x121	YES	-	0x105726c0,0x10908930	0x1060b330,0x1090b1e0	-
290	0x122	YES	-	0x10572890	0x1060b390	-
291	0x123	YES	-	0x105729d0	0x1060b3f0	-
292	0x124	YES	-	0x10572bb0	0x1060b450	-
293	0x125	YES	-	0x104e5fd0,0x10572d30	0x104f1180,0x1060b4b0	-
294	0x126	YES	-	0x10572f00	0x1060b510	-
295	0x127	YES	-	0x104e6050,0x105730d0	0x104f1240,0x1060b570	-
296	0x128	YES	-	0x105732a0	0x1060b5d0	-
297	0x129	YES	-	0x105734f0	0x1060b630	-
298	0x12a	YES	-	0x105736a0	0x1060b690	-
299	0x12b	YES	-	0x10573810	0x1060b6f0	-
300	0x12c	YES	-	0x10573a20	0x1060b750	-
301	0x12d	YES	-	0x10573bf0	0x1060b7b0	-
302	0x12e	YES	-	0x10573d70	0x1060b810	-
303	0x12f	YES	-	0x10573f20,0x108c0360,0x108f1390	0x1060b870,0x108c8df0,0x108f1a50	-
304	0x130	YES	-	0x105740a0	0x1060b8d0	-
305	0x131	YES	-	0x10574250	0x1060b930	-
306	0x132	YES	-	0x10574390	0x1060b990	-
307	0x133	YES	-	0x105744d0	0x1060b9f0	-
308	0x134	YES	-	0x105746b0	0x1060ba50	-
309	0x135	YES	-	0x105747f0	0x1060bab0	-
310	0x136	YES	-	0x105749b0	0x1060bb10	-
311	0x137	YES	-	0x10574b80	0x1060bb70	-
312	0x138	YES	-	0x10574d50	0x1060bbd0	-
313	0x139	YES	-	0x10574f20	0x1060bc30	-
314	0x13a	YES	-	0x105750f0,0x108777c0	0x1060bc90,0x1087f710	-
315	0x13b	YES	-	0x104e6010,0x105752c0	0x104f11e0,0x1060bcf0	-
316	0x13c	YES	-	0x10575470	0x1060bd50	-
317	0x13d	YES	-	0x10575620	0x1060bdb0	-
318	0x13e	YES	-	0x105757d0	0x1060be10	-
319	0x13f	YES	-	0x105759b0	0x1060be70	-
320	0x140	YES	-	0x10575b60	0x1060bed0	-
321	0x141	YES	-	0x10575d40	0x1060bf30	-
322	0x142	YES	-	0x10575f80,0x1080c040	0x1060bf90,0x1080f6b0	-
323	0x143	YES	-	0x10576100	0x1060bff0	-
324	0x144	YES	-	0x10576280,0x108554a2	0x1060c050,0x10854ce0	-
325	0x145	YES	-	0x10576430,0x10a04240	0x1060c0b0,0x108e03a0	-
326	0x146	YES	-	0x10576570	0x1060c110	-
327	0x147	YES	-	0x105766b0	0x1060c170	-
328	0x148	YES	-	0x105767f0	0x1060c1d0	-
329	0x149	YES	-	0x10576930	0x1060c230	-
330	0x14a	YES	-	0x10576ae0	0x1060c290	-
331	0x14b	YES	-	0x10576c90,0x107fecf0	0x1060c2f0,0x10808440	-
332	0x14c	YES	-	0x104faf50,0x10576e10	0x104fcfc0,0x1060c350	-
333	0x14d	YES	-	0x10576fe0,0x108131b0	0x1060c3b0,0x10813a90	-
334	0x14e	YES	-	0x10577190,0x10825e70	0x1060c410,0x10828c40	-
335	0x14f	YES	-	0x10577340,0x10899850	0x1060c470,0x1089a350	-
336	0x150	YES	-	0x10577530	0x1060c4d0	-
337	0x151	YES	-	0x105776b0	0x1060c530	-
338	0x152	YES	-	0x10577830	0x1060c590	-
339	0x153	YES	-	0x105779b0,0x107edf80	0x1060c5f0,0x108084a0	-
340	0x154	YES	-	0x104fade0,0x10577b30	0x104fd020,0x1060c650	-
341	0x155	YES	-	0x10577c70,0x1080c080	0x1060c6b0,0x1080f710	-
342	0x156	YES	-	0x10577db0	0x1060c710	-
343	0x157	YES	-	0x10577fa0	0x1060c770	-
344	0x158	YES	-	0x105780e0	0x1060c7d0	-
345	0x159	YES	-	0x10578220	0x1060c830,0x10e4ce40	-
346	0x15a	YES	-	0x105783f0	0x1060c890	-
347	0x15b	YES	-	0x10578570,0x109088d0	0x1060c8f0,0x1090b180	-
348	0x15c	YES	-	0x105786f0	0x1060c950	-
349	0x15d	YES	-	0x10578870,0x10929ad0	0x1060c9b0,0x1092c9a0	-
350	0x15e	YES	-	0x105789b0	0x1060ca10	-
351	0x15f	YES	-	0x10578b30,0x1092ac00	0x1060ca70,0x1092cac0	-
352	0x160	YES	-	0x10578cb0,0x1092ac80	0x1060cad0,0x1092cb20	-
353	0x161	YES	-	0x10578e60	0x1060cb30	-
354	0x162	YES	-	0x10578fa0,0x1092ab60	0x1060cb90,0x1092ca00	-
355	0x163	YES	-	0x105790e0	0x1060cbf0	-
356	0x164	YES	-	0x10579220	0x1060cc50	-
357	0x165	YES	-	0x105793d0,0x108249f0	0x1060ccb0,0x10825870	-
358	0x166	YES	-	0x105795d0	0x1060cd10,0x10e1e770	-
359	0x167	YES	-	0x105797f0	0x1060cd70	-
360	0x168	YES	-	0x1050a040,0x10579a10	0x1050e200,0x1060cdd0	-
361	0x169	YES	-	0x10509e60,0x10579b80	0x1050e260,0x1060ce30	-
362	0x16a	YES	-	0x10579cf0,0x10994800	0x1060ce90,0x10994ac0	-
363	0x16b	YES	-	0x10579ec0	0x1060cef0	-
364	0x16c	YES	-	0x104fadf0,0x1057a090	0x104fd080,0x1060cf50	-
365	0x16d	YES	-	0x1057a1d0,0x1092b6a0,0x10980ff0	0x1060cfb0,0x1092ca60,0x10982420	-
366	0x16e	YES	-	0x1057a310	0x1060d010	-
367	0x16f	YES	-	0x1057a450	0x1060d070	-
368	0x170	YES	-	0x1057a5d0	0x1060d0d0	-
369	0x171	YES	-	0x1057a780	0x1060d130	-
370	0x172	YES	-	0x1057a950	0x1060d190	-
371	0x173	YES	-	0x1057ab00	0x1060d1f0	-
372	0x174	YES	-	0x1057acf0	0x1060d250	-
373	0x175	YES	-	0x1057ae70	0x1060d2b0	-
374	0x176	YES	-	0x1057aff0,0x10877690	0x1060d310,0x1087f770	-
375	0x177	YES	-	0x1057b130	0x1060d370	-
376	0x178	YES	-	0x1057b310	0x1060d3d0	-
377	0x179	YES	-	0x1057b490	0x1060d430	-
378	0x17a	YES	-	0x1057b610	0x1060d490	-
379	0x17b	YES	-	0x1057b7c0	0x1060d4f0	-
380	0x17c	YES	-	0x1057b940	0x1060d550	-
381	0x17d	YES	-	0x1057bac0,0x10909260	0x1060d5b0,0x1090b240,0x10e8d240	-
382	0x17e	YES	-	0x1057bc70	0x1060d610,0x10e8d220	-
383	0x17f	YES	-	0x1057bdb0	0x1060d670	-
384	0x180	YES	-	0x1057bf60	0x1060d6d0	-
385	0x181	YES	-	0x1057c0a0,0x109095e0	0x1060d730,0x1090b2a0	-
386	0x182	YES	-	0x1057c1e0	0x1060d790	-
387	0x183	YES	-	0x1057c360	0x1060d7f0	-
388	0x184	YES	-	0x1057c4e0	0x1060d850,0x10e8d200	-
389	0x185	YES	-	0x1057c620	0x1060d8b0,0x10e8d1e0	-
390	0x186	YES	-	0x1057c760	0x1060d910	-
391	0x187	YES	-	0x1057c910,0x1093f7e0	0x1060d970,0x109408d0	-
392	0x188	YES	-	0x1057ca50,0x1093f820	0x1060d9d0,0x10940930	-
393	0x189	YES	-	0x1057cb90,0x1093f860	0x1060da30,0x10940990	-
394	0x18a	YES	-	0x1057ccd0,0x1093f8a0	0x1060da90,0x109409f0	-
395	0x18b	YES	-	0x1057ce10,0x1093f8e0	0x1060daf0,0x10940a50	-
396	0x18c	YES	-	0x1057cf50,0x1093fa40	0x1060db50,0x10940ab0	-
397	0x18d	YES	-	0x1057d0d0	0x1060dbb0	-
398	0x18e	YES	-	0x1057d210,0x1093faf0	0x1060dc10,0x10940bd0	-
399	0x18f	YES	-	0x1057d3d0	0x1060dc70	-
400	0x190	YES	-	0x1057d510	0x1060dcd0	-
401	0x191	YES	-	0x1057d650	0x1060dd30	-
402	0x192	YES	-	0x1057d800,0x10942a00	0x1060dd90,0x10943490	-
403	0x193	YES	-	0x1057d9b0,0x1093fd40	0x1060ddf0,0x10940b10	-
404	0x194	YES	-	0x1057daf0,0x10942990	0x1060de50,0x109434f0	-
405	0x195	YES	-	0x1057dca0	0x1060deb0	-
406	0x196	YES	-	0x1057dde0	0x1060df10	-
407	0x197	YES	-	0x1057df90,0x109454b0	0x1060df70,0x10945eb0	-
408	0x198	YES	-	0x1057e140	0x1060dfd0	-
409	0x199	YES	-	0x1057e280,0x1093fa30	0x1060e030,0x10940b70	-
410	0x19a	YES	-	0x1057e3c0	0x1060e090	-
411	0x19b	YES	-	0x1057e570	0x1060e0f0	-
412	0x19c	YES	-	0x1057ea10	0x1060e150	-
413	0x19d	YES	-	0x1057eb50	0x1060e1b0	-
414	0x19e	YES	-	0x1057ecd0	0x1060e210	-
415	0x19f	YES	-	0x1057ee10	0x1060e270	-
416	0x1a0	YES	-	0x1057efe0	0x1060e2d0	-
417	0x1a1	YES	-	0x1057f160,0x10931340	0x1060e330,0x1093bd30	-
418	0x1a2	YES	-	0x1057f2e0,0x1094e7a0	0x1060e390,0x109506a0	-
419	0x1a3	YES	-	0x1057f420,0x1094e7f0	0x1060e3f0,0x10950700	-
420	0x1a4	YES	-	0x1057f560	0x1060e450	-
421	0x1a5	YES	-	0x1057f6e0	0x1060e4b0	-
422	0x1a6	YES	-	0x1057f8b0,0x10949240	0x1060e510,0x1094c400	-
423	0x1a7	YES	-	0x1057fa30	0x1060e570	-
424	0x1a8	YES	-	0x1057fbb0	0x1060e5d0	-
425	0x1a9	YES	-	0x1057fd30	0x1060e630	-
426	0x1aa	YES	-	0x1057feb0	0x1060e690	-
427	0x1ab	YES	-	0x10580020	0x1060e6f0	-
428	0x1ac	YES	-	0x10509eb0,0x105801a0	0x1050e2c0,0x1060e750	-
429	0x1ad	YES	-	0x105803c0	0x1060e7b0	-
430	0x1ae	YES	-	0x105805c0	0x1060e810	-
431	0x1af	YES	-	0x105807c0,0x108171d0	0x1060e870,0x10818e80	-
432	0x1b0	YES	-	0x105809a0	0x1060e8d0	-
433	0x1b1	YES	-	0x10580b20	0x1060e930	-
434	0x1b2	YES	-	0x10580c60	0x1060e990	-
435	0x1b3	YES	-	0x10580e10	0x1060e9f0	-
436	0x1b4	YES	-	0x10580fe0	0x1060ea50	-
437	0x1b5	YES	-	0x10581190	0x1060eab0	-
438	0x1b6	YES	-	0x105812d0,0x10951410	0x1060eb10,0x10953810	-
439	0x1b7	YES	-	0x10581410	0x1060eb70	-
440	0x1b8	YES	-	0x105815c0,0x1095ae10	0x1060ebd0,0x1095be70	-
441	0x1b9	YES	-	0x10581700,0x1095ae20	0x1060ec30,0x1095bed0	-
442	0x1ba	YES	-	0x10581840	0x1060ec90,0x10e1e730	-
443	0x1bb	YES	-	0x10581980	0x1060ecf0,0x10e8d180	-
444	0x1bc	YES	-	0x10581b00	0x1060ed50,0x10e8d140	-
445	0x1bd	YES	-	0x10581cb0	0x1060edb0	-
446	0x1be	YES	-	0x10581df0	0x1060ee10	-
447	0x1bf	YES	-	0x10581f30	0x1060ee70	-
448	0x1c0	YES	-	0x105820b0	0x1060eed0	-
449	0x1c1	YES	-	0x10582290	0x1060ef30	-
450	0x1c2	YES	-	0x10582500,0x10956530	0x1060ef90,0x10957c60	-
451	0x1c3	YES	-	0x10582680,0x1091a630,0x109415a0	0x1060eff0,0x1091eb30,0x10943550,0x10e4ce60	-
452	0x1c4	YES	-	0x10582860,0x10d18750	0x1060f050,0x10d1a6e0	-
453	0x1c5	YES	-	0x105829e0	0x1060f0b0	-
454	0x1c6	YES	-	0x10582bf0	0x1060f110	-
455	0x1c7	YES	-	0x10582d30	0x1060f170,0x10e8d100	-
456	0x1c8	YES	-	0x10582e70	0x1060f1d0	-
457	0x1c9	YES	-	0x10582fb0,0x10a03c10,0x10982ec0	0x1060f230,0x108e0400,0x10983510	-
458	0x1ca	YES	-	0x10583190,0x10a03c90	0x1060f290,0x108e0460	-
459	0x1cb	YES	-	0x10583340,0x10a03cd0	0x1060f2f0,0x108e04c0	-
460	0x1cc	YES	-	0x105834f0	0x1060f350	-
461	0x1cd	YES	-	0x10583670,0x108a5ba0	0x1060f3b0,0x108ab830	-
462	0x1ce	YES	-	0x105837b0,0x1095fe70	0x1060f410,0x109616e0	-
463	0x1cf	YES	-	0x10583990,0x10d18810	0x1060f470,0x10d1a620	-
464	0x1d0	YES	-	0x10583b10,0x10941260	0x1060f4d0,0x109435b0	-
465	0x1d1	YES	-	0x10583ce0,0x10930dc0	0x1060f530,0x1093bbb0	-
466	0x1d2	YES	-	0x10583e20	0x1060f590	-
467	0x1d3	YES	-	0x10584000,0x109700b0	0x1060f5f0,0x10970ae0	-
468	0x1d4	YES	-	0x105841e0,0x10970070	0x1060f650,0x10970a80	-
469	0x1d5	YES	-	0x10584360	0x1060f6b0	-
470	0x1d6	YES	-	0x10584550	0x1060f710	-
471	0x1d7	YES	-	0x10584700	0x1060f770	-
472	0x1d8	YES	-	0x10584900	0x1060f7d0	-
473	0x1d9	YES	-	0x10526080,0x105326d0,0x10584a40	0x1052ad30,0x1053e7f0,0x1060f830	-
474	0x1da	YES	-	0x10584b80,0x1087a160	0x1060f890,0x1087f830	-
475	0x1db	YES	-	0x10584d00,0x10d18790	0x1060f8f0,0x10d1a6c0	-
476	0x1dc	YES	-	0x104fbb60,0x10584e80	0x104fd0e0,0x1060f950	-
477	0x1dd	YES	-	0x10584fc0	0x1060f9b0	-
478	0x1de	YES	-	0x105851c0	0x1060fa10	-
479	0x1df	YES	-	0x105853a0	0x1060fa70	-
480	0x1e0	YES	-	0x105855a0	0x1060fad0	-
481	0x1e1	YES	-	0x10585770	0x1060fb30	-
482	0x1e2	YES	-	0x10585940	0x1060fb90	-
483	0x1e3	YES	-	0x10585b10,0x10971000	0x1060fbf0,0x10972330	-
484	0x1e4	YES	-	0x10585cc0	0x1060fc50	-
485	0x1e5	YES	-	0x10585e70	0x1060fcb0	-
486	0x1e6	YES	-	0x10586050	0x1060fd10	-
487	0x1e7	YES	-	0x10586190	0x1060fd70	-
488	0x1e8	YES	-	0x10586340	0x1060fdd0	-
489	0x1e9	YES	-	0x105864c0	0x1060fe30	-
490	0x1ea	YES	-	0x10586690	0x1060fe90	-
491	0x1eb	YES	-	0x105867d0	0x1060fef0	-
492	0x1ec	YES	-	0x10586910	0x1060ff50	-
493	0x1ed	YES	-	0x10586a50	0x1060ffb0	-
494	0x1ee	NO(ui-ping-only)	-	-	-	0x10610010
495	0x1ef	NO(ui-ping-only)	-	-	-	0x10610070
496	0x1f0	NO(ui-ping-only)	-	-	-	0x106100d0
497	0x1f1	NO(ui-ping-only)	-	-	-	0x10610130
499	0x1f3	NO(ui-ping-only)	-	-	-	0x10610190
500	0x1f4	NO(ui-ping-only)	-	-	-	0x106101f0
501	0x1f5	NO(ui-ping-only)	-	-	-	0x10610250
502	0x1f6	NO(ui-ping-only)	-	-	-	0x106102b0
503	0x1f7	NO(ui-ping-only)	-	-	-	0x10610310
504	0x1f8	NO(ui-ping-only)	-	-	-	0x10610370
505	0x1f9	NO(ui-ping-only)	-	-	-	0x106103d0
506	0x1fa	NO(ui-ping-only)	-	-	-	0x10610430
507	0x1fb	NO(ui-ping-only)	-	-	-	0x10610490
508	0x1fc	NO(ui-ping-only)	-	-	-	0x106104f0
509	0x1fd	YES	-	0x10d18850	0x10d1a600	0x10610550
510	0x1fe	NO(ui-ping-only)	-	-	-	0x106105b0
511	0x1ff	NO(ui-ping-only)	-	-	-	0x10610610
512	0x200	NO(ui-ping-only)	-	-	-	0x10610670
513	0x201	NO(ui-ping-only)	-	-	-	0x106106d0
514	0x202	NO(ui-ping-only)	-	-	-	0x10610730
515	0x203	NO(ui-ping-only)	-	-	-	0x10610790
516	0x204	YES	-	0x10981090	0x109824e0	0x106107f0
517	0x205	NO(ui-ping-only)	-	-	-	0x10610850
518	0x206	NO(ui-ping-only)	-	-	-	0x106108b0
519	0x207	NO(ui-ping-only)	-	-	-	0x10610910
520	0x208	NO(ui-ping-only)	-	-	-	0x10610970
521	0x209	NO(ui-ping-only)	-	-	-	0x106109d0
522	0x20a	NO(ui-ping-only)	-	-	-	0x10610a30
523	0x20b	NO(ui-ping-only)	-	-	-	0x10610a90
524	0x20c	YES	-	-	0x10e8d120	0x10610af0
525	0x20d	NO(ui-ping-only)	-	-	-	0x10610b50
526	0x20e	YES	-	0x107e50b0	0x107e96e0	0x10610bb0
527	0x20f	NO(ui-ping-only)	-	-	-	0x10610c10
528	0x210	NO(ui-ping-only)	-	-	-	0x10610c70
529	0x211	YES	-	0x107fe520	0x10808200	0x10610cd0
530	0x212	YES	-	-	-	0x10610d30
531	0x213	NO(ui-ping-only)	-	-	-	0x10610d90
532	0x214	YES	-	-	-	0x10610df0
533	0x215	YES	0x112a0600	-	-	0x10610e50
534	0x216	YES	-	0x10931420	0x1093bcd0	0x10610eb0
535	0x217	NO(ui-ping-only)	-	-	-	0x10610f10
536	0x218	YES	-	0x10862050	0x108749b0	0x10610f70
537	0x219	NO(ui-ping-only)	-	-	-	0x10610fd0
538	0x21a	YES	-	0x109312a0	0x1093bc10	0x10611030
539	0x21b	NO(ui-ping-only)	-	-	-	0x10611090
540	0x21c	NO(ui-ping-only)	-	-	-	0x106110f0
541	0x21d	NO(ui-ping-only)	-	-	-	0x10611150
542	0x21e	NO(ui-ping-only)	-	-	-	0x106111b0
543	0x21f	NO(ui-ping-only)	-	-	-	0x10611210
544	0x220	YES	-	-	-	0x10611270
545	0x221	NO(ui-ping-only)	-	-	-	0x106112d0
546	0x222	YES	-	-	-	0x10611330
547	0x223	YES	-	-	-	0x10611390
548	0x224	YES	-	-	-	0x106113f0
549	0x225	YES	-	-	-	0x10611450
550	0x226	NO(ui-ping-only)	-	-	-	0x106114b0
551	0x227	NO(ui-ping-only)	-	-	-	0x10611510
552	0x228	NO(ui-ping-only)	-	-	-	0x10611570
553	0x229	NO(ui-ping-only)	-	-	-	0x106115d0
554	0x22a	YES	-	0x10982df0	0x109834b0	0x10611630
555	0x22b	NO(ui-ping-only)	-	-	-	0x10611690
556	0x22c	NO(ui-ping-only)	-	-	-	0x106116f0
557	0x22d	YES	-	0x10931320	0x1093bc70	0x10611750
558	0x22e	YES	-	0x109313d0	0x1093bd90	0x106117b0
559	0x22f	NO(ui-ping-only)	-	-	-	0x10611810
560	0x230	NO(ui-ping-only)	-	-	-	0x10611870
561	0x231	YES	-	0x107fed10	0x10808500	0x106118d0
562	0x232	YES	-	0x10a0ae40	0x10a0edc0	0x10611930
563	0x233	NO(ui-ping-only)	-	-	-	0x10611990
564	0x234	NO(ui-ping-only)	-	-	-	0x106119f0
565	0x235	NO(ui-ping-only)	-	-	-	0x10611a50
566	0x236	NO(ui-ping-only)	-	-	-	0x10611ab0
567	0x237	NO(ui-ping-only)	-	-	-	0x10611b10
568	0x238	YES	-	-	0x10e8d160	0x10611b70
569	0x239	YES	-	0x10896c70	0x10898f60	0x10611bd0
570	0x23a	YES	-	0x104f9520,0x107e5080,0x109de4f0	0x104f9e20,0x107e9680,0x109de7f0	0x10611c30
571	0x23b	NO(ui-ping-only)	-	-	-	0x10611c90
572	0x23c	NO(ui-ping-only)	-	-	-	0x10611cf0
573	0x23d	NO(ui-ping-only)	-	-	-	0x10611d50
574	0x23e	NO(ui-ping-only)	-	-	-	0x10611db0
575	0x23f	NO(ui-ping-only)	-	-	-	0x10611e10
576	0x240	NO(ui-ping-only)	-	-	-	0x10611e70
577	0x241	NO(ui-ping-only)	-	-	-	0x10611ed0
578	0x242	NO(ui-ping-only)	-	-	-	0x10611f30
579	0x243	NO(ui-ping-only)	-	-	-	0x10611f90
580	0x244	NO(ui-ping-only)	-	-	-	0x10611ff0
581	0x245	NO(ui-ping-only)	-	-	-	0x10612050
582	0x246	NO(ui-ping-only)	-	-	-	0x106120b0
583	0x247	NO(ui-ping-only)	-	-	-	0x10612110
584	0x248	NO(ui-ping-only)	-	-	-	0x10612170
585	0x249	YES	-	0x107dda80	0x107e1110	0x106121d0
586	0x24a	NO(ui-ping-only)	-	-	-	0x10612230
587	0x24b	NO(ui-ping-only)	-	-	-	0x10612290
588	0x24c	NO(ui-ping-only)	-	-	-	0x106122f0
589	0x24d	NO(ui-ping-only)	-	-	-	0x10612350
590	0x24e	YES	-	-	-	0x106123b0
591	0x24f	NO(ui-ping-only)	-	-	-	0x10612410
592	0x250	NO(ui-ping-only)	-	-	-	0x10612470
593	0x251	NO(ui-ping-only)	-	-	-	0x106124d0
594	0x252	NO(ui-ping-only)	-	-	-	0x10612530
595	0x253	NO(ui-ping-only)	-	-	-	0x10612590
596	0x254	NO(ui-ping-only)	-	-	-	0x106125f0
597	0x255	YES	0x11287837	-	-	0x10612650
598	0x256	NO(ui-ping-only)	-	-	-	0x106126b0
599	0x257	YES	-	-	-	0x10612710
600	0x258	YES	-	-	-	0x10612770
601	0x259	YES	-	-	-	0x106127d0
602	0x25a	YES	-	-	-	0x10612830
603	0x25b	NO(ui-ping-only)	-	-	-	0x10612890
604	0x25c	YES	-	-	-	0x106128f0
605	0x25d	YES	-	-	-	0x10612950
606	0x25e	YES	-	0x104f94f0	0x104f9dc0	0x106129b0
607	0x25f	YES	-	-	-	0x10612a10
608	0x260	YES	-	-	-	0x10612a70
609	0x261	NO(ui-ping-only)	-	-	-	0x10612ad0
610	0x262	NO(ui-ping-only)	-	-	-	0x10612b30
611	0x263	YES	-	0x1050c5e0	0x1050e320	0x10612b90
612	0x264	NO(ui-ping-only)	-	-	-	0x10612bf0
613	0x265	NO(ui-ping-only)	-	-	-	0x10612c50
614	0x266	NO(ui-ping-only)	-	-	-	0x10612cb0
615	0x267	NO(ui-ping-only)	-	-	-	0x10612d10
616	0x268	NO(ui-ping-only)	-	-	-	0x10612d70
617	0x269	YES	-	0x10d18900	0x10d1a640	0x10612dd0
618	0x26a	NO(ui-ping-only)	-	-	-	0x10612e30
619	0x26b	NO(ui-ping-only)	-	-	-	0x10612e90
620	0x26c	NO(ui-ping-only)	-	-	-	0x10612ef0
621	0x26d	NO(ui-ping-only)	-	-	-	0x10612f50
622	0x26e	YES	-	-	-	0x10612fb0
623	0x26f	NO(ui-ping-only)	-	-	-	0x10613010
624	0x270	NO(ui-ping-only)	-	-	-	0x10613070
625	0x271	NO(ui-ping-only)	-	-	-	0x106130d0
626	0x272	NO(ui-ping-only)	-	-	-	0x10613130
627	0x273	NO(ui-ping-only)	-	-	-	0x10613190
628	0x274	NO(ui-ping-only)	-	-	-	0x106131f0
629	0x275	NO(ui-ping-only)	-	-	-	0x10613250
630	0x276	NO(ui-ping-only)	-	-	-	0x106132b0
631	0x277	NO(ui-ping-only)	-	-	-	0x10613310
632	0x278	NO(ui-ping-only)	-	-	-	0x10613370
633	0x279	NO(ui-ping-only)	-	-	-	0x106133d0
634	0x27a	NO(ui-ping-only)	-	-	-	0x10613430
635	0x27b	NO(ui-ping-only)	-	-	-	0x10613490
636	0x27c	NO(ui-ping-only)	-	-	-	0x106134f0
637	0x27d	NO(ui-ping-only)	-	-	-	0x10613550
638	0x27e	YES	-	0x109afa80	0x109b08d0	0x106135b0
639	0x27f	NO(ui-ping-only)	-	-	-	0x10613610
640	0x280	YES	-	0x10926270	0x10928f00	0x10613670
641	0x281	NO(ui-ping-only)	-	-	-	0x106136d0
642	0x282	NO(ui-ping-only)	-	-	-	0x10613730
643	0x283	NO(ui-ping-only)	-	-	-	0x10613790
644	0x284	NO(ui-ping-only)	-	-	-	0x106137f0
645	0x285	YES	-	0x1084f360	0x10854d40	0x10613850
646	0x286	NO(ui-ping-only)	-	-	-	0x106138b0
647	0x287	NO(ui-ping-only)	-	-	-	0x10613910
648	0x288	YES	-	0x109bab40	0x109baf50	0x10613970
649	0x289	NO(ui-ping-only)	-	-	-	0x106139d0
650	0x28a	NO(ui-ping-only)	-	-	-	0x10613a30
651	0x28b	NO(ui-ping-only)	-	-	-	0x10613a90
652	0x28c	NO(ui-ping-only)	-	-	-	0x10613af0
653	0x28d	YES	-	-	0x10e8d1c0	0x10613b50
654	0x28e	NO(ui-ping-only)	-	-	-	0x10613bb0
655	0x28f	YES	-	0x109c2040	0x109c4a20	0x10613c10
656	0x290	YES	-	0x109c2130	0x109c4a80	0x10613c70
657	0x291	NO(ui-ping-only)	-	-	-	0x10613cd0
658	0x292	YES	-	-	0x10e4aaa0	0x10613d30
659	0x293	NO(ui-ping-only)	-	-	-	0x10613d90
660	0x294	YES	-	-	-	0x10613df0
661	0x295	NO(ui-ping-only)	-	-	-	0x10613e50
662	0x296	NO(ui-ping-only)	-	-	-	0x10613eb0
663	0x297	YES	0x112a2e10	-	-	0x10613f10
664	0x298	NO(ui-ping-only)	-	-	-	0x10613f70
665	0x299	YES	0x112a5580	-	-	0x10613fd0
666	0x29a	YES	-	-	-	0x10614030
667	0x29b	YES	-	-	-	0x10614090
668	0x29c	NO(ui-ping-only)	-	-	-	0x106140f0
669	0x29d	YES	-	-	-	0x10614150
670	0x29e	NO(ui-ping-only)	-	-	-	0x106141b0
671	0x29f	NO(ui-ping-only)	-	-	-	0x10614210
672	0x2a0	YES	-	-	0x10e8d1a0	0x10614270
673	0x2a1	YES	-	-	-	0x106142d0
674	0x2a2	YES	-	0x109def00	0x109df370	0x10614330
675	0x2a3	YES	-	0x109defa0	0x109df3d0	0x10614390
676	0x2a4	NO(ui-ping-only)	-	-	-	0x106143f0
677	0x2a5	YES	-	-	-	0x10614450
678	0x2a6	YES	-	-	-	0x106144b0
679	0x2a7	NO(ui-ping-only)	-	-	-	0x10614510
680	0x2a8	NO(ui-ping-only)	-	-	-	0x10614570
681	0x2a9	NO(ui-ping-only)	-	-	-	0x106145d0
682	0x2aa	NO(ui-ping-only)	-	-	-	0x10614630
683	0x2ab	NO(ui-ping-only)	-	-	-	0x10614690
684	0x2ac	YES	-	-	-	0x106146f0
685	0x2ad	NO(ui-ping-only)	-	-	-	0x10614750
686	0x2ae	YES	-	0x10d18890	0x10d1a6a0	0x106147b0
687	0x2af	NO(ui-ping-only)	-	-	-	0x10614810
688	0x2b0	NO(ui-ping-only)	-	-	-	0x10614870
689	0x2b1	NO(ui-ping-only)	-	-	-	0x106148d0
690	0x2b2	NO(ui-ping-only)	-	-	-	0x10614930
691	0x2b3	NO(ui-ping-only)	-	-	-	0x10614990
692	0x2b4	NO(ui-ping-only)	-	-	-	0x106149f0
693	0x2b5	NO(ui-ping-only)	-	-	-	0x10614a50
694	0x2b6	YES	0x112e3b80	-	-	0x10614ab0
695	0x2b7	YES	-	-	-	0x10614b10
696	0x2b8	YES	-	0x104e6090	0x104f12a0	0x10614b70
697	0x2b9	YES	-	0x104e60b0	0x104f1300	0x10614bd0
698	0x2ba	YES	-	-	-	0x10614c30
699	0x2bb	YES	0x112e3c00	-	-	0x10614c90
700	0x2bc	YES	0x112e3c80	-	-	0x10614cf0
701	0x2bd	YES	-	-	-	0x10614d50
702	0x2be	YES	-	0x10d187d0	0x10d1a700	0x10614db0
703	0x2bf	NO(ui-ping-only)	-	-	-	0x10614e10
704	0x2c0	NO(ui-ping-only)	-	-	-	0x10614e70
705	0x2c1	YES	-	0x109e8660	0x109e9e70	0x10614ed0
706	0x2c2	YES	-	0x109e86e0	0x109e9ed0	0x10614f30
707	0x2c3	NO(ui-ping-only)	-	-	-	0x10614f90
708	0x2c4	NO(ui-ping-only)	-	-	-	0x10614ff0
709	0x2c5	NO(ui-ping-only)	-	-	-	0x10615050
710	0x2c6	NO(ui-ping-only)	-	-	-	0x106150b0
711	0x2c7	YES	-	-	-	0x10615110
712	0x2c8	NO(ui-ping-only)	-	-	-	0x10615170
713	0x2c9	YES	-	-	-	0x106151d0
714	0x2ca	YES	0x1129f8b0	-	-	0x10615230
715	0x2cb	NO(ui-ping-only)	-	-	-	0x10615290
716	0x2cc	YES	-	-	-	0x106152f0
717	0x2cd	NO(ui-ping-only)	-	-	-	0x10615350
718	0x2ce	YES	-	-	-	0x106153b0
719	0x2cf	NO(ui-ping-only)	-	-	-	0x10615410
720	0x2d0	YES	-	-	-	0x10615470
721	0x2d1	YES	-	-	-	0x106154d0
722	0x2d2	YES	-	-	-	0x10615530
723	0x2d3	NO(ui-ping-only)	-	-	-	0x10615590
724	0x2d4	NO(ui-ping-only)	-	-	-	0x106155f0
725	0x2d5	NO(ui-ping-only)	-	-	-	0x10615650
726	0x2d6	NO(ui-ping-only)	-	-	-	0x106156b0
727	0x2d7	NO(ui-ping-only)	-	-	-	0x10615710
728	0x2d8	YES	-	-	-	0x10615770
729	0x2d9	NO(ui-ping-only)	-	-	-	0x106157d0
730	0x2da	YES	-	-	-	0x10615830
731	0x2db	NO(ui-ping-only)	-	-	-	0x10615890
732	0x2dc	NO(ui-ping-only)	-	-	-	0x106158f0
733	0x2dd	NO(ui-ping-only)	-	-	-	0x10615950
734	0x2de	NO(ui-ping-only)	-	-	-	0x106159b0
735	0x2df	YES	-	-	-	0x10615a10
736	0x2e0	NO(ui-ping-only)	-	-	-	0x10615a70
737	0x2e1	YES	-	-	-	0x10615ad0
738	0x2e2	NO(ui-ping-only)	-	-	-	0x10615b30
739	0x2e3	NO(ui-ping-only)	-	-	-	0x10615b90
740	0x2e4	NO(ui-ping-only)	-	-	-	0x10615bf0
741	0x2e5	YES	-	-	-	-
743	0x2e7	YES	-	-	-	-
745	0x2e9	YES	-	-	-	-
748	0x2ec	YES	-	-	-	-
751	0x2ef	YES	-	-	-	-
753	0x2f1	YES	-	-	-	-
755	0x2f3	YES	0x1127b8b0	-	-	-
757	0x2f5	YES	0x1127bf30	-	-	-
759	0x2f7	YES	0x1127c160	-	-	-
761	0x2f9	YES	-	-	-	-
762	0x2fa	YES	0x1127ba00	-	-	-
764	0x2fc	YES	-	-	-	-
766	0x2fe	YES	-	-	-	-
767	0x2ff	YES	-	-	-	-
1000	0x3e8	YES	-	0x10566080,0x108ca4e0	0x10608630,0x108cc870	-
1001	0x3e9	YES	-	0x105661c0,0x1089f4a0	0x10608690,0x1089f8b0	-
1002	0x3ea	YES	-	0x10566300,0x107fece0,0x108ca4d0	0x106086f0,0x108083e0,0x108cc7b0	-
1025	0x401	YES	0x11249fb0	-	-	-
1026	0x402	YES	0x11249f20	-	-	-
1027	0x403	YES	0x1124a0c0	-	-	-
1029	0x405	YES	0x11249fe0	-	-	-
1032	0x408	YES	-	-	-	-
1033	0x409	YES	-	-	-	-
1283	0x503	YES	0x111f9b80	-	-	-
1284	0x504	YES	0x111fa0d0	-	-	-
1286	0x506	YES	0x111f9da0	-	-	-
1290	0x50a	YES	0x112841e0	-	-	-
1312	0x520	YES	0x111f9ea0	-	-	-
1313	0x521	YES	-	-	-	-
1314	0x522	YES	-	-	-	-
1316	0x524	YES	-	-	-	-
1798	0x706	YES	0x1125ef00	-	-	-
1803	0x70b	YES	0x1125e570	-	-	-
1813	0x715	YES	0x1125e5a0	-	-	-
1814	0x716	YES	0x1125f0a0	-	-	-
1818	0x71a	YES	-	-	-	-
1821	0x71d	YES	-	-	-	-
1828	0x724	YES	-	-	-	-
1829	0x725	YES	-	-	-	-
1830	0x726	YES	-	-	-	-
1831	0x727	YES	-	-	-	-
1832	0x728	YES	-	-	-	-
1833	0x729	YES	-	-	-	-
1835	0x72b	YES	-	-	-	-
1836	0x72c	YES	-	-	-	-
2050	0x802	YES	0x11254280	-	-	-
2052	0x804	YES	0x11253f40	-	-	-
2054	0x806	YES	0x11253ec0	-	-	-
2056	0x808	YES	0x112542a0	-	-	-
2058	0x80a	YES	-	-	-	-
2060	0x80c	YES	-	-	-	-
2061	0x80d	YES	-	-	-	-
2063	0x80f	YES	-	-	-	-
2065	0x811	YES	-	-	-	-
2067	0x813	YES	-	-	-	-
2069	0x815	YES	-	-	-	-
2070	0x816	YES	-	-	-	-
2072	0x818	YES	-	-	-	-
2074	0x81a	YES	-	-	-	-
2075	0x81b	YES	-	-	-	-
2077	0x81d	YES	-	-	-	-
2079	0x81f	YES	-	-	-	-
2080	0x820	YES	-	-	-	-
2081	0x821	YES	-	-	-	-
2306	0x902	YES	0x1124ed20	-	-	-
2308	0x904	YES	0x1124ed40	-	-	-
2321	0x911	YES	0x1124eef0	-	-	-
2562	0xa02	YES	-	-	-	-
2817	0xb01	YES	0x1124ae40	-	-	-
2818	0xb02	YES	0x1124ae90	-	-	-
2834	0xb12	YES	0x1124af90	-	-	-
2836	0xb14	YES	0x1124af50	-	-	-
2838	0xb16	YES	-	-	-	-
2840	0xb18	YES	-	-	-	-
2843	0xb1b	YES	-	-	-	-
3074	0xc02	YES	0x112508a0	-	-	-
3076	0xc04	YES	0x112508d0	-	-	-
3078	0xc06	YES	0x11250950	-	-	-
3081	0xc09	YES	0x11250920	-	-	-
3328	0xd00	YES	-	-	-	-
3330	0xd02	YES	-	-	-	-
3331	0xd03	YES	-	-	-	-
3333	0xd05	YES	-	-	-	-
3345	0xd11	YES	-	-	-	-
3665	0xe51	YES	0x112c7eb0	-	-	-
3666	0xe52	YES	0x112c7f00	-	-	-
3667	0xe53	YES	0x112c8420	-	-	-
3668	0xe54	YES	0x112c8390	-	-	-
3669	0xe55	YES	0x112c8540	-	-	-
3670	0xe56	YES	0x11226a00	-	-	-
3671	0xe57	YES	0x112269e0	-	-	-
3672	0xe58	YES	0x112c85b0	-	-	-
3673	0xe59	YES	0x112c8470	-	-	-
3680	0xe60	YES	0x112c80f0	-	-	-
3681	0xe61	YES	0x112c8240	-	-	-
3682	0xe62	YES	0x112c8120	-	-	-
3683	0xe63	YES	0x112c8270	-	-	-
3684	0xe64	YES	0x112c8170	-	-	-
3685	0xe65	YES	0x112c8360	-	-	-
3686	0xe66	YES	0x112c82a0	-	-	-
3842	0xf02	YES	0x11269eb0	-	-	-
3844	0xf04	YES	0x1126a190	-	-	-
3848	0xf08	YES	0x11269df0	-	-	-
4001	0xfa1	YES	0x1126a290	-	-	-
4002	0xfa2	YES	-	-	-	-
4003	0xfa3	YES	-	-	-	-
4005	0xfa5	YES	-	-	-	-
4007	0xfa7	YES	-	-	-	-
4098	0x1002	YES	0x1126add0	-	-	-
4100	0x1004	YES	0x1126aca0	-	-	-
4102	0x1006	YES	0x1126ac10	-	-	-
4103	0x1007	YES	0x1126af80	-	-	-
4104	0x1008	YES	-	-	-	-
4353	0x1101	YES	0x11270e60	-	-	-
4355	0x1103	YES	0x11270ae0	-	-	-
4357	0x1105	YES	0x11270b90	-	-	-
4359	0x1107	YES	0x11270850	-	-	-
4360	0x1108	YES	-	-	-	-
4363	0x110b	YES	-	-	-	-
4365	0x110d	YES	-	-	-	-
4369	0x1111	YES	-	-	-	-
4371	0x1113	YES	-	-	-	-
4372	0x1114	YES	-	-	-	-
4374	0x1116	YES	-	-	-	-
5121	0x1401	YES	0x111e6d50,0x111e6d50	-	-	-
5122	0x1402	YES	0x111e6d80,0x111e6d80	-	-	-
5123	0x1403	YES	0x111e6d20,0x111e6d20	-	-	-
5378	0x1502	YES	0x11274f80	-	-	-
5380	0x1504	YES	0x11274f40	-	-	-
5382	0x1506	YES	0x11274e90	-	-	-
5385	0x1509	YES	0x11274fc0	-	-	-
5394	0x1512	YES	-	-	-	-
5396	0x1514	YES	-	-	-	-
5634	0x1602	YES	0x1126cf20	-	-	-
5636	0x1604	YES	0x1126d290	-	-	-
5638	0x1606	YES	0x1126cd00	-	-	-
5640	0x1608	YES	0x1126d160	-	-	-
5642	0x160a	YES	-	-	-	-
5644	0x160c	YES	-	-	-	-
5646	0x160e	YES	-	-	-	-
5648	0x1610	YES	-	-	-	-
5651	0x1613	YES	-	-	-	-
5653	0x1615	YES	-	-	-	-
5654	0x1616	YES	-	-	-	-
5655	0x1617	YES	-	-	-	-
5656	0x1618	YES	-	-	-	-
5658	0x161a	YES	-	-	-	-
5659	0x161b	YES	-	-	-	-
5660	0x161c	YES	-	-	-	-
5663	0x161f	YES	-	-	-	-
5664	0x1620	YES	-	-	-	-
5668	0x1624	YES	-	-	-	-
5669	0x1625	YES	-	-	-	-
5672	0x1628	YES	-	-	-	-
5890	0x1702	YES	-	-	-	-
5892	0x1704	YES	0x1124d850	-	-	-
5893	0x1705	YES	-	-	-	-
5895	0x1707	YES	0x1124db60	-	-	-
5897	0x1709	YES	0x1124dc70	-	-	-
5905	0x1711	YES	-	-	-	-
5907	0x1713	YES	-	-	-	-
5908	0x1714	YES	-	-	-	-
5910	0x1716	YES	-	-	-	-
5912	0x1718	YES	-	-	-	-
5920	0x1720	YES	-	-	-	-
5922	0x1722	YES	-	-	-	-
5924	0x1724	YES	-	-	-	-
5925	0x1725	YES	-	-	-	-
5926	0x1726	YES	-	-	-	-
5927	0x1727	YES	-	-	-	-
5929	0x1729	YES	-	-	-	-
5930	0x172a	YES	-	-	-	-
5932	0x172c	YES	-	-	-	-
5936	0x1730	YES	-	-	-	-
5938	0x1732	YES	-	-	-	-
5940	0x1734	YES	-	-	-	-
5942	0x1736	YES	-	-	-	-
5943	0x1737	YES	-	-	-	-
5952	0x1740	YES	-	-	-	-
5954	0x1742	YES	-	-	-	-
5955	0x1743	YES	-	-	-	-
6401	0x1901	YES	0x112775d0	-	-	-
6403	0x1903	YES	0x11277850	-	-	-
6404	0x1904	YES	-	-	-	-
6657	0x1a01	YES	0x112d93e0	-	-	-
6658	0x1a02	YES	0x112d92f0	-	-	-
6659	0x1a03	YES	0x112d94a0	-	-	-
6660	0x1a04	YES	0x112d9500	-	-	-
6661	0x1a05	YES	-	-	-	-
6662	0x1a06	YES	-	-	-	-
6663	0x1a07	YES	-	-	-	-
6664	0x1a08	YES	-	-	-	-
6673	0x1a11	YES	-	-	-	-
6916	0x1b04	YES	0x112c22c0	-	-	-
6918	0x1b06	YES	0x112c21c0	-	-	-
6920	0x1b08	YES	0x112c2140	-	-	-
6922	0x1b0a	YES	0x112c2400	-	-	-
6930	0x1b12	YES	-	-	-	-
6932	0x1b14	YES	-	-	-	-
6948	0x1b24	YES	-	-	-	-
6950	0x1b26	YES	-	-	-	-
6952	0x1b28	YES	-	-	-	-
6954	0x1b2a	YES	-	-	-	-
6956	0x1b2c	YES	-	-	-	-
6957	0x1b2d	YES	-	-	-	-
6959	0x1b2f	YES	-	-	-	-
7170	0x1c02	YES	0x112dc070	-	-	-
7172	0x1c04	YES	0x112dc0d0	-	-	-
7174	0x1c06	YES	0x112dc120	-	-	-
7175	0x1c07	YES	0x112dc170	-	-	-
7176	0x1c08	YES	-	-	-	-
8194	0x2002	YES	0x11273a20	-	-	-
8196	0x2004	YES	0x11273ef0	-	-	-
8198	0x2006	YES	0x112739d0	-	-	-
8199	0x2007	YES	0x11273a60	-	-	-
8201	0x2009	YES	-	-	-	-
8203	0x200b	YES	-	-	-	-
8205	0x200d	YES	-	-	-	-
8206	0x200e	YES	-	-	-	-
8208	0x2010	YES	-	-	-	-
8209	0x2011	YES	-	-	-	-
8210	0x2012	YES	-	-	-	-
8212	0x2014	YES	-	-	-	-
8213	0x2015	YES	-	-	-	-
8214	0x2016	YES	-	-	-	-
8215	0x2017	YES	-	-	-	-
8216	0x2018	YES	-	-	-	-
8234	0x202a	YES	-	-	-	-
8235	0x202b	YES	-	-	-	-
8237	0x202d	YES	-	-	-	-
8238	0x202e	YES	-	-	-	-
8240	0x2030	YES	-	-	-	-
8242	0x2032	YES	-	-	-	-
8529	0x2151	YES	0x112ceaa0	-	-	-
8530	0x2152	YES	0x112cead0	-	-	-
8531	0x2153	YES	0x112ce800	-	-	-
8532	0x2154	YES	0x112ce410	-	-	-
8533	0x2155	YES	0x112ce500	-	-	-
8534	0x2156	YES	0x112ce650	-	-	-
8535	0x2157	YES	0x112ce5c0	-	-	-
8536	0x2158	YES	0x112ce710	-	-	-
8537	0x2159	YES	0x112ce830	-	-	-
8544	0x2160	YES	0x112ce8c0	-	-	-
8545	0x2161	YES	0x112ce770	-	-	-
8546	0x2162	YES	0x112ce2d0	-	-	-
8547	0x2163	YES	0x112ce740	-	-	-
8548	0x2164	YES	0x112ce7d0	-	-	-
8549	0x2165	YES	0x112ce7a0	-	-	-
8550	0x2166	YES	0x112cf190	-	-	-
8551	0x2167	YES	0x112cf160	-	-	-
8552	0x2168	YES	0x112ce270	-	-	-
8553	0x2169	YES	0x112cf220	-	-	-
8554	0x216a	YES	0x112ce3e0	-	-	-
8555	0x216b	YES	0x112ce6e0	-	-	-
8556	0x216c	YES	0x112ce680	-	-	-
8557	0x216d	YES	0x112ce590	-	-	-
8558	0x216e	YES	0x112ce2a0	-	-	-
8559	0x216f	YES	0x112cf310	-	-	-
8560	0x2170	YES	0x112ce300	-	-	-
8561	0x2171	YES	0x112ceb00	-	-	-
8562	0x2172	YES	0x112cf250	-	-	-
8563	0x2173	YES	0x112cf1c0	-	-	-
8564	0x2174	YES	0x112ce4d0	-	-	-
8565	0x2175	YES	0x112ce890	-	-	-
8566	0x2176	YES	0x112ce860	-	-	-
8567	0x2177	YES	0x112ceb30	-	-	-
8578	0x2182	YES	0x112ce920	-	-	-
8584	0x2188	YES	0x112ce620	-	-	-
8586	0x218a	YES	0x112cf1f0	-	-	-
8588	0x218c	YES	0x112ce470	-	-	-
8589	0x218d	YES	0x112cf280	-	-	-
8592	0x2190	YES	0x112ce440	-	-	-
8594	0x2192	YES	0x112ce530	-	-	-
8596	0x2194	YES	0x112ce8f0	-	-	-
8599	0x2197	YES	0x112ce6b0	-	-	-
8601	0x2199	YES	0x112ce4a0	-	-	-
8609	0x21a1	YES	0x112ce5f0	-	-	-
8611	0x21a3	YES	0x112ce560	-	-	-
8612	0x21a4	YES	0x112cf2e0	-	-	-
8615	0x21a7	YES	0x112cf340	-	-	-
8616	0x21a8	YES	0x112cf2b0	-	-	-
8705	0x2201	YES	0x112d9e80	-	-	-
8706	0x2202	YES	0x112d9cd0	-	-	-
8708	0x2204	YES	0x112d9d60	-	-	-
8709	0x2205	YES	0x112d9df0	-	-	-
8962	0x2302	YES	0x11279320	-	-	-
8963	0x2303	YES	0x11279980	-	-	-
8964	0x2304	YES	0x112799f0	-	-	-
8966	0x2306	YES	0x112792b0	-	-	-
9297	0x2451	YES	0x112d0170	-	-	-
9298	0x2452	YES	0x112d01a0	-	-	-
9730	0x2602	YES	0x112dce20	-	-	-
9731	0x2603	YES	0x112dce80	-	-	-
9732	0x2604	YES	0x112dd000	-	-	-
9733	0x2605	YES	0x112dcfa0	-	-	-
9734	0x2606	YES	-	-	-	-
9735	0x2607	YES	-	-	-	-
9736	0x2608	YES	-	-	-	-
9986	0x2702	YES	-	-	-	-
9987	0x2703	YES	-	-	-	-
10257	0x2811	YES	0x112dec70	-	-	-
10258	0x2812	YES	0x112dece0	-	-	-
10259	0x2813	YES	0x112de780	-	-	-
10260	0x2814	YES	0x112de680	-	-	-
10261	0x2815	YES	-	-	-	-
10262	0x2816	YES	-	-	-	-
10263	0x2817	YES	-	-	-	-
10264	0x2818	YES	-	-	-	-
10272	0x2820	YES	-	-	-	-
10273	0x2821	YES	-	-	-	-
10274	0x2822	YES	-	-	-	-
10275	0x2823	YES	-	-	-	-
10276	0x2824	YES	-	-	-	-
10277	0x2825	YES	-	-	-	-
10500	0x2904	YES	-	-	-	-
12289	0x3001	YES	0x11255fc0	-	-	-
12290	0x3002	YES	0x11256800	-	-	-
12291	0x3003	YES	0x11256000	-	-	-
12293	0x3005	YES	-	-	-	-
12295	0x3007	YES	-	-	-	-
12300	0x300c	YES	-	-	-	-
12303	0x300f	YES	0x11256040	-	-	-
12305	0x3011	YES	-	-	-	-
12307	0x3013	YES	-	-	-	-
12309	0x3015	YES	-	-	-	-
12311	0x3017	YES	-	-	-	-
12313	0x3019	YES	-	-	-	-
12321	0x3021	YES	-	-	-	-
12323	0x3023	YES	-	-	-	-
12325	0x3025	YES	-	-	-	-
12327	0x3027	YES	-	-	-	-
12329	0x3029	YES	-	-	-	-
12337	0x3031	YES	-	-	-	-
12546	0x3102	YES	0x11259990	-	-	-
12548	0x3104	YES	0x11258f40	-	-	-
12550	0x3106	YES	0x11258ff0	-	-	-
12552	0x3108	YES	0x11259640	-	-	-
12554	0x310a	YES	-	-	-	-
12556	0x310c	YES	-	-	-	-
12558	0x310e	YES	-	-	-	-
12576	0x3120	YES	-	-	-	-
12578	0x3122	YES	-	-	-	-
12580	0x3124	YES	-	-	-	-
12582	0x3126	YES	-	-	-	-
12584	0x3128	YES	-	-	-	-
12592	0x3130	YES	-	-	-	-
12594	0x3132	YES	-	-	-	-
12598	0x3136	YES	-	-	-	-
12600	0x3138	YES	-	-	-	-
12608	0x3140	YES	-	-	-	-
12610	0x3142	YES	-	-	-	-
12612	0x3144	YES	-	-	-	-
12614	0x3146	YES	-	-	-	-
12616	0x3148	YES	-	-	-	-
12624	0x3150	YES	-	-	-	-
12626	0x3152	YES	-	-	-	-
12628	0x3154	YES	-	-	-	-
12630	0x3156	YES	-	-	-	-
12801	0x3201	YES	0x1125c4c0	-	-	-
12802	0x3202	YES	0x1125c210	-	-	-
12804	0x3204	YES	0x1125c0f0	-	-	-
12806	0x3206	YES	-	-	-	-
12808	0x3208	YES	-	-	-	-
12816	0x3210	YES	0x1125c840	-	-	-
12818	0x3212	YES	-	-	-	-
12819	0x3213	YES	-	-	-	-
12821	0x3215	YES	-	-	-	-
12823	0x3217	YES	-	-	-	-
12825	0x3219	YES	-	-	-	-
12833	0x3221	YES	-	-	-	-
12835	0x3223	YES	-	-	-	-
13058	0x3302	YES	0x112dad20	-	-	-
13060	0x3304	YES	0x112dacc0	-	-	-
13062	0x3306	YES	0x112daba0	-	-	-
13063	0x3307	YES	0x112dab40	-	-	-
13065	0x3309	YES	-	-	-	-
13072	0x3310	YES	-	-	-	-
13105	0x3331	YES	-	-	-	-
13106	0x3332	YES	-	-	-	-
13107	0x3333	YES	-	-	-	-
13314	0x3402	YES	0x1125d430	-	-	-
13315	0x3403	YES	0x1125d3f0	-	-	-
13570	0x3502	YES	0x1127d350	-	-	-
13572	0x3504	YES	0x1127d0b0	-	-	-
13574	0x3506	YES	0x1127d060	-	-	-
13576	0x3508	YES	0x1127d260	-	-	-
13577	0x3509	YES	-	-	-	-
13857	0x3621	YES	0x112c3160	-	-	-
13858	0x3622	YES	0x112c3250	-	-	-
13859	0x3623	YES	0x112c3280	-	-	-
13860	0x3624	YES	0x112c32b0	-	-	-
13861	0x3625	YES	0x112c32e0	-	-	-
13862	0x3626	YES	0x112c3310	-	-	-
13864	0x3628	YES	0x112c3190	-	-	-
14082	0x3702	YES	0x11276be0	-	-	-
14088	0x3708	YES	0x11276ee0	-	-	-
14089	0x3709	YES	0x11276ea0	-	-	-
14096	0x3710	YES	0x11277000	-	-	-
14098	0x3712	YES	-	-	-	-
14100	0x3714	YES	-	-	-	-
14353	0x3811	YES	0x112c4a00	-	-	-
14354	0x3812	YES	0x112c4a40	-	-	-
14355	0x3813	YES	0x112c4de0	-	-	-
14356	0x3814	YES	0x112c4e20	-	-	-
14357	0x3815	YES	0x112c4a80	-	-	-
14358	0x3816	YES	0x112c4b40	-	-	-
14359	0x3817	YES	0x112c4b00	-	-	-
14360	0x3818	YES	0x112c4ac0	-	-	-
14361	0x3819	YES	0x112c4b80	-	-	-
14368	0x3820	YES	0x112c4bc0	-	-	-
14609	0x3911	YES	0x112c5530	-	-	-
14610	0x3912	YES	0x112c5460	-	-	-
14611	0x3913	YES	0x112c5420	-	-	-
16385	0x4001	YES	-	-	-	-
16387	0x4003	YES	-	-	-	-
16657	0x4111	YES	0x112c61a0	-	-	-
16658	0x4112	YES	0x112c5f90	-	-	-
16659	0x4113	YES	0x112c5fc0	-	-	-
16660	0x4114	YES	0x112c5ff0	-	-	-
16661	0x4115	YES	-	-	-	-
16662	0x4116	YES	-	-	-	-
16663	0x4117	YES	-	-	-	-
17169	0x4311	YES	0x112db670	-	-	-
17170	0x4312	YES	0x112db6d0	-	-	-
17171	0x4313	YES	0x112db6a0	-	-	-
17172	0x4314	YES	0x112db700	-	-	-
17410	0x4402	YES	0x11275d80	-	-	-
17412	0x4404	YES	0x11275d40	-	-	-
17414	0x4406	YES	0x11275c30	-	-	-
17416	0x4408	YES	0x11275dc0	-	-	-
17418	0x440a	YES	-	-	-	-
17420	0x440c	YES	-	-	-	-
17422	0x440e	YES	-	-	-	-
17425	0x4411	YES	-	-	-	-
17666	0x4502	YES	0x1127dfc0	-	-	-
17671	0x4507	YES	0x1127e100	-	-	-
17683	0x4513	YES	0x1127e060	-	-	-
17685	0x4515	YES	0x1127df60	-	-	-
17687	0x4517	YES	-	-	-	-
17689	0x4519	YES	-	-	-	-
17922	0x4602	YES	0x112c3a40	-	-	-
17924	0x4604	YES	0x112c3b00	-	-	-
17925	0x4605	YES	0x112c3aa0	-	-	-
18177	0x4701	YES	0x11240950	-	-	-
18434	0x4802	YES	0x112523b0	-	-	-
18436	0x4804	YES	0x11252270	-	-	-
18437	0x4805	YES	0x11252420	-	-	-
18438	0x4806	YES	-	-	-	-
18440	0x4808	YES	0x11252920	-	-	-
18441	0x4809	YES	-	-	-	-
18448	0x4810	YES	-	-	-	-
18449	0x4811	YES	-	-	-	-
18450	0x4812	YES	-	-	-	-
18706	0x4912	YES	0x112cfd50	-	-	-
18722	0x4922	YES	0x112cfdc0	-	-	-
20481	0x5001	YES	0x112c6850	-	-	-
20738	0x5102	YES	0x11282ab0	-	-	-
20739	0x5103	YES	0x11282d50	-	-	-
20742	0x5106	YES	0x11282cd0	-	-	-
20754	0x5112	YES	0x11282e40	-	-	-
20756	0x5114	YES	-	-	-	-
20758	0x5116	YES	-	-	-	-
20770	0x5122	YES	-	-	-	-
20771	0x5123	YES	-	-	-	-
20772	0x5124	YES	-	-	-	-
20773	0x5125	YES	-	-	-	-
20774	0x5126	YES	-	-	-	-
20775	0x5127	YES	-	-	-	-
20777	0x5129	YES	-	-	-	-
20784	0x5130	YES	-	-	-	-
20785	0x5131	YES	-	-	-	-
20786	0x5132	YES	-	-	-	-
20788	0x5134	YES	-	-	-	-
20791	0x5137	YES	-	-	-	-
20793	0x5139	YES	0x112836d0	-	-	-
20801	0x5141	YES	0x112837d0	-	-	-
20803	0x5143	YES	0x11283760	-	-	-
20994	0x5202	YES	-	-	-	-
20996	0x5204	YES	-	-	-	-
20998	0x5206	YES	-	-	-	-
20999	0x5207	YES	-	-	-	-
21249	0x5301	YES	0x1127f820	-	-	-
21251	0x5303	YES	0x1127f6f0	-	-	-
21841	0x5551	YES	0x112c94c0	-	-	-
21842	0x5552	YES	0x112c9400	-	-	-
21843	0x5553	YES	0x112c9460	-	-	-
21844	0x5554	YES	0x112c9490	-	-	-
21845	0x5555	YES	0x112c9430	-	-	-
21846	0x5556	YES	0x112c93a0	-	-	-
21847	0x5557	YES	0x112c93d0	-	-	-
22018	0x5602	YES	0x11283e40	-	-	-
22020	0x5604	YES	0x11283e10	-	-	-
22022	0x5606	YES	0x11283de0	-	-	-
22274	0x5702	YES	-	-	-	-
22275	0x5703	YES	-	-	-	-
22276	0x5704	YES	-	-	-	-
22278	0x5706	YES	-	-	-	-
22280	0x5708	YES	-	-	-	-
22283	0x570b	YES	-	-	-	-
22287	0x570f	YES	-	-	-	-
22288	0x5710	YES	-	-	-	-
22289	0x5711	YES	-	-	-	-
22609	0x5851	YES	-	-	-	-
22786	0x5902	YES	-	-	-	-
22787	0x5903	YES	-	-	-	-
22788	0x5904	YES	-	-	-	-
22790	0x5906	YES	-	-	-	-
22792	0x5908	YES	-	-	-	-
22800	0x5910	YES	-	-	-	-
22802	0x5912	YES	-	-	-	-
22817	0x5921	YES	-	-	-	-
24578	0x6002	YES	0x112c69b0	-	-	-
24580	0x6004	YES	0x112c6950	-	-	-
24581	0x6005	YES	0x112c6900	-	-	-
24865	0x6121	YES	0x112684c0	-	-	-
24866	0x6122	YES	0x112684f0	-	-	-
24867	0x6123	YES	0x112685b0	-	-	-
24868	0x6124	YES	0x11268520	-	-	-
24869	0x6125	YES	0x11268640	-	-	-
24870	0x6126	YES	0x11268580	-	-	-
24871	0x6127	YES	0x11268670	-	-	-
24872	0x6128	YES	0x11268550	-	-	-
24873	0x6129	YES	-	-	-	-
24880	0x6130	YES	0x112685e0	-	-	-
24881	0x6131	YES	0x11268610	-	-	-
25109	0x6215	YES	0x112cf9b0	-	-	-
25110	0x6216	YES	-	-	-	-
25111	0x6217	YES	0x112cf980	-	-	-
25112	0x6218	YES	-	-	-	-
25345	0x6301	YES	0x11281740	-	-	-
25347	0x6303	YES	0x112817b0	-	-	-
25348	0x6304	YES	0x11281780	-	-	-
25349	0x6305	YES	0x11281640	-	-	-
25602	0x6402	YES	0x11241470	-	-	-
25604	0x6404	YES	0x11241590	-	-	-
25606	0x6406	YES	0x11241530	-	-	-
25608	0x6408	YES	0x11241410	-	-	-
25616	0x6410	YES	-	-	-	-
25858	0x6502	YES	0x11241b60	-	-	-
25859	0x6503	YES	0x11241bd0	-	-	-
26114	0x6602	YES	0x1127eae0	-	-	-
26116	0x6604	YES	0x1127e960	-	-	-
26117	0x6605	YES	0x1127e8f0	-	-	-
26119	0x6607	YES	0x1127eb70	-	-	-
26121	0x6609	YES	-	-	-	-
26370	0x6702	YES	0x1127f0d0	-	-	-
26371	0x6703	YES	0x1127f280	-	-	-
26373	0x6705	YES	0x1127f190	-	-	-
26882	0x6902	YES	0x112807d0	-	-	-
26884	0x6904	YES	0x11280910	-	-	-
26885	0x6905	YES	0x11280600	-	-	-
26886	0x6906	YES	0x11280550	-	-	-
27138	0x6a02	YES	0x11284990	-	-	-
27140	0x6a04	YES	0x11284b50	-	-	-
27142	0x6a06	YES	0x11284a70	-	-	-
27143	0x6a07	YES	0x11284950	-	-	-
