#insnAddr	func	funcName	funcSize	mnemonic	text
100014d0	100013d0	FUN_100013d0	746	LEA	LEA ECX,[EDX + EAX*0x1 + 0x210]
10001938	10001870	FUN_10001870	559	LEA	LEA ECX,[EDI + EAX*0x1 + 0x210]
1001a3f7	1001a370	FUN_1001a370	189	CMP	CMP dword ptr [EDX + 0x210],0x0
1001a403	1001a370	FUN_1001a370	189	MOV	MOV ECX,dword ptr [EAX + 0x210]
1001a40f	1001a370	FUN_1001a370	189	MOV	MOV dword ptr [EDX + 0x210],0x0
1001a4a5	1001a430	FUN_1001a430	464	MOV	MOV EAX,dword ptr [EDX + 0x210]
1001a4f0	1001a430	FUN_1001a430	464	MOV	MOV ECX,dword ptr [EAX + 0x210]
1001a6a6	1001a600	FUN_1001a600	439	MOV	MOV dword ptr [ECX + 0x210],EAX
1001a6de	1001a600	FUN_1001a600	439	MOV	MOV EAX,dword ptr [EDX + 0x210]
1001a830	1001a7c0	FUN_1001a7c0	389	MOV	MOV EAX,dword ptr [EDX + 0x210]
1001a860	1001a7c0	FUN_1001a7c0	389	MOV	MOV ECX,dword ptr [EDX + 0x210]
1002f812	1002f510	FUN_1002f510	6386	MOV	MOV ECX,dword ptr [EAX + 0x210]
1002f82c	1002f510	FUN_1002f510	6386	MOV	MOV EDX,dword ptr [ECX + 0x210]
1002fa0d	1002f510	FUN_1002f510	6386	MOV	MOV EDX,dword ptr [ECX + 0x210]
1002fa27	1002f510	FUN_1002f510	6386	MOV	MOV EAX,dword ptr [EDX + 0x210]
1002fbff	1002f510	FUN_1002f510	6386	MOV	MOV EAX,dword ptr [EDX + 0x210]
1002fc22	1002f510	FUN_1002f510	6386	MOV	MOV ECX,dword ptr [EAX + 0x210]
100300ee	1002f510	FUN_1002f510	6386	MOV	MOV EDX,dword ptr [ECX + 0x210]
10030111	1002f510	FUN_1002f510	6386	MOV	MOV EAX,dword ptr [EDX + 0x210]
10030835	1002f510	FUN_1002f510	6386	MOV	MOV ECX,dword ptr [EAX + 0x210]
10030858	1002f510	FUN_1002f510	6386	MOV	MOV EDX,dword ptr [ECX + 0x210]
100426f3	-	-	0	MOV	MOV EDX,dword ptr [ESP + 0x210]
100df5c3	100df5c0	FUN_100df5c0	533	SUB	SUB ESP,0x210
101209fe	10120540	TlvGuildMemberData_Pack_varint	1304	PUSH	PUSH dword ptr [EDI + 0x210]
10120f1e	10120a60	TlvGuildMemberData_Pack_be	1304	PUSH	PUSH dword ptr [EDI + 0x210]
10121560	-	-	0	LEA	LEA EAX,[EDI + 0x210]
10121b70	-	-	0	LEA	LEA EAX,[EDI + 0x210]
101220ee	10121d40	TlvGuildMemberData_Print	1044	PUSH	PUSH dword ptr [EBX + 0x210]
10122de5	10122dd0	FUN_10122dd0	42	MOV	MOV EAX,0x210
10133233	10132bf0	FUN_10132bf0	3839	PUSH	PUSH 0x210
102a2534	102a2510	FUN_102a2510	157	MOV	MOV byte ptr [ECX + 0x210],0x0
102a2715	102a2620	FUN_102a2620	398	LEA	LEA EDX,[EDI + 0x210]
102a2939	102a2800	FUN_102a2800	456	LEA	LEA EDI,[EBX + 0x210]
102a2b06	102a2a40	TdrText_DumpInstanceAllocResponse	399	ADD	ADD EAX,0x210
103a4b56	103a4ac0	FUN_103a4ac0	162	MOV	MOV dword ptr [ESI + 0x210],0x0
103a4e3f	103a4be0	FUN_103a4be0	627	PUSH	PUSH dword ptr [ESI + 0x210]
103a510e	103a4eb0	FUN_103a4eb0	629	LEA	LEA EAX,[EBX + 0x210]
103a55ab	103a51a0	FUN_103a51a0	1069	PUSH	PUSH dword ptr [ESI + 0x210]
104f6543	104f6420	FUN_104f6420	384	MOV	MOV dword ptr [ESI + 0x210],0x0
10546c7a	10546c50	FUN_10546c50	52	MOVDQU	MOVDQU xmmword ptr [ESI + 0x210],XMM0
1054bce4	105474f0	GameLogicEvent_Dispatch_A_virtualized_	41012	MOV	MOV EAX,0x210
10550684	105474f0	GameLogicEvent_Dispatch_A_virtualized_	41012	MOV	MOV EAX,0x210
105564d3	105564c0	FUN_105564c0	957	MOV	MOV dword ptr [ESP + 0x210],EAX
10556824	105564c0	FUN_105564c0	957	LEA	LEA EDI,[ESP + 0x210]
105578de	105578c0	FUN_105578c0	502	MOV	MOV ESI,dword ptr [EBX + 0x210]
105578e5	105578c0	FUN_105578c0	502	LEA	LEA EDI,[EBX + 0x210]
105578fb	105578c0	FUN_105578c0	502	LEA	LEA EAX,[EBX + 0x210]
10557a92	105578c0	FUN_105578c0	502	LEA	LEA EAX,[EBX + 0x210]
1055d226	1055cf20	FUN_1055cf20	1050	MOV	MOV dword ptr [ESP + 0x210],0x0
10566738	10566480	FUN_10566480	973	MOV	MOV dword ptr [ESP + 0x210],0x0
10589eb3	10589e40	FUN_10589e40	305	MOV	MOV dword ptr [ESP + 0x18],0x210
10589f00	10589e40	FUN_10589e40	305	CMP	CMP dword ptr [EAX],0x210
10596273	10596260	FUN_10596260	985	MOV	MOV dword ptr [ESP + 0x210],EAX
105965d1	10596260	FUN_10596260	985	LEA	LEA EDI,[ESP + 0x210]
105e9c19	105e9bf0	FUN_105e9bf0	55	PUSH	PUSH 0x210
10603058	10603050	FUN_10603050	20	PUSH	PUSH 0x210
1061e0d8	1061e0d0	FUN_1061e0d0	37	LEA	LEA ESI,[ECX + 0x210]
1061e105	1061e100	FUN_1061e100	56	MOV	MOV ESI,dword ptr [ECX + 0x210]
1061e10c	1061e100	FUN_1061e100	56	LEA	LEA EDI,[ECX + 0x210]
1061fb67	1061fb40	FUN_1061fb40	59	PUSH	PUSH 0x210
106427f1	106427e0	FUN_106427e0	61	ADD	ADD ESI,0x210
10656fad	10656c10	FUN_10656c10	16471	LEA	LEA ECX,[ESI + 0x210]
1065eaf3	1065ac70	FUN_1065ac70	16694	LEA	LEA ECX,[ESI + 0x210]
106a4365	106a4360	FUN_106a4360	20	MOV	MOV dword ptr [EBP + 0x8],0x210
108a8a7d	108a8a30	FUN_108a8a30	117	MOV	MOV EAX,dword ptr [ECX + 0x210]
108e4d5f	108e4680	CPetTrainUI::BuildTrainInfoVO	2626	LEA	LEA ECX,[ESP + 0x210]
108f409b	108f3b90	CLevelEntrustUI::BuildEntrustListVO	9713	LEA	LEA EAX,[ESP + 0x210]
108f43a6	108f3b90	CLevelEntrustUI::BuildEntrustListVO	9713	LEA	LEA EAX,[ESP + 0x210]
108f46e0	108f3b90	CLevelEntrustUI::BuildEntrustListVO	9713	LEA	LEA EAX,[ESP + 0x210]
108f4727	108f3b90	CLevelEntrustUI::BuildEntrustListVO	9713	LEA	LEA EAX,[ESP + 0x210]
108f4aa6	108f3b90	CLevelEntrustUI::BuildEntrustListVO	9713	LEA	LEA ECX,[ESP + 0x210]
108f4b7b	108f3b90	CLevelEntrustUI::BuildEntrustListVO	9713	LEA	LEA ECX,[ESP + 0x210]
108f4ef3	108f3b90	CLevelEntrustUI::BuildEntrustListVO	9713	LEA	LEA EAX,[ESP + 0x210]
108f4efa	108f3b90	CLevelEntrustUI::BuildEntrustListVO	9713	MOV	MOV byte ptr [ESP + 0x210],0x0
108f52c9	108f3b90	CLevelEntrustUI::BuildEntrustListVO	9713	LEA	LEA ECX,[ESP + 0x210]
108f53a7	108f3b90	CLevelEntrustUI::BuildEntrustListVO	9713	LEA	LEA EAX,[ESP + 0x210]
108f53ae	108f3b90	CLevelEntrustUI::BuildEntrustListVO	9713	MOV	MOV byte ptr [ESP + 0x210],0x0
108f58ec	108f3b90	CLevelEntrustUI::BuildEntrustListVO	9713	LEA	LEA EAX,[ESP + 0x210]
108f58f3	108f3b90	CLevelEntrustUI::BuildEntrustListVO	9713	MOV	MOV byte ptr [ESP + 0x210],0x0
108f5933	108f3b90	CLevelEntrustUI::BuildEntrustListVO	9713	LEA	LEA ECX,[ESP + 0x210]
108f5f37	108f3b90	CLevelEntrustUI::BuildEntrustListVO	9713	LEA	LEA ECX,[ESP + 0x210]
108f5f3e	108f3b90	CLevelEntrustUI::BuildEntrustListVO	9713	MOV	MOV byte ptr [ESP + 0x210],0x0
10982fb6	10982f00	FUN_10982f00	353	PUSH	PUSH 0x210
109ee5b3	109edfd0	LegendPearlModel::BuildUpgradeInfo	2721	LEA	LEA EAX,[ESP + 0x210]
109f8086	109f7eb0	BuildHunterTeamBattleShipVO	961	MOV	MOV EAX,dword ptr [EAX + 0x210]
10a1f6f3	10a1f6f0	FUN_10a1f6f0	205	SUB	SUB ESP,0x210
10a67527	10a672e0	FUN_10a672e0	746	MOV	MOV dword ptr [EDX + 0x210],EAX
10a6f57c	10a6f4d0	FUN_10a6f4d0	193	MOV	MOV dword ptr [ECX + 0x210],0x0
10a6fc78	10a6fb20	FUN_10a6fb20	389	MOV	MOV dword ptr [ESI + 0x210],0x0
10b482f5	10b482b0	FUN_10b482b0	743	MOV	MOV EAX,dword ptr [EAX + 0x210]
10b67926	10b67890	FUN_10b67890	184	MOV	MOV ESI,dword ptr [EAX + 0x210]
10b7aeb3	10b7aeb0	FUN_10b7aeb0	238	SUB	SUB ESP,0x210
10b9330b	10b931b0	FUN_10b931b0	829	MOV	MOV AL,byte ptr [EDI + 0x210]
10b950a7	10b94ee0	FUN_10b94ee0	530	MOV	MOV dword ptr [ESI + 0x210],0x0
10bb7669	10bb59b0	FUN_10bb59b0	11039	MOV	MOV EDX,dword ptr [ESI + 0x210]
10bc12ac	10bc0de0	PlayerInput::BindActionHandlers	11675	MOV	MOV dword ptr [ESI + 0x210],0x0
10bc2e4a	10bc0de0	PlayerInput::BindActionHandlers	11675	LEA	LEA ECX,[ESI + 0x210]
10bc4582	10bc42c0	FUN_10bc42c0	851	LEA	LEA EAX,[EDI + 0x210]
10bd3472	10bd1c70	PlayerParams::RegisterCVars	34686	LEA	LEA EAX,[ESI + 0x210]
10be0bba	10be07f0	FUN_10be07f0	1064	MOV	MOV EAX,dword ptr [EDX + 0x210]
10be0bc0	10be07f0	FUN_10be07f0	1064	MOV	MOV dword ptr [ECX + 0x210],EAX
10beae71	10beac30	FUN_10beac30	746	MOV	MOV EAX,dword ptr [EDX + 0x210]
10bfaeb1	10bfaaf0	FUN_10bfaaf0	1347	LEA	LEA ECX,[ESI + 0x210]
10bfb218	10bfb040	FUN_10bfb040	1027	LEA	LEA ESI,[EDI + 0x210]
10bfd012	10bfcc30	FUN_10bfcc30	1234	LEA	LEA EDX,[EBX + 0x210]
10bfd044	10bfcc30	FUN_10bfcc30	1234	LEA	LEA EDX,[EBX + 0x210]
10c034c6	10c03470	FUN_10c03470	592	LEA	LEA ECX,[EDI + 0x210]
10c03bbf	10c03bb0	FUN_10c03bb0	159	LEA	LEA ESI,[EDI + 0x210]
10c03c5a	10c03c50	FUN_10c03c50	80	LEA	LEA ESI,[ECX + 0x210]
10c7192b	10c718d0	FUN_10c718d0	113	CALL	CALL dword ptr [EDX + 0x210]
10c71aac	10c71a50	FUN_10c71a50	107	CALL	CALL dword ptr [EDX + 0x210]
10c75099	10c74f50	FUN_10c74f50	463	CALL	CALL dword ptr [EDX + 0x210]
10c7524e	10c75120	FUN_10c75120	446	CALL	CALL dword ptr [EDX + 0x210]
10c7564e	10c75630	FUN_10c75630	159	CALL	CALL dword ptr [EDX + 0x210]
10ccaa15	10cca8f0	FUN_10cca8f0	602	CALL	CALL dword ptr [EDX + 0x210]
10cdc0a6	10cdc020	FUN_10cdc020	2835	MOV	MOV dword ptr [EDI + 0x210],0x3f800000
10ce4afb	10ce4910	FUN_10ce4910	698	MOV	MOV dword ptr [ESI + 0x210],0x0
10cf76ea	10cf6f50	MovementSteeringParams::ctor	4074	MOV	MOV dword ptr [EDI + 0x210],0x43340000
10cf9be4	10cf9680	FUN_10cf9680	3814	LEA	LEA ECX,[ESI + 0x210]
10cf9bfe	10cf9680	FUN_10cf9680	3814	DIVSS	DIVSS XMM0,dword ptr [ESI + 0x210]
10cfa03b	10cf9680	FUN_10cf9680	3814	LEA	LEA ECX,[ESI + 0x210]
10cfa04f	10cf9680	FUN_10cf9680	3814	MOVSS	MOVSS XMM0,dword ptr [ESI + 0x210]
10cfb53f	10cfb210	FUN_10cfb210	2335	LEA	LEA ECX,[EDI + 0x210]
10cfb553	10cfb210	FUN_10cfb210	2335	MOVSS	MOVSS XMM0,dword ptr [EDI + 0x210]
10cfc514	10cfc400	FUN_10cfc400	1075	LEA	LEA ECX,[ESI + 0x210]
10cfc528	10cfc400	FUN_10cfc400	1075	MOVSS	MOVSS XMM0,dword ptr [ESI + 0x210]
10cfd1dc	10cfccd0	FUN_10cfccd0	1371	MOVSS	MOVSS XMM0,dword ptr [ESI + 0x210]
10cfd1f9	10cfccd0	FUN_10cfccd0	1371	MOVSS	MOVSS dword ptr [ESI + 0x210],XMM1
10d16233	10d16230	FUN_10d16230	178	SUB	SUB ESP,0x210
10d52013	10d52010	FUN_10d52010	316	SUB	SUB ESP,0x210
10d60a78	10d607a0	CMelee::ComputeHitDirectionAndEmitGameOnHit	2657	MOV	MOV EDI,dword ptr [EAX + 0x210]
10d83567	10d83050	FUN_10d83050	1487	MOV	MOV EAX,dword ptr [EAX + 0x210]
10dafc8f	10daf870	FUN_10daf870	1254	MOV	MOV EAX,dword ptr [EDI + 0x210]
10dafc95	10daf870	FUN_10daf870	1254	MOV	MOV dword ptr [ESI + 0x210],EAX
10dba44b	10dba240	FUN_10dba240	692	MOV	MOV EAX,dword ptr [EBX + 0x210]
10dba451	10dba240	FUN_10dba240	692	MOV	MOV dword ptr [EDX + 0x210],EAX
10dd0190	10dcf450	FUN_10dcf450	5631	MOVSS	MOVSS XMM0,dword ptr [ECX + 0x210]
10dd09ab	10dcf450	FUN_10dcf450	5631	MOV	MOV EAX,dword ptr [ECX + 0x210]
10e2b803	10e2b800	list::sort_10e2b800	466	SUB	SUB ESP,0x210
10ece46f	10ece050	FUN_10ece050	1254	MOV	MOV EAX,dword ptr [EDI + 0x210]
10ece475	10ece050	FUN_10ece050	1254	MOV	MOV dword ptr [ESI + 0x210],EAX
10ed2f10	10ed21d0	FUN_10ed21d0	5631	MOVSS	MOVSS XMM0,dword ptr [ECX + 0x210]
10ed372b	10ed21d0	FUN_10ed21d0	5631	MOV	MOV EAX,dword ptr [ECX + 0x210]
10ef2cbe	10ef2890	FUN_10ef2890	1238	LEA	LEA EAX,[EDI + 0x210]
10f012e2	10f011f0	FUN_10f011f0	294	MOV	MOV dword ptr [ECX + 0x210],EAX
10f17718	10f17580	FUN_10f17580	604	MOV	MOV dword ptr [EAX + 0x210],0x3e99999a
10f1775f	10f17580	FUN_10f17580	604	MOV	MOV dword ptr [EAX + 0x210],0x3f800000
10f1779f	10f17580	FUN_10f17580	604	MOV	MOV dword ptr [EAX + 0x210],0x0
10f24bc7	10f247a0	FUN_10f247a0	1406	MOVQ	MOVQ XMM0,qword ptr [EDI + 0x210]
10f24bcf	10f247a0	FUN_10f247a0	1406	MOVQ	MOVQ qword ptr [ESI + 0x210],XMM0
10f426ab	10f41be0	FUN_10f41be0	5033	MOVSS	MOVSS XMM0,dword ptr [ECX + 0x210]
10f42894	10f41be0	FUN_10f41be0	5033	ADD	ADD EAX,0x210
10f42ecd	10f41be0	FUN_10f41be0	5033	MOVQ	MOVQ XMM0,qword ptr [ECX + 0x210]
10f6db81	10f6db60	FUN_10f6db60	717	MOV	MOV dword ptr [ESI + 0x210],0x1
10f6e2e6	10f6ded0	FUN_10f6ded0	1208	MOVZX	MOVZX EAX,word ptr [ESI + 0x210]
10f6e63a	10f6e5e0	FUN_10f6e5e0	1580	MOV	MOV dword ptr [EDI + 0x210],0x1
10f7573a	10f755d0	FUN_10f755d0	1030	MOVSS	MOVSS dword ptr [ESI + 0x210],XMM7
10f7e5e0	-	-	0	MOV	MOV dword ptr [ECX + 0x210],0xffffffff
10f808b3	10f80890	FUN_10f80890	72	MOV	MOV dword ptr [ESI + 0x210],0xffffffff
10f92be7	10f92a20	FUN_10f92a20	894	MOV	MOV dword ptr [EDI + 0x210],EAX
10f93cfe	10f93cf0	FUN_10f93cf0	260	MOVSS	MOVSS XMM1,dword ptr [ESI + 0x210]
10f93d71	10f93cf0	FUN_10f93cf0	260	MULSS	MULSS XMM1,dword ptr [ESI + 0x210]
10f992bd	10f99100	FUN_10f99100	460	MOV	MOV dword ptr [ECX + 0x210],0x2
10f9ab61	10f9ab50	FUN_10f9ab50	58	CMP	CMP dword ptr [ESI + 0x210],EAX
10f9addb	10f9ace0	CParticleEmitterList::SpawnEffectAtIndex	287	MOV	MOV dword ptr [ESI + 0x210],EDI
10f9adf3	10f9ace0	CParticleEmitterList::SpawnEffectAtIndex	287	MOV	MOV dword ptr [ESI + 0x210],EDI
10f9ae19	10f9ae00	FUN_10f9ae00	151	MOV	MOV ESI,dword ptr [EDI + 0x210]
10f9afa3	10f9aea0	FUN_10f9aea0	595	MOV	MOV EDI,dword ptr [ESI + 0x210]
10f9afa9	10f9aea0	FUN_10f9aea0	595	LEA	LEA EDX,[ESI + 0x210]
10f9b165	10f9b100	FUN_10f9b100	207	MOV	MOV ESI,dword ptr [EDI + 0x210]
10f9b305	10f9b1e0	FUN_10f9b1e0	666	MOV	MOV ECX,dword ptr [EDI + 0x210]
10f9b5db	10f9b480	CParticleEmitterList::SpawnEffectShared	407	MOV	MOV dword ptr [ESI + 0x210],EBX
10f9b63f	10f9b620	FUN_10f9b620	240	MOV	MOV dword ptr [ESI + 0x210],0xffffffff
10f9b66f	10f9b620	FUN_10f9b620	240	MOV	MOV dword ptr [ESI + 0x210],EDI
10f9b68a	10f9b620	FUN_10f9b620	240	MOV	MOV dword ptr [ESI + 0x210],EDI
10f9b6c3	10f9b620	FUN_10f9b620	240	MOV	MOV dword ptr [ESI + 0x210],EAX
10f9b71e	10f9b710	FUN_10f9b710	55	CMP	CMP dword ptr [ESI + 0x210],EAX
10f9f750	10f9f390	FUN_10f9f390	1031	MOVSS	MOVSS dword ptr [ESI + 0x210],XMM0
10f9fb54	10f9f7a0	FUN_10f9f7a0	992	MOVSS	MOVSS dword ptr [ESI + 0x210],XMM0
10fa1359	10fa1260	FUN_10fa1260	327	MOV	MOV dword ptr [ESI + 0x210],EAX
10fa3577	10fa3510	FUN_10fa3510	140	MOV	MOV dword ptr [EDI + 0x210],ESI
10fa3aa9	10fa3a80	FUN_10fa3a80	51	MOV	MOV dword ptr [ECX + 0x210],EAX
10fa3ae9	10fa3ac0	FUN_10fa3ac0	51	MOV	MOV dword ptr [ECX + 0x210],EAX
10fa4b3f	10fa4780	FUN_10fa4780	2257	MOV	MOV EAX,dword ptr [EDI + 0x210]
10fa4bfc	10fa4780	FUN_10fa4780	2257	MOV	MOV EAX,dword ptr [EDI + 0x210]
10fa4c5c	10fa4780	FUN_10fa4780	2257	MOVSS	MOVSS XMM0,dword ptr [EDI + 0x210]
10fa50bb	10fa5060	FUN_10fa5060	608	MOV	MOV dword ptr [ESI + 0x210],0x0
10faa34b	10fa9f30	FUN_10fa9f30	1119	LEA	LEA EAX,[EDI + 0x210]
10faacf8	10faac90	FUN_10faac90	170	MOV	MOV EAX,dword ptr [EBX + 0x210]
10faada8	10faad40	FUN_10faad40	170	MOV	MOV EAX,dword ptr [EBX + 0x210]
10fab7c7	10fab720	FUN_10fab720	285	MOVSS	MOVSS dword ptr [EDI + 0x210],XMM2
10fab9ca	10fab8d0	FUN_10fab8d0	451	COMISS	COMISS XMM0,dword ptr [EDI + 0x210]
10fabc96	10fabc70	FUN_10fabc70	219	MOVQ	MOVQ qword ptr [EDI + 0x210],XMM0
10fabcbe	10fabc70	FUN_10fabc70	219	MOV	MOV EAX,dword ptr [EDI + 0x210]
10fabe6e	10fabdc0	FUN_10fabdc0	407	MOVSS	MOVSS XMM0,dword ptr [EAX + 0x210]
10fb44f8	10fb44f0	FUN_10fb44f0	20	MOVSS	MOVSS dword ptr [ECX + 0x210],XMM0
10fb4518	10fb4510	FUN_10fb4510	20	MOVSS	MOVSS dword ptr [ECX + 0x210],XMM0
10fb4656	10fb4650	FUN_10fb4650	16	MOV	MOV dword ptr [ECX + 0x210],EAX
10fd687e	10fd61b0	FUN_10fd61b0	4013	MOV	MOV dword ptr [EDX + 0x210],ECX
10fd6933	10fd61b0	FUN_10fd61b0	4013	MOV	MOV dword ptr [EDX + 0x210],ECX
10fd6b68	10fd61b0	FUN_10fd61b0	4013	MOVSS	MOVSS dword ptr [ECX + 0x210],XMM7
10fd6dcc	10fd61b0	FUN_10fd61b0	4013	MOVSS	MOVSS dword ptr [ECX + 0x210],XMM7
10fe7f24	10fe7f10	FUN_10fe7f10	49	PUSH	PUSH 0x210
10fe7f94	10fe7f80	FUN_10fe7f80	49	PUSH	PUSH 0x210
10fe80e4	10fe80d0	FUN_10fe80d0	49	PUSH	PUSH 0x210
10ff650c	10ff5840	FUN_10ff5840	8492	MOVSS	MOVSS XMM7,dword ptr [EDI + 0x210]
10ff6576	10ff5840	FUN_10ff5840	8492	MOVSS	MOVSS XMM1,dword ptr [EDI + 0x210]
10ff6b46	10ff5840	FUN_10ff5840	8492	ADDSS	ADDSS XMM7,dword ptr [EDI + 0x210]
10ff6b5e	10ff5840	FUN_10ff5840	8492	MOVSS	MOVSS dword ptr [EDI + 0x210],XMM7
110413b9	11041390	FUN_11041390	59	CALL	CALL dword ptr [EAX + 0x210]
11062af0	11062a80	FUN_11062a80	389	MOV	MOV EDI,dword ptr [EAX + 0x210]
1109302b	11092f60	FUN_11092f60	460	MOV	MOV EAX,dword ptr [ECX + 0x210]
11138681	11138640	FUN_11138640	149	MOV	MOV EAX,0x210
11166e99	-	-	0	JMP	JMP dword ptr [EDX + 0x210]
11175a7f	111759f0	FUN_111759f0	163	PUSH	PUSH dword ptr [ESI + 0x210]
1118ca15	1118c9e0	FUN_1118c9e0	145	MOV	MOV EAX,0x210
111af6d2	111af590	FUN_111af590	407	PUSH	PUSH 0x210
111be98d	111be950	FUN_111be950	145	MOV	MOV EAX,0x210
112306c8	11230630	FUN_11230630	188	MOV	MOV ESI,dword ptr [EAX + 0x210]
112a0250	112a00f0	FUN_112a00f0	1292	LEA	LEA EAX,[EDI + 0x210]
113ff242	113ff120	FUN_113ff120	931	MOV	MOV EAX,0x210
11478b80	11478b50	FUN_11478b50	95	MOV	MOV EDX,dword ptr [EDX + 0x210]
1147f57c	1147f3e0	FUN_1147f3e0	1566	ADD	ADD ECX,0x210
114d7f1c	114d7f00	FUN_114d7f00	169	MOV	MOV dword ptr [EBP + -0x10],0x210
1154ef93	1154ef90	CMartGoodsInfo::IndexGood	185	SUB	SUB ESP,0x210
115adc97	115adb60	FUN_115adb60	395	MOV	MOV dword ptr [EDI + 0x210],0x11d2fd60
115ae127	115ae0f0	FUN_115ae0f0	505	MOV	MOV dword ptr [EBX + 0x210],0x11d23e64
115f0cb3	115f0c90	FUN_115f0c90	153	MOV	MOV EAX,dword ptr [EAX + 0x210]
115f1380	-	-	0	MOV	MOV EAX,0x210
115f1440	-	-	0	MOV	MOV EAX,0x210
1163540d	116353f0	FUN_116353f0	119	MOV	MOV dword ptr [EBP + -0x10],0x210
1166df2a	1166df20	FUN_1166df20	20	MOV	MOV EAX,dword ptr [EAX + 0x210]
116c3e87	116c3ca0	FUN_116c3ca0	874	MOV	MOV dword ptr [ESI + 0x210],0x0
116ca526	116ca520	FUN_116ca520	16	MOV	MOV dword ptr [ECX + 0x210],EAX
116e47b2	116e46c0	FUN_116e46c0	452	LEA	LEA EAX,[ECX + 0x210]
116e4a88	116e4a10	FUN_116e4a10	389	LEA	LEA EAX,[ESI + 0x210]
116e86ad	116e5410	CDamageInfo::ParseAttackInfoXml_DECOMPILE_FAILED_	14846	LEA	LEA EAX,[EDI + 0x210]
116e903f	116e8ff0	FUN_116e8ff0	158	LEA	LEA EAX,[ESI + 0x210]
116ea2c6	116e9f00	FUN_116e9f00	1433	LEA	LEA EDX,[EDI + 0x210]
116ea2cc	116e9f00	FUN_116e9f00	1433	LEA	LEA EBX,[ESI + 0x210]
116ec6d2	116ec530	FUN_116ec530	1093	LEA	LEA ECX,[ESI + 0x210]
116ecd18	116ecc30	FUN_116ecc30	710	MOV	MOV EAX,dword ptr [EBX + 0x210]
116ecd30	116ecc30	FUN_116ecc30	710	MOV	MOV EAX,dword ptr [EBX + 0x210]
116ede99	116ed8c0	FUN_116ed8c0	1912	LEA	LEA EDI,[ECX + 0x210]
116efb16	116eeb20	CDmgRangeInfo::ParseAreaDamageXml	4416	LEA	LEA ECX,[EBX + 0x210]
1187d720	1187c460	FUN_1187c460	13006	MOV	MOV dword ptr [ESI + 0x210],0x1239a754
118c1074	118c0c10	CDamageInfo::BuildDamageProjectileTable	1334	MOV	MOV ESI,dword ptr [EDI + 0x210]
11b35089	11b34e60	FUN_11b34e60	1777	LEA	LEA ECX,[ESI + 0x210]
11b3d7bb	11b3d7b0	FUN_11b3d7b0	277	LEA	LEA ESI,[EBX + 0x210]
11b3fcc7	11b3fca0	FUN_11b3fca0	179	CMP	CMP dword ptr [EDI + 0x210],0x0
11b4fda6	11b4fd80	FUN_11b4fd80	111	MOV	MOV EDX,dword ptr [ESI + 0x210]
11b6059a	11b603c0	FUN_11b603c0	738	MOV	MOV dword ptr [EDI + 0x210],0xffffffff
11b64563	11b64510	FUN_11b64510	386	MOV	MOV EAX,dword ptr [ESI + 0x210]
11b64573	11b64510	FUN_11b64510	386	MOV	MOV dword ptr [ESI + 0x210],EAX
11b645e0	11b64510	FUN_11b64510	386	INC	INC dword ptr [ESI + 0x210]
11b64600	11b64510	FUN_11b64510	386	CMP	CMP dword ptr [ESI + 0x210],0x0
11b6463f	11b64510	FUN_11b64510	386	MOV	MOV EAX,dword ptr [ESI + 0x210]
11b64661	11b64510	FUN_11b64510	386	DEC	DEC dword ptr [ESI + 0x210]
11b64687	11b64510	FUN_11b64510	386	DEC	DEC dword ptr [ESI + 0x210]
11ba1741	11ba12e0	FUN_11ba12e0	1571	MOV	MOV dword ptr [ECX + 0x210],0x0
11ba252b	11ba21a0	FUN_11ba21a0	1284	MOV	MOV dword ptr [ESI + 0x210],0x0
11ba6b44	11ba68c0	FUN_11ba68c0	1045	MOV	MOV dword ptr [ECX + 0x210],0x0
11ba6fa6	11ba6f90	FUN_11ba6f90	537	MOV	MOV dword ptr [ESI + 0x210],0x0
11ba708e	11ba6f90	FUN_11ba6f90	537	MOV	MOV EDI,dword ptr [ESI + 0x210]
11ba7135	11ba6f90	FUN_11ba6f90	537	MOV	MOV ECX,dword ptr [ESI + 0x210]
11ba7144	11ba6f90	FUN_11ba6f90	537	INC	INC dword ptr [ESI + 0x210]
11ba717f	11ba6f90	FUN_11ba6f90	537	CMP	CMP dword ptr [ESI + 0x210],0x0
11bec14f	11bec0f0	FUN_11bec0f0	473	MOV	MOV dword ptr [EBX + 0x210],EAX
11bec355	11bec2d0	FUN_11bec2d0	512	MOV	MOV dword ptr [EDI + 0x210],EAX
11bec6d4	11bec6b0	FUN_11bec6b0	50	MOV	MOV dword ptr [EBX + 0x210],EAX
11bec715	11bec6f0	FUN_11bec6f0	51	MOV	MOV dword ptr [EBX + 0x210],EAX
11bec780	11bec750	FUN_11bec750	65	MOV	MOV dword ptr [EBX + 0x210],EAX
11bec817	11bec7e0	FUN_11bec7e0	73	MOV	MOV dword ptr [EDI + 0x210],EAX
11becc2e	11becc10	FUN_11becc10	73	MOV	MOV byte ptr [ESI + 0x210],AL
11bef043	11bef040	FUN_11bef040	167	SUB	SUB ESP,0x210
11bef063	11bef040	FUN_11bef040	167	CMP	CMP AL,byte ptr [EDI + 0x210]
11c0c546	11c0c440	FUN_11c0c440	672	MOV	MOV dword ptr [ESI + 0x210],0x0
11c0c881	11c0c840	FUN_11c0c840	177	ADD	ADD dword ptr [EBX + 0x210],EAX
11c0cc16	11c0cc00	FUN_11c0cc00	30	SUB	SUB EAX,dword ptr [ESI + 0x210]
11c0d115	11c0d0c0	FUN_11c0d0c0	303	SUB	SUB ECX,dword ptr [ESI + 0x210]
11c0d245	11c0d1f0	FUN_11c0d1f0	303	SUB	SUB ECX,dword ptr [ESI + 0x210]
11c0d888	11c0d7e0	FUN_11c0d7e0	214	ADD	ADD dword ptr [ECX + 0x210],EAX
11c0d9cd	11c0d980	FUN_11c0d980	91	SUB	SUB dword ptr [ESI + 0x210],EAX
11c0d9fe	11c0d9e0	FUN_11c0d9e0	107	SUB	SUB ECX,dword ptr [EDX + 0x210]
11c0db87	11c0db20	FUN_11c0db20	189	SUB	SUB EAX,dword ptr [EDI + 0x210]
11c0dc77	11c0dc20	FUN_11c0dc20	154	SUB	SUB EAX,dword ptr [EDI + 0x210]
11c0dcf9	11c0dcc0	FUN_11c0dcc0	83	ADD	ADD dword ptr [EBX + 0x210],EAX
11c0dfda	11c0df90	FUN_11c0df90	250	SUB	SUB dword ptr [EBX + 0x210],EAX
123e830e	123e8300	FUN_123e8300	120	MOV	MOV dword ptr [EAX + 0x210],0x3f800000
12401ba7	12401b99	FUN_12401b99	224	MOV	MOV dword ptr [EAX + 0x210],0x3e99999a
