102a6fc0	TdrPrint_EffectSpawnData
102b1930	TlvEntitySpawnInfo::PrintText
102d1ac0	TdrPrint_TrapSpawnData
102ef620	TdrPrint_MonsterPartSpawnData
10a86ac0	AISystem::LoadAngerAndSpawnSettings
10b13370	CBoids::PlaySpawnBubbleOrSplashEffect
10b367b0	CBoids::SpawnParticleEffectWithStatus
10b8b1c0	CGroundEffect::LoadSpawnProperties
10bcb210	CFishInfo::SpawnFishingEffects
10bcb9a0	CGameCollectPoint::SpawnEntity
10bff6c0	CAvatarInfo::SpawnWeaponEntities
10c05b30	CGameRules::RequestSpawnGroup_ClientRMI
10c05b90	CGameRules::SetPlayerSpawnGroup_RMI
10c05c00	CGameRules::GetPlayerSpawnGroup_RMI
10c05d50	CGameRules::OnSpawnGroupInvalid
10c21d10	CProjectileEffect::SpawnWeakBloodHit
10c225a0	CProjectileEffect::SpawnShootBloodEffect
10c28810	RMI_CGameRules_ClAddSpawnGroup
10c288c0	RMI_CGameRules_ClRemoveSpawnGroup
10c3c550	CEntity::PlaySpawnEffectFromProperty
10d20450	ScriptBind::SpawnCollectPointUnderEntity
10d224f0	ScriptBind::Spawner_DoSpawn
10d49870	CSpawnRegion::SerializeProperties
10d83c80	CProjectileSpawnEffectInfo::FindInfoByKey
10d85730	CProjectileSpawnEffectInfo::GetDefaultInfo
10d858d0	CProjectileSpawnEffectInfo::GetByIndex
10da0520	CMonster::SpawnParticleEffect
10e95b00	CLevelSpawnBatchInfo::FindInfoByKey
10e95ba0	CSpawnMonsterGroupInfo::GetInfoManager
10e97da0	FlowNode_DoSpawn_A::GetConfiguration
10e989c0	FlowNode_DoSpawn_B::GetConfiguration
10e98ed0	FlowNode_DoSpawn_C::GetConfiguration
10e994c0	FlowNode_DoSpawn_D::GetConfiguration
10e99a40	FlowNode_MonsterSpawnGroup::GetConfiguration
10e9ad80	CLevelSpawnBatchInfo::GetRecordByIndex
10e9add0	CLevelSpawnBatchInfo::GetDefaultInfo
10e9ae20	CSpawnMonsterGroupInfo::GetInfoManagerIfLoaded
10e9b010	CSpawnMonsterGroupInfo::GetRecordByIndex
10e9f330	CLevelFGModuleMonsterGroup::GetManagers
10ea1fc0	FlowNode_SpawnGroup3Slot::GetConfiguration
10ea3860	CLevelFGModuleMonsterGroup::GetManagers_10ea3860
10eb7360	FlowNode_SpawnEntityByArchetype::GetConfiguration
10ec8f70	CPlayer::SpawnParticleEffect
10efa380	CPlayer::SpawnPerfectDodgeEffect
10f10670	CPlayer::SpawnParticleEffect_dup
10f1c150	CPlayer::SpawnSkillBuffEffectsFromCBuffInfo
10f9ac10	CParticleEmitterList::SpawnEffectsForEntry
10f9ace0	CParticleEmitterList::SpawnEffectAtIndex
10f9b480	CParticleEmitterList::SpawnEffectShared
1129ddf0	CCliBattleGroundMgr::OnGameEvent_SpawnLocalPlayer
112a2e10	CMonsterInfo::SpawnMonstersFromList
112a9d80	CCliGameContext::SpawnLocalTempPlayer
112b84b0	CCliLogicPet::SpawnPetActorFromBlob
115af1a0	CBuffAreaSystem::SpawnBuffArea
115c8990	IBattleGroundSpawnConfig::SpawnLog
115f6260	CBTNode_EffectSpawnedCollectPoint::Execute
11643b90	CMonsterSpawnGroup::EnableSpawner
11644370	CMonsterSpawnGroup::ResolveSpawnGroupInfo
11644630	CMonsterInfo::CreateMonstersFromSpawnQueue
116448e0	CMonsterSpawnGroup::_CheckRespawn
116ae000	CMonsterSpawnGroup::DoSpawnBatch
116f1b30	CEffectSpawnInfo::ReadConfig
116f8790	CSpawnMonsterGroupInfo::ReadConfig
116fc320	CLevelSpawnBatchInfo::GetManager
116fcc00	CLevelSpawnBatchInfo::ReadConfig
116fd090	CMHLevelInfo::ValidateSpawnMonsterGroups
116fd440	CSpawnMonsterGroupInfo::RollSpawnForLevel
1173b870	CMHLevelInfo::ForEachSpawnEntry
1189c230	CMHLevelSpawnConfig::ParseLevelXml
1189ca40	CMonsterSpawnGroupEntry::ParseXml
118a3500	MHMonsterSpawnPoint::ParseEntity
118a40b0	SpawnMonsterGroupInfo::registerName
118a4120	SpawnMonsterGroupInfo::GetTypeDescriptor
118d52c0	CMonsterGroupInfo::GetInfoManager
118d5f00	CMonsterGroupInfo::GetInfoManagerInstance
118d6130	CMonsterGroupInfo::RegisterAllInstances
118d62b0	CMonsterGroupInfo::RegisterAllChildMonsters
11957970	SpawnInfo::GetTypeDescriptor
11958350	CSpawnObjectiveInfo::ReadConfig
11958c30	CMonsterSpawnInfo::ParseConfig
119ddbd0	CSpawnEntityEffectInfo::ReadConfig
11a21e50	CWildHuntSpawnGroupInfo::ReadConfig
