0	/home/fallen/Projets/MHO/decompiled/skills/skill_chunk_000.c
1	/home/fallen/Projets/MHO/decompiled/skills/skill_chunk_001.c
2	/home/fallen/Projets/MHO/decompiled/skills/skill_chunk_002.c
3	/home/fallen/Projets/MHO/decompiled/skills/skill_chunk_003.c
4	/home/fallen/Projets/MHO/decompiled/skills/skill_chunk_004.c
5	/home/fallen/Projets/MHO/decompiled/skills/skill_chunk_005.c
6	/home/fallen/Projets/MHO/decompiled/skills/skill_chunk_006.c
7	/home/fallen/Projets/MHO/decompiled/skills/skill_chunk_007.c
8	/home/fallen/Projets/MHO/decompiled/skills/skill_chunk_008.c
9	/home/fallen/Projets/MHO/decompiled/skills/skill_chunk_009.c
10	/home/fallen/Projets/MHO/decompiled/skills/skill_chunk_010.c
11	/home/fallen/Projets/MHO/decompiled/skills/skill_chunk_011.c
12	/home/fallen/Projets/MHO/decompiled/skills/skill_chunk_012.c
13	/home/fallen/Projets/MHO/decompiled/skills/skill_chunk_013.c
