10006530	Tdr::FormatEntryValue
10009ab0	Tdr::FprintfMetaToFile
10009bc0	Tdr::FprintfMetaToFile_NoFormat
10009cc0	Tdr::SprintfMetaToBuffer
10009f50	Tdr::VisualizeMetaWithFormat
1000a1f0	Tdr::PackHostToNet
1000b780	Tdr::UnpackNetToHost
1000cfa0	Tdr::PackArrayFieldHostToNet
1000d800	Tdr::UnpackArrayFieldNetToHost
10013030	Crt::FloatToAscii_Scientific
100135f0	Crt::FixedPointToAscii
1001a0a0	LibPng::png_set_filter
1001dd20	LibPng::png_do_read_transformations
10025990	LibPng::png_set_compression_buffer_size
10026610	LibPng::png_decompress_chunk
1002e9a0	LibPng::png_write_sCAL
1004bc30	Pal::TFile_ReadWhole
1004f9b0	TcltApi::SendPackage
1004fad0	TcltApi::TryParseOnePackage
100502a0	TcltApi::RecvPackage
10050f10	TcltApi::RecvPackage_Variant
10067670	Tdr::MetalibInputEntries
1006a610	Tdr::HostToXml_Buffer
1006a790	Tdr::HostToXml_FilePtr
1006a8e0	Tdr::HostToXml_FileName
1006aa90	Tdr::HostToXml_IOWrap
1006e120	Tdr::XmlToHost_Buffer
1006e330	Tdr::XmlToHost_FilePtr
1006e510	Tdr::XmlToHost_FileName
1006e6f0	Tdr::XmlToHost_IOWrap
10073760	Pal::TIpc_PathToName
100f74f0	Sys::BuildWindowsVersionString
100f8d60	Log::DebugPrintf
100fa1d0	GlobalVarBuffer::InitSharedMem
101106b0	Tlv::ItemUseWithSkillBeads_DebugFormat
10127c60	Tlv::SkillLevelPair_DebugFormat_Guarded
10127d40	Tlv::SkillLevelPair_DebugFormat
10189710	Tlv::SkillGroupLayout_DebugFormat
1019fe20	Tlv::PetSupportAttrs_DebugFormat
101a5dd0	Tlv::PetFullData_DebugFormat
101fcbe0	Tlv::BuffInfo_DebugFormat
10256190	BehaviorTree::RegisterEventAndAbnormalStatusEnums
10258da0	BehaviorTree::RegisterBlackboardKeys
10262280	SkillBehaviorTree::LoadFromConfig
10262e70	SkillBehaviorTree::ReadSkillIDAttr_Thunk
10289b70	Tlv::PingDelayInfo_DebugFormat
1029caa0	Tlv::SkillActionPoint_DebugFormat
102a5490	Tlv::PlayerSceneBrief_DebugFormat
102afba0	Tlv::InstanceSceneInfo_DebugFormat
102b1930	TlvEntitySpawnInfo::PrintText
102b5700	TlvProjectileLaunchSync::PrintText
102cd750	TlvHunterAppearanceSync::PrintText
102dcf40	TlvDamageHitResult::PrintText
102e36e0	TlvPaidItemsBuffsResult::PrintText
102ebf70	TlvMonsterSkillSync::PrintText
102ed140	TlvMonsterSkillSyncV2::PrintText
102ee200	TlvMonsterFullSnapshot::PrintText
102f2b50	TlvBuffRelationResult::PrintText
10305b50	TlvSkillEventNotify::PrintText
10306c30	TlvTalentReq::PackToBuffer
10306cb0	TlvTalentReq::PrintText
10306ce0	TlvTalentReq::PackToBuffer_Bounded
10306d70	TlvTalentReq::PackToStream
10306f60	TlvTalentResult::PackToBuffer
10307000	TlvTalentResult::PrintText
103072b0	TlvTalentIdxReq::PackToBuffer
10307350	TlvTalentIdxReq::PrintText
103076c0	TlvTalentIdxResult::PrintText
10308810	TlvWeaponSkillReq::PrintText
10308b60	TlvWeaponSkillResult::PrintText
103092c0	TlvSkillTagList::PrintText
103096b0	TlvSkillGroupOpResult::PrintText
10309ad0	TlvSkillGroupList::PrintText
10309f70	TlvSkillGroupListResult::PrintText
10310470	TlvEntitySkillReq::PackToBuffer
10310510	TlvEntitySkillReq::PrintText
1031b4a0	TlvBuffState::PrintText
1031ca70	TlvBuffOpNotify::PrintText
1032f9d0	TlvSkillBeadItemUse::PrintText
1033a080	TlvSkillLevel::PackToBuffer
1033a120	TlvSkillLevel::PrintText
1034a870	TlvSkillLevel::PackToBuffer_Dup
1034a910	TlvSkillLevel::PrintText_Dup
10368f40	TlvSkillId::PackToBuffer
10368fc0	TlvSkillId::PrintText
10368ff0	TlvSkillId::PackToBuffer_Bounded
10369080	TlvSkillId::PackToStream
10369ca0	TlvSkillProficiency::PrintText
10391e30	TlvPetSupportInfo::PrintText
103921a0	TlvPetSkillCount::PackToBuffer
10392240	TlvPetSkillCount::PrintText
10392bd0	TlvPetFullSnapshot::PrintText
10393dc0	TlvPetGiftRand::PrintText
10396b40	TlvPetSkillSlotSet::PrintText
10396ef0	TlvPetSkillReq::PrintText
10397240	TlvPetSkillResult::PrintText
103975b0	TlvPetSkillSlot2::PrintText
10397950	TlvPetSkillSlot2Result::PrintText
10397d20	TlvPetSkillReq2::PrintText
10398070	TlvPetSkillResult2::PrintText
10398eb0	TlvPetSkillResult3::PrintText
10399570	TlvPetSkillResult4::PrintText
10399920	TlvPetBuffReq::PrintText
10399cb0	TlvPetBuffReq2::PrintText
1039b510	TlvPetSkillReq3::PrintText
1039b860	TlvPetSkillResult5::PrintText
1039c3c0	TlvPetSkillList::PrintText
1039c860	TlvPetSkillReq4::PrintText
1039d1d0	TlvSkillDebugToggle::PackToBuffer
1039d250	TlvSkillDebugToggle::PrintText
1039d280	TlvSkillDebugToggle::PackToBuffer_Bounded
1039d310	TlvSkillDebugToggle::PackToStream
1039d5e0	TlvSkillCooldownSync::PrintText
1039dc20	TlvSkillID2::PackToBuffer
1039dca0	TlvSkillID2::PrintText
1039dcd0	TlvSkillID2::PackToBuffer_Bounded
1039dd60	TlvSkillID2::PackToStream
103af940	TlvItemBlob::PrintText
103be970	TlvCatCompanionItem::PrintText
10400cc0	TlvBuffID::PackToBuffer
10400d40	TlvBuffID::PrintText
10400d70	TlvBuffID::PackToBuffer_Bounded
10400e00	TlvBuffID::PackToStream
10400ff0	TlvBuffIDResult::PackToBuffer
10401090	TlvBuffIDResult::PrintText
1040a880	TlvSignatureBlob::PrintText
1040e420	TlvRageValue::PackToBuffer
1040e4d0	TlvRageValue::PrintText
104a2af0	CMonsterEntity::LoadAISettingsFromBlackboard
104bc010	CBehaviorTreeProfiler::DumpNodeRuntimeStats
104fd710	CBuffInfoManager::GetRecordById
1050eb10	CEquipPassiveSkillGroupInfo::GetInfoManagerSingleton
1050ebc0	CEquipPassiveSkillGroupInfo::GetRecordById
1050ef40	CPetSkillInfo::GetRecordById
10511480	CPetPanelUI::OnRefreshPetSkillPanel
10511bb0	CPetWaitSkillPanel::RegisterASCallbacks
10511fc0	CBattlePet::TryOpenSkillPanel_OnState5
10512480	CPetPanel::OnRefreshLearnedSkills
10512580	CPetPanel::PlayOrHideNewSkillEffect
105130a0	CPetPanelUI::BuildSubSkillListVO
105145c0	CPetInfoPanel::BuildPetDetailVO_ByLookup
10514a90	CPetInfoPanel::BuildPetInfoVO
105164f0	CBattlePet::OpenSkillPanel_IfInGame
10518600	CPetWaitSkillPanel::GetWaitSkillData_ASProvider
10531e90	CPetBufferPanel::BuildEquipAndBufferVO
107cc1d0	CEquipTooltip::AggregateEquipStatsVO
107cd340	CSkillVideo::GetInfoManagerSingleton
107cd4f0	CNewSkillInfo::GetRecordById
107cd660	CRageInfo::GetRecordById
107d45b0	CSkillVideo::GetManagerPtr
10813de0	CManufactureSkillPanel::RegisterASCallbacks
1081adf0	CEquipTalentPanel::BuildAttackAndPassiveSkillVO
1082e040	CEquipPassiveSkillGroupInfo::GetRecordByIndex
1082e0d0	CEquipPassiveSkillGroupInfo::ForceInitAllRecords
1082e430	CEquipSkillPanel::RegisterASCallbacks
1082e540	CEquipSkillPanel::BuildEquipSkillListVO
1082f040	CEquipSkillPanel::BuildOtherEquipSkillListVO
1082f3d0	CEquipSkillPanel::BuildAllEquipSkillDetailVO
1082fa70	CEquipSkillPanel::BuildEquipSkillDetailInfoVO
1082ffc0	CEquipSkillPanel::BuildEquipSkillCellDescVO
10838870	CKeymapPanel::BuildKeymapSettingVO
10856700	CEquipRandPassiveSkillActivateSetInfo::GetRecordById
10858e30	CPetSkill::BuildSkillMetaVO_ByHandle
1085ab40	CCharmPanel::BuildRandPassiveSkillVO
1085b470	MHUI::BuildRandPassiveSkillVO
1085bcb0	MHUI::BuildPassiveSkillListVO
10862710	MHUI::BuildEquipSuitSetBonusVO
10864360	MHUI::BuildWeaponSlashGaugeVO
10865c50	MHUI::BuildRandomWeaponSkillVO
10866ba0	MHUI::BuildEquipSkillBuffVO
108765a0	CTalentInfo::GetTalentRecordById
10876810	CNewSkillInfo::GetRecordByIndex
108768a0	CNewSkillInfo::GetRecordCount
10876d10	MHUI::RegisterWeaponSkillWindowCallbacks
10877440	MHUI::RegisterGetSkillListDataCallback
10877c00	MHUI::BuildWeaponSkillListVO
10878ba0	MHUI::BuildSkillCompletionRatesVO
1087a4c0	MHUI::BuildProfoundSkillDataVO
1087a9e0	MHUI::BuildActiveProfoundSkillDataVO
1087b3e0	MHUI::BuildWeaponStyleDataVO
1088eaa0	MHUI::BuildPassiveSkillDataRows
108a7660	MHUI::BuildStorageExpandCostVO
108a86a0	MHUI::BuildSkillItemInfoVO
108d7da0	MHUI::BuildTitleListVO
108d8370	MHUI::BuildTitlePropertyListVO
108d8b00	MHUI::BuildCatCuisineBuffVO
108d97c0	CPropertyPanelModel::BuildPlayerPropertyVO
108e2bb0	CFarmPetModel::BuildCollectPetAndPlantVO
108e7830	CPetModel::BuildPetDetailVO
108fb670	CCatCuisineModel::GetCatCuisineResultInfo
10911230	CWeaponTalentModel::RegisterInitHandlers
10911340	CWeaponTalentModel::InitModel
10911660	CWeaponTalentModel::GetWeaponTalentAndProfoundSkillData
10911e00	CWeaponTalentModel::BuildProfoundSkillTipVO
10912030	CWeaponTalentModel::BuildTalentSkillVO
10912240	CWeaponTalentTipsModel::RegisterHandlers
109122a0	CWeaponTalentProfoundTipsModel::RegisterHandlers
109125d0	CWeaponTalentTipsModel::BuildTalentCardTipVO
1091a010	CGuildSkillInfo::GetSkillIdByIndex
1091a0a0	CGuildSkillInfo::GetSkillCount
1091b5a0	CGuildSkillModel::BuildSkillViewData
1091bc50	CGuildSkillModel::BuildSkillCandidateData
1091cec0	CGuildBuildingModel::BuildLevelUpData
10929bf0	CArenaScoreDebugModel::BuildTransformStatsVO
1093de10	CBattleTeamModel::BuildMemberArrayVO
109568f0	CCommonGroupBuffModel::RegisterHandlers
109572a0	CCommonGroupBuffModel::GetBatchExecBuffCmd
10958830	CCharmModel::BuildPassiveSkillAndActivateVO
1096b9a0	CQTEModel::BuildQTEData
10970c70	CPetMonsterSkillInfo::LookupRecordById
10971020	RegisterHandler_GetPetMonsterSkillData
10971170	BuildPetMonsterSkillListVO
109a4960	CEquipSuitSkillInfo::LookupRecordById
109a4ae0	CEquipSuitSkillGroupInfo::LookupRecordById
109a4c60	RegisterSuitSkillMessageHandlers
109a4ef0	BuildSuitSkillGroupDataVO
109ef110	BuildEquipPassiveSkillDataVO_A
109f4f80	BuildEquipPassiveSkillDataVO_B
109f5c90	RegisterGuildAirshipCommerceMessageHandlers
109f6650	BuildCommerceBufferIconVO
109f7eb0	BuildHunterTeamBattleShipVO
10a18d70	FormatRingBufferStatsDebugString
10a21390	ThrowBufferOverflow
10a21a90	ThrowBufferOverflow_dup
10a42e30	zlib_deflate
10a4ca80	CacheAnimEventNameIds
10a51180	CActor::LoadNpcSkillFile
10a54e40	CActor::LoadStanceAndCharacterParams
10a63ae0	CItem::SetupWeaponAttachmentsAndBowRage
10a958d0	CBTNode_TemptGasBuffCheck::CacheBlackboardKeys
10a9ff40	CBTNode_MHBuffArea::Enter
10aa0000	CBuffAreaPorcess::RegisterNodeParams
10aa0190	CBTNode_MHBuffArea::Exit
10aa5760	CNpcSkillPlay::RegisterNodeParams
10aa5ed0	CPetAddGroupBuff::RegisterNodeParams
10aaa460	InitCombatBehaviorTreeSystem
10ab9690	CBTNode_AddBuff::LoadConfig
10ab97c0	CBTNode_SkillEffect::LoadConfig
10ab9cd0	CBTNode_SkillRotate::LoadConfig
10b2b510	LoadBuffEffectsConfig
10b348e0	LoadBuffEffectsConfig_Instanced
10b57fe0	LoadCommercializeWeaponConfig
10b589a0	CClientSyncedStorage::RegisterSerializationHelper
10b6a6d0	CCodeCheckpointDebugMgr::Constructor
10b717f0	CWeaponChargeInfo::ParseChildStates
10b72690	CWeaponChargeInfo::ReadFromXml
10b92350	CMonsterCombat::UpdateDragonheatFlameTransform
10bc8d60	CGameBuffArea::CreateEntity
10bda3f0	RegisterNetSyncedCVars
10be99f0	CMonsterEntity::CreateAndBindRenderProxy
10beff70	CPetSupportCatSkill::LoadAndPlaySkillAnims
10bf1a20	CPetSupportCatSkillInfo::FindSkillEntryByKey
10bf31b0	CRageSkill::LoadEditorRageData
10c30c30	CMHHitInfo::SerializeToNet
10c33050	RegisterMonsterDebugCommands
10c330b0	UnregisterGameDebugCommands
10d0a9d0	GetLodBlendModeName
10d1a840	CGameLuaBindings::RegisterEntityEnumsAndFuncs
10d2bb80	CSkillClient::SendSkillEvent_0x44
10d2bd90	CSkillClient::SendSkillEvent_0x45
10d2bfa0	CSkillClient::SendSkillEvent_0x46
10d52a09	unknown_misaligned_CBuffInfo_thunk
10d5d700	CAttackHitCondition::ReadFromXml_A
10d5d950	CAttackHitCondition::ReadFromXml_B
10db5920	CMonsterAI::LoadSkillSetting
10dcdd30	CSkillChangeFGNode::Activate
10dcded0	CPetMonster::LoadSkillConfigFromXml
10e178a0	FGNode_ItemSubmit::GetConfiguration
10e329a0	FGNode_AddBuff::GetConfiguration
10e33780	FGNode_RemoveOrQueryBuff::GetConfiguration
10e345a0	FGNode_GetBuffCount::GetConfiguration
10e47620	FGNode_BuffAreaDisplay::GetConfiguration
10e5a420	FGNode_LogicEntityEvent::GetConfiguration
10e5b2d0	FGNode_MonsterBuffEvent::GetConfiguration
10e741a0	FGNode_LogicEntityEventEx::GetConfiguration
10ea1ab0	FGNode_QuestObjectiveConfig::GetConfiguration
10ea6a20	CSkillRef::ReadFromXml
10ea6b30	CCombatActionDef::ReadFromXml
10eb3390	CSkillNameAttr::GetStaticTypeInfo
10ef4f80	CPlayer::OnGameObjectEvent
10f0f750	CPlayer::ExitVehicleOrDetachWeaponFx
10f16c10	CPlayer::ApplyWeaponClassReachAndCleanup
10f1a850	CPlayer::RefreshBuffsWithPVPExtraTime
10f1c150	CPlayer::SpawnSkillBuffEffectsFromCBuffInfo
10f33380	CGuideTarget::ResolveItemOrSkillHighlight
10f390b0	CPlayerInput::RegisterActionMap
10f3b700	CRageActionMap::LoadKeyBindings
10f678f0	CSkillTrigger::ParseFromXmlNode
10f6bea0	CAnimEventParser::ParseNoteTrackCommand
10f781b0	CPlayerAnimGraph::SetupCombatTransitions_TypeA
10f79480	CPlayerInput::OnRageMeleeActionInput
10f7a080	CPlayerAnimGraph::SetupCombatTransitions_TypeB
10f7e370	CChargeState::Enter
10f87670	CSkillState::ParseBoostBuffID
10f8bc00	CChargeFallState::Enter
10f98c50	CPlayer::SetupRagePassiveEnergyFx
10f98d30	CRageTransmissionState::Enter
10f98e80	CPlayer::ToggleWeaponRageAttachments
10fb8630	CStateFactory::CreateStateFromXmlNode
10fb9dd0	CState::ParseBasicsSection
10fbad40	CState::ParseDefaultNextState
10fbb060	CState::ParseTransitionSection
10fbec40	CPlayerWeaponFSM::DispatchCallbackTable
10fbfde0	CPlayerInput::ParseActionName
10fd05f0	CPlayerWeaponFSM::TryRequestStateChange
10fdbbf0	CBowWeapon::SetupRageArrowAttachments
10fdcba0	CPlayerWeaponFSM::TryComboTransitionWithSkillGate
10fee230	CPlayerRageRush::UpdateEnergyDrain
10fee290	CPlayerRageRush::EnterState
10fee5b0	CPlayerRageRush::EnterRageRushToIdle
10fee700	CPlayerRageRush::ApplyRushSpeedAndDirection
10fee960	CPlayerRageRush::EnterRushLow
10fee980	CPlayerRageRush::EnterRushHigh
10fee9a0	CPlayerRageRush::EnterRushEnd
10feea60	CPlayerRage01::EnterShieldAttack
10feead0	CPlayerRage01::EnterSpinAttack01
10feeba0	CPlayerRage01::EnterSpinAttack02
10feec70	CPlayerRage01::EnterSpinAttack03
10feece0	CPlayerRage01::EnterSwordAttack
10feed50	CPlayerRage01::EnterStabAttack01
10feee20	CPlayerRage01::EnterStabAttack02
10feeef0	CPlayerRage01::EnterStabAttack03
10fef700	CPlayerRage03::OnThrowAnimEvent
10fefa20	CPlayerRage03::EnterState
10fefe00	CPlayerRageRush::OnLowHighLeave_A
10fefef0	CPlayerRageRush::OnLowHighLeave_B
10ff1200	CPlayerRage_PL05::EnterRageShoot
10ff1cd0	CPlayerRage_PL05::OnRageShootLeave
10ff25d0	CPlayerRage_WE09::EnterGunLanceRageAim
1100efe0	CRageBullet::FireHitEvent
1101e220	CScriptBind_MHBuffArea::CScriptBind_MHBuffArea
1101e7a0	CScriptBind_MHBuffArea::CreateScriptTable
1101e880	CScriptBind_MHBuffArea::SetBuffID
1101e950	CScriptBind_MHBuffArea::SetContinuous
1101e9a0	CScriptBind_MHBuffArea::SetCheckDelta
1101e9f0	CScriptBind_MHBuffArea::SetLifeTime
1101ea40	CScriptBind_MHBuffArea::SetEnterInfo
1101eaa0	CScriptBind_MHBuffArea::SetLeaveInfo
1101eb00	CScriptBind_MHBuffArea::SetRemoveBuffGene
1101eb50	CScriptBind_MHBuffArea::AddExtendBuff
1101ebc0	CScriptBind_MHBuffArea::SetEffectID
1101ec20	CScriptBind_MHBuffArea::SetMonsterCanAttack
1101ec70	CScriptBind_MHBuffArea::SetPlayerCanAttack
1101ecc0	CScriptBind_MHBuffArea::SetNPCCanAttack
1101ed10	CScriptBind_MHBuffArea::SetPetCanAttack
1101ed60	CScriptBind_MHBuffArea::GetterThunk_A
110243b0	CScriptBind_MHBuffArea::SetFlag_0x7a
11026970	CScriptBind_MHBuffArea::GetterThunk_B
1105f6c0	CFsmChecker::CheckGotoState
1105f750	CFsmChecker::CheckTransitionToState
1105f7f0	CFsmChecker::ValidateSkillStateTransition
11065d70	CSkillSequence::LoadFromXmlNode
110717d0	CSkillSequenceGroup::LoadFromXml_variantA
110720a0	CSkillSequenceGroup::LoadFromRecord_variantB
110722e0	CSkillSequenceGroup::LoadFromRecord_variantC
11077b00	CSkillSequenceGroup::LoadEntries
11099640	CRangedWeapon::CacheFireStateSounds
110ce4f0	CVehicleMovementSound::Init
111e0d40	CEquipInfo::CollectBuffIds
112076e0	CManufactureSkillName::GetManager
1120a050	CManufactureSkillName::GetSingleton
1120a2a0	CManufactureSkillLearnInfo::GetByIndex
1120a300	CManufactureSkillName::GetById
1120b200	CManufactureSkillName::ShowNameTooltip
1124a0c0	CBuffSystem::ApplyOrRemoveBuffFromEntity
11260460	CBuffSystem::BuildBuffInstanceFromInfo
11288e90	CCliLogicBuffArea::OnLogicEntityEnter
112b3650	CTalentActiveInfo::GetById
112b36a0	CTalentActiveInfo::GetByListIndex
112b3a20	CNewSkillInfo::FillSkillDisplay
112b3ca0	CTalentActiveInfo::GetTalentIdByIndexPlus1
112b59d0	CTalentInfo::FillTalentDisplay
112f0c40	CPetSupportBuff::GetManager
112f5190	CPetSkillInfo::HasNextLevel
112f6120	CPetSupportBuff::GetSingleton
112f6f90	CPetGiftSkillInfo::GetById
112f7940	CPetSupportBuff::GetById
1139a9f0	CLogicPlayer::IsRagePowerEnough
113f9970	CEquipSkillInfo::GetById
11415450	CLogicBuffArea::SetEnable
1141bef0	CBuffBase::OnConditionChange
1141c350	CBuffBase::_AddTimer
1141c960	CNewSkillInfo::ValidateSkillOwner
1141cf80	CTalentInfo::GetByListIndex
1141d020	CTalentActiveInfo::CheckLevelRequirement
1141d4a0	CTalentInfo::EquipTalent
1141d640	CTalentInfo::LearnTalentLevel
1141dac0	CNewSkillInfo::CheckLearnPrereq
1141dcb0	CTalentInfo::ResetAllTalentBuffs
1141df30	CTalentInfo::GetGrantedBuffId
1141e3c0	CNewSkillInfo::AutoAssignWeaponSkillSlot
114249e0	CBuffSystem::OnServerBuffRemoved
11424f30	CBuffIconPair::Init
1143dab0	CBuffArea::ApplyAreaBuffsToTarget
1143f020	CBuffFilter::ResolveAddWithFilter
1143f250	CBuffFilter::RemoveWithFilter
1143f360	CBuffFilterInfo::GetById
11441be0	CBuffSystem::ClearBuffSlot
1145f260	CGuildSkillInfo::GetByLevelAndId
1145f2c0	CGuildSkillInfo::GetById
11465310	CEquipRandPassiveSkillActivateSetInfo::CheckSetActivation
114733f0	CBuffSystem::ApplyBuffPacket
114736a0	CBuffSystem::AddBuff
114739b0	CBuffSystem::ConflictCheck
11473aa0	CBuffSystem::RemoveBuff
114744f0	CBuffSystem::GetCountByTypeID
11475fb0	CBuffSystem::OnAddBuff
114d75f0	CPlayerGaugeMgr::AddPoison
114d7700	CPlayerGaugeMgr::AddParalysis
114d7810	CPlayerSPMgr::AddPiyo
114d7a00	CPlayerGaugeMgr::AddSleep
114d7b10	CPlayerGaugeMgr::AddBlast
114da6b0	CBuffSystem::TriggerBuffAndBroadcast
11522770	CEquipHiddenSkillCondOpenInfo::GetByIndex
11522920	CEquipPassiveSkillGroupInfo::ComputeLevelById
1154c960	CBuffInfo::GetByIndex
1154de30	CPetMonsterSkillInfo::GetByIndex
1154de90	CPetSkillConditionInfo::GetByIndex
11572f60	CEquipSuitSkillSystem::AddOrUpdateSuitEntry
1157a0c0	CNewSkillList::AddSkill
1157a380	CTalentTree::SetNode
1157a470	CNewSkillList::IsSkillInList
1157a720	CTalentTree::GetNode
1157a850	CTalentTree::HasTalentInBranch
1157a8d0	CNewSkillList::RemoveSkill
1157b670	CTalentSkillSystem::ctor
1157bc20	CSkillSystem::CanChooseSkill
1157c3f0	CNewSkillSystem::CanUseSkill
1157e310	CPetMonsterSkillSystem::CastSkill
1157e5f0	CPetMonsterSkillSystem::SelectUsableSkill
1157e880	CPetMonsterSkillInfo::GetById
1157f2f0	CPetSkillConditionInfo::GetProbabilityPermille
1157f370	CPetSkillConditionInfo::ComputeValueById
1157f470	CPetSkillConditionInfo::GetById
1157f8c0	CPetSkillSystem::ApplyPetSkillConditionEffects
1157fc90	CPetSkillConditionInfo::IsConditionSatisfied
1157fd30	CPetSkillSystem::ActivateCondition
11580040	CPetSkillConditionInfo::ComparePriority
11580190	CPetSkillSystem::ApplyConditionTune_A
11580310	CPetSkillSystem::DispatchConditionUpdate
11580540	CPetSkillSystem::ApplyConditionTune_Random
115823a0	CPetSkillSystem::AutoTriggerSkills
11582f70	CPetSkillSystem::FillSkillDisplayRecord
11583140	CPetSkillInfo::ResolveEffectById
11583f10	CPetSkillSystem::UnequipSkill
11584070	CPetSkillSystem::EquipSkill
11584d90	CPetSkillInfo::IsActiveSkill
11584f30	CPetSkillSystem::CanLearnSkill
11585710	CPetFarmSkill::GetManagers
115871c0	CPetSkillList::RemoveEquipped
11587270	CPetSkill::EquipOn
115873d0	CPetFarmSkill::AggregateFarmBonuses
11587970	CPetFarmSkill::GetSingleton
11587f60	CPetFarmSkill::GetById
11587fb0	CPetSkillInfo::GetByIndex
11587ff0	CPetSkillInfo::GetPairedBuffInfo
11588660	CPetSkillSystem::IsSkillReady
115af1a0	CBuffAreaSystem::SpawnBuffArea
115b7cf0	CEquipPassiveSkillSystem::AddOrUpdatePassiveEntry
115bc720	CRageSkillSystem::ctor
115d60b0	CBuffSystem::CheckBuffPersistence
115d6540	CBuffSystem::ForEachActiveInstance
115e3e20	CBuffEffect::TryApplyReviveGuard
115e3f00	CBuffEffect::ApplyWithSpecialTag27
115e50f0	CBuffEffect::ApplyIfLinkedBuffValid
115e9bf0	CBuffEffect::RemoveBuffByMatch
115ef4f0	CBuffEffect::AdjustStackByMatch
116126f0	CBuffContainer::CollectInstancesById
11612820	CBuffContainer::FindFirstInstanceById
116139e0	CBuffGarbageSystem::SetDel
11615040	SkillSysChecker::RegisterTimer
116151a0	SkillSysChecker::ScheduleBuffCheck
116152a0	SkillSysChecker::EnsureTimer
11635240	CSkillSystem::_CheckRage
11638ac0	CEquipRandPassiveSkill::RollGroup
11638b60	CEquipRandPassiveSkillActivateGroup::GetActivatedSkill
11638bd0	CEquipRandPassiveSkillSubGroup::RollValue
11639a40	CEquipRandPassiveSkillActivateGroup::GetById
11639a90	CEquipRandPassiveSkillGroup::GetById
11639ae0	CEquipRandPassiveSkillSubGroup::GetById
1163a930	CEquipRandPassiveSkillGroup::SelectSubGroupForSkill
1164a990	CBuffEffectEOT::AddTimer
1164aa60	CBuffEffectEOT::EnsureTimer
1165ffb0	CEquipSuitSkillSystem::ReevaluateSuitSkills
11660630	CRageInfo::GetByIndex
11660950	CBuffEffect::MatchGuardBuffEvent
11681860	CAbnormalStatusConfig::LoadFromNode
11685450	CLemonSkillInfo::ParseConfig
1168b9e0	CMonsterPartInfo::ParseConfig
116aa680	CPlayerBuffState::Refresh
116cb450	CBuffEffect_PlayerLockHP::ctor
116cd660	CSkillInfo::FindBySkillId
116cd6c0	CSkillInfo::wrapper_116cd1b0
116cd6e0	CSkillInfo::callVtbl0x28
116cdd50	CSkillInfo::ParseConfig
116d28d0	CItemBuffRewardEntry::ParseConfig
117175c0	CResourceGatherInfo::ParseConfig
1174c730	CPetSkillSlotUnlockInfo::FindByKey
11753c90	CPetSupportSkillInfo::GetByIndex
11759cb0	CBuffInfo::touchManagerIfNonZero
11759d60	GetEnumId_SkillGroup
11761710	ResolveBuffInfoOrDefault
1177eb00	EquipRandPassiveSkillActivateActionDef::ctor
1177eb30	EquipRandPassiveSkillActivateSetDef::ctor
1177eb60	EquipSkillPointCheckDef::ctor
1177eb90	EquipSkillsPointAllCheckDef::ctor
1177f490	SoulBeastSoulStoneSkillLevelCheckDef::ctor
1177f4c0	SoulBeastSoulStoneSkillLevelsCheckDef::ctor
1177f520	SpeakAddBuffContentDef::ctor
1177f550	SpeakAddBuffGeneContentDef::ctor
1177f580	SpeakAddBuffGroupContentDef::ctor
1177f640	SpeakUseSkillContentDef::ctor
1177f730	TaskAccSuitSkillUnlockContentDef::ctor
1177f850	TaskBuffFilterDef::ctor
117805d0	TaskUseSkillContentDef::ctor
117807e0	EquipRandPassiveSkillActivateActionDef::ctor_dup
11780810	EquipRandPassiveSkillActivateSetDef::ctor_dup
11780840	EquipSkillPointCheckDef::ctor_dup
11780870	EquipSkillsPointAllCheckDef::ctor_dup
11781170	SoulBeastSoulStoneSkillLevelCheckDef::ctor_dup
117811a0	SoulBeastSoulStoneSkillLevelsCheckDef::ctor_dup
11781200	SpeakAddBuffContentDef::ctor_dup
11781230	SpeakAddBuffGeneContentDef::ctor_dup
11781260	SpeakAddBuffGroupContentDef::ctor_dup
11781320	SpeakUseSkillContentDef::ctor_dup
11781410	TaskAccSuitSkillUnlockContentDef::ctor_dup
11781530	TaskBuffFilterDef::ctor_dup
117822b0	TaskUseSkillContentDef::ctor_dup
11782630	EquipSkillPointCheckDef::Load
11782680	EquipSkillsPointAllCheckDef::Load
11783ad0	SoulBeastSoulStoneSkillLevelCheckDef::Load
11783c00	SpeakAddBuffGeneContentDef::Load
11783c70	SpeakAddBuffGroupContentDef::Load
11783f50	SpeakUseSkillContentDef::Load
11784560	TaskBuffFilterDef::Load
117857d0	SkillDegreeContentDef::Load
11785820	SkillManufactureLevelContentDef::Load
11785870	TaskUseSkillContentDef::Load
11785f50	SkillUseCountContentDef::Load
117bdb00	CLootEntityInfo::ParseConfig
117cb800	CAbnormalStatePriorityInfo::FindByKey
117cb940	CAbnormalStatePriorityInfo::GetManagers
117ccbd0	CAbnormalStateRelationInfo::FindByKey
117d60c0	CBuffFilterInfo::ResolveBuffId
117d6460	CBuffFilterInfo::validateReferences
117d64e0	ResolveBuffThroughFilter
117e6cb0	GetEnumId_StorageBox
117e6ce0	GetEnumId_StorageBoxConst
1181c060	RewardContentFactory::CreateByType
1181c250	CBuffInfo::FindByField4
1181db80	CPetSkillInfo::IsType9
1182d330	CSkillDisplayInfo::ParseConfig
1183fb70	CLevelRewardInfo::ParseConfig
118a6ef0	CBuffInfo::GetDefaultBuff10000
118ff610	CNewSkillLearnInfo::GetByIndex
11901b70	AttrDesc_SkillName::get
119177c0	GetEnumId_AbnormalState_a
11917e10	GetEnumId_AbnormalState_b
11921420	GetEnumId_SkillVideo
119214a0	AttrDesc_SkillVideoInfo::get
11928460	CPetFarmSkill::GetByIndex
11928510	CPetFarmSkill::precacheAllRows
11949650	AttrDesc_buff::get
11958c30	CMonsterSpawnInfo::ParseConfig
1197cc00	CEquipRandPassiveSkillActivateSetInfo::GetByIndex
119ada30	CEquipSuitSkillInfo::GetByIndex
119e40d0	CEquipExcellentRankInfo::ParseConfig
119fbfb0	CPetMonsterSkillInfo::onDestroyOrUnregister
11a08470	CHRLevelBuffInfo::ParseConfig
11a17f70	CPetSkillInfo::GetManager
11a23370	KillMonsterObjective::Read
11a24910	ItemUseObjective::Read
11a26090	BreakPartObjective::Read
11a27780	AbnormalStatusObjective::Read
11a28a80	KillMonsterSimpleObjective::Read
11a2a160	BreakPartCountObjective::Read
11a2b5a0	GatherItemObjective::Read
11a2d0b0	DropTableEntry::Read
11a34ce0	ActivityBuffList::Read
11a3a630	RewardBuffEntry::Read
11a44a90	PetSkillBuffLevelEntry::Read
11a473a0	CPetSkillInfo::Read
11a872c0	BuffRelatedRecord::Read
