#module	rmiName	direction	class	method	handlerAddr	handlerOldName	renamed
CryGame.dll	RMI:CActor:SvRequestDropItem	C2S	CActor	SvRequestDropItem	10a4d540	RMI_CActor_SvRequestDropItem	no
CryGame.dll	RMI:CActor:SvRequestPickUpItem	C2S	CActor	SvRequestPickUpItem	10a4d650	RMI_CActor_SvRequestPickUpItem	no
CryGame.dll	RMI:CActor:SvRequestUseItem	C2S	CActor	SvRequestUseItem	10a4d700	RMI_CActor_SvRequestUseItem	no
CryGame.dll	RMI:CActor:ClSetSpectatorMode	S2C	CActor	ClSetSpectatorMode	10a4dba0	RMI_CActor_ClSetSpectatorMode	no
CryGame.dll	RMI:CActor:ClSetSpectatorHealth	S2C	CActor	ClSetSpectatorHealth	10a4dc70	RMI_CActor_ClSetSpectatorHealth	no
CryGame.dll	RMI:CActor:ClRevive	S2C	CActor	ClRevive	10a4dd20	RMI_CActor_ClRevive	no
CryGame.dll	RMI:CActor:ClReviveInVehicle	S2C	CActor	ClReviveInVehicle	10a4de60	RMI_CActor_ClReviveInVehicle	no
CryGame.dll	RMI:CActor:ClKill	S2C	CActor	ClKill	10a4dfe0	RMI_CActor_ClKill	no
CryGame.dll	RMI:CActor:ClSimpleKill	S2C	CActor	ClSimpleKill	10a4df50	RMI_CActor_ClSimpleKill	no
CryGame.dll	RMI:CActor:ClMoveTo	S2C	CActor	ClMoveTo	10a4e0b0	RMI_CActor_ClMoveTo	no
CryGame.dll	RMI:CActor:ClSetAmmo	S2C	CActor	ClSetAmmo	10a4e1d0	RMI_CActor_ClSetAmmo	no
CryGame.dll	RMI:CActor:ClAddAmmo	S2C	CActor	ClAddAmmo	10a4e2a0	RMI_CActor_ClAddAmmo	no
CryGame.dll	RMI:CActor:ClPickUp	S2C	CActor	ClPickUp	10a4d7b0	RMI_CActor_ClPickUp	no
CryGame.dll	RMI:CActor:ClClearInventory	S2C	CActor	ClClearInventory	10a4d8a0	RMI_CActor_ClClearInventory	no
CryGame.dll	RMI:CActor:ClDrop	S2C	CActor	ClDrop	10a4d930	RMI_CActor_ClDrop	no
CryGame.dll	RMI:CActor:ClStartUse	S2C	CActor	ClStartUse	10a4da40	RMI_CActor_ClStartUse	no
CryGame.dll	RMI:CActor:ClStopUse	S2C	CActor	ClStopUse	10a4daf0	RMI_CActor_ClStopUse	no
CryGame.dll	RMI:CC4:ClSetProjectileId	S2C	CC4	ClSetProjectileId	10b38950	RMI_CC4_ClSetProjectileId	no
CryGame.dll	RMI:CC4:SvRequestTime	C2S	CC4	SvRequestTime	10b38a20	RMI_CC4_SvRequestTime	no
CryGame.dll	RMI:CC4Projectile:ClSetPosition	S2C	CC4Projectile	ClSetPosition	10b3add0	RMI_CC4Projectile_ClSetPosition	no
CryGame.dll	RMI:CC4Projectile:ClStickToEntity	S2C	CC4Projectile	ClStickToEntity	10b3af10	RMI_CC4Projectile_ClStickToEntity	no
CryGame.dll	RMI:CGameRules:SvRequestRename	C2S	CGameRules	SvRequestRename	10c282c0	RMI_CGameRules_SvRequestRename	no
CryGame.dll	RMI:CGameRules:ClRenameEntity	S2C	CGameRules	ClRenameEntity	10c28390	RMI_CGameRules_ClRenameEntity	no
CryGame.dll	RMI:CGameRules:SvRequestChatMessage	C2S	CGameRules	SvRequestChatMessage	10c27ea0	RMI_CGameRules_SvRequestChatMessage	no
CryGame.dll	RMI:CGameRules:ClChatMessage	S2C	CGameRules	ClChatMessage	10c27f50	RMI_CGameRules_ClChatMessage	no
CryGame.dll	RMI:CGameRules:ClForbiddenAreaWarning	S2C	CGameRules	ClForbiddenAreaWarning	10c29040	RMI_CGameRules_ClForbiddenAreaWarning	no
CryGame.dll	RMI:CGameRules:SvRequestRadioMessage	C2S	CGameRules	SvRequestRadioMessage	10c28000	RMI_CGameRules_SvRequestRadioMessage	no
CryGame.dll	RMI:CGameRules:ClRadioMessage	S2C	CGameRules	ClRadioMessage	10c280a0	RMI_CGameRules_ClRadioMessage	no
CryGame.dll	RMI:CGameRules:SvRequestChangeTeam	C2S	CGameRules	SvRequestChangeTeam	10c28460	RMI_CGameRules_SvRequestChangeTeam	no
CryGame.dll	RMI:CGameRules:SvRequestSpectatorMode	C2S	CGameRules	SvRequestSpectatorMode	10c28530	RMI_CGameRules_SvRequestSpectatorMode	no
CryGame.dll	RMI:CGameRules:ClSetTeam	S2C	CGameRules	ClSetTeam	10c28620	RMI_CGameRules_ClSetTeam	no
CryGame.dll	RMI:CGameRules:ClTextMessage	S2C	CGameRules	ClTextMessage	10c286f0	RMI_CGameRules_ClTextMessage	no
CryGame.dll	RMI:CGameRules:SvRequestSimpleHit	C2S	CGameRules	SvRequestSimpleHit	10c27980	RMI_CGameRules_SvRequestSimpleHit	no
CryGame.dll	RMI:CGameRules:SvRequestHit	C2S	CGameRules	SvRequestHit	10c27a50	RMI_CGameRules_SvRequestHit	no
CryGame.dll	RMI:CGameRules:ClExplosion	S2C	CGameRules	ClExplosion	10c27b60	RMI_CGameRules_ClExplosion	no
CryGame.dll	RMI:CGameRules:ClFreezeEntity	S2C	CGameRules	ClFreezeEntity	10c27c90	RMI_CGameRules_ClFreezeEntity	no
CryGame.dll	RMI:CGameRules:ClShatterEntity	S2C	CGameRules	ClShatterEntity	10c27d70	RMI_CGameRules_ClShatterEntity	no
CryGame.dll	RMI:CGameRules:ClSetGameTime	S2C	CGameRules	ClSetGameTime	10c29110	RMI_CGameRules_ClSetGameTime	no
CryGame.dll	RMI:CGameRules:ClSetRoundTime	S2C	CGameRules	ClSetRoundTime	10c291c0	RMI_CGameRules_ClSetRoundTime	no
CryGame.dll	RMI:CGameRules:ClSetPreRoundTime	S2C	CGameRules	ClSetPreRoundTime	10c29270	RMI_CGameRules_ClSetPreRoundTime	no
CryGame.dll	RMI:CGameRules:ClSetReviveCycleTime	S2C	CGameRules	ClSetReviveCycleTime	10c29320	RMI_CGameRules_ClSetReviveCycleTime	no
CryGame.dll	RMI:CGameRules:ClSetGameStartTimer	S2C	CGameRules	ClSetGameStartTimer	10c293d0	RMI_CGameRules_ClSetGameStartTimer	no
CryGame.dll	RMI:CGameRules:ClTaggedEntity	S2C	CGameRules	ClTaggedEntity	10c28140	RMI_CGameRules_ClTaggedEntity	no
CryGame.dll	RMI:CGameRules:ClTempRadarEntity	S2C	CGameRules	ClTempRadarEntity	10c281f0	RMI_CGameRules_ClTempRadarEntity	no
CryGame.dll	RMI:CGameRules:ClAddSpawnGroup	S2C	CGameRules	ClAddSpawnGroup	10c28810	RMI_CGameRules_ClAddSpawnGroup	no
CryGame.dll	RMI:CGameRules:ClRemoveSpawnGroup	S2C	CGameRules	ClRemoveSpawnGroup	10c288c0	RMI_CGameRules_ClRemoveSpawnGroup	no
CryGame.dll	RMI:CGameRules:ClAddMinimapEntity	S2C	CGameRules	ClAddMinimapEntity	10c28970	RMI_CGameRules_ClAddMinimapEntity	no
CryGame.dll	RMI:CGameRules:ClRemoveMinimapEntity	S2C	CGameRules	ClRemoveMinimapEntity	10c28a50	RMI_CGameRules_ClRemoveMinimapEntity	no
CryGame.dll	RMI:CGameRules:ClResetMinimap	S2C	CGameRules	ClResetMinimap	10c28b00	RMI_CGameRules_ClResetMinimap	no
CryGame.dll	RMI:CGameRules:ClSetObjective	S2C	CGameRules	ClSetObjective	10c28b90	RMI_CGameRules_ClSetObjective	no
CryGame.dll	RMI:CGameRules:ClSetObjectiveStatus	S2C	CGameRules	ClSetObjectiveStatus	10c28c90	RMI_CGameRules_ClSetObjectiveStatus	no
CryGame.dll	RMI:CGameRules:ClSetObjectiveEntity	S2C	CGameRules	ClSetObjectiveEntity	10c28d70	RMI_CGameRules_ClSetObjectiveEntity	no
CryGame.dll	RMI:CGameRules:ClResetObjectives	S2C	CGameRules	ClResetObjectives	10c28e50	RMI_CGameRules_ClResetObjectives	no
CryGame.dll	RMI:CGameRules:ClHitIndicator	S2C	CGameRules	ClHitIndicator	10c28ee0	RMI_CGameRules_ClHitIndicator	no
CryGame.dll	RMI:CGameRules:ClDamageIndicator	S2C	CGameRules	ClDamageIndicator	10c28f70	RMI_CGameRules_ClDamageIndicator	no
CryGame.dll	RMI:CGameRules:SvVote	C2S	CGameRules	SvVote	10c29480	RMI_CGameRules_SvVote	no
CryGame.dll	RMI:CGameRules:SvVoteNo	C2S	CGameRules	SvVoteNo	10c29510	RMI_CGameRules_SvVoteNo	no
CryGame.dll	RMI:CGameRules:SvStartVoting	C2S	CGameRules	SvStartVoting	10c295a0	RMI_CGameRules_SvStartVoting	no
CryGame.dll	RMI:CGameRules:ClVotingStatus	S2C	CGameRules	ClVotingStatus	10c296a0	RMI_CGameRules_ClVotingStatus	no
CryGame.dll	RMI:CGameRules:ClEnteredGame	S2C	CGameRules	ClEnteredGame	10c29750	RMI_CGameRules_ClEnteredGame	no
CryGame.dll	RMI:CGameRules:ClPlayerJoined	S2C	CGameRules	ClPlayerJoined	10c297e0	RMI_CGameRules_ClPlayerJoined	no
CryGame.dll	RMI:CGameRules:ClPlayerLeft	S2C	CGameRules	ClPlayerLeft	10c298b0	RMI_CGameRules_ClPlayerLeft	no
CryGame.dll	RMI:CHomingMissile:SvRequestDestination	C2S	CHomingMissile	SvRequestDestination	10c878d0	RMI_CHomingMissile_SvRequestDestination	no
CryGame.dll	RMI:CItem:ClAttachAccessory	S2C	CItem	ClAttachAccessory	10cc47b0	RMI_CItem_ClAttachAccessory	no
CryGame.dll	RMI:CItem:SvRequestEnterModify	C2S	CItem	SvRequestEnterModify	10cc4870	RMI_CItem_SvRequestEnterModify	no
CryGame.dll	RMI:CItem:SvRequestLeaveModify	C2S	CItem	SvRequestLeaveModify	10cc4900	RMI_CItem_SvRequestLeaveModify	no
CryGame.dll	RMI:CItem:ClEnterModify	S2C	CItem	ClEnterModify	10cc4990	RMI_CItem_ClEnterModify	no
CryGame.dll	RMI:CItem:ClLeaveModify	S2C	CItem	ClLeaveModify	10cc4a20	RMI_CItem_ClLeaveModify	no
CryGame.dll	RMI:CMonster:SvRequestGrabOnLadder	C2S	CMonster	SvRequestGrabOnLadder	10d97480	RMI_CMonster_SvRequestGrabOnLadder	no
CryGame.dll	RMI:CMonster:SvRequestLeaveLadder	C2S	CMonster	SvRequestLeaveLadder	10d975a0	RMI_CMonster_SvRequestLeaveLadder	no
CryGame.dll	RMI:CMonster:ClGrabOnLadder	S2C	CMonster	ClGrabOnLadder	10d976c0	RMI_CMonster_ClGrabOnLadder	no
CryGame.dll	RMI:CMonster:ClLeaveLadder	S2C	CMonster	ClLeaveLadder	10d977e0	RMI_CMonster_ClLeaveLadder	no
CryGame.dll	RMI:CMonster:ClAnimGraphTransition	S2C	CMonster	ClAnimGraphTransition	10d97310	RMI_CMonster_ClAnimGraphTransition	no
CryGame.dll	RMI:CMonster:ClAnimGraphInput	S2C	CMonster	ClAnimGraphInput	10d973d0	RMI_CMonster_ClAnimGraphInput	no
CryGame.dll	RMI:CMonster:SvRequestUnfreeze	C2S	CMonster	SvRequestUnfreeze	10d97900	RMI_CMonster_SvRequestUnfreeze	no
CryGame.dll	RMI:CMonster:SvRequestHitAssistance	C2S	CMonster	SvRequestHitAssistance	10d979b0	RMI_CMonster_SvRequestHitAssistance	no
CryGame.dll	RMI:CMonster:ClEMP	S2C	CMonster	ClEMP	10d97a60	RMI_CMonster_ClEMP	no
CryGame.dll	RMI:CMonster:ClJump	S2C	CMonster	ClJump	10d97b10	RMI_CMonster_ClJump	no
CryGame.dll	RMI:CMonster:SvRequestJump	C2S	CMonster	SvRequestJump	10d97bc0	RMI_CMonster_SvRequestJump	no
CryGame.dll	RMI:CMonster:SvRequestParachute	C2S	CMonster	SvRequestParachute	10d97c70	RMI_CMonster_SvRequestParachute	no
CryGame.dll	RMI:CNPC:SvRequestGrabOnLadder	C2S	CNPC	SvRequestGrabOnLadder	10ec0020	RMI_CNPC_SvRequestGrabOnLadder	no
CryGame.dll	RMI:CNPC:SvRequestLeaveLadder	C2S	CNPC	SvRequestLeaveLadder	10ec0140	RMI_CNPC_SvRequestLeaveLadder	no
CryGame.dll	RMI:CNPC:ClGrabOnLadder	S2C	CNPC	ClGrabOnLadder	10ec0260	RMI_CNPC_ClGrabOnLadder	no
CryGame.dll	RMI:CNPC:ClLeaveLadder	S2C	CNPC	ClLeaveLadder	10ec0380	RMI_CNPC_ClLeaveLadder	no
CryGame.dll	RMI:CNPC:ClAnimGraphTransition	S2C	CNPC	ClAnimGraphTransition	10ebfeb0	RMI_CNPC_ClAnimGraphTransition	no
CryGame.dll	RMI:CNPC:ClAnimGraphInput	S2C	CNPC	ClAnimGraphInput	10ebff70	RMI_CNPC_ClAnimGraphInput	no
CryGame.dll	RMI:CNPC:SvRequestUnfreeze	C2S	CNPC	SvRequestUnfreeze	10ec04a0	RMI_CNPC_SvRequestUnfreeze	no
CryGame.dll	RMI:CNPC:SvRequestHitAssistance	C2S	CNPC	SvRequestHitAssistance	10ec0550	RMI_CNPC_SvRequestHitAssistance	no
CryGame.dll	RMI:CNPC:ClEMP	S2C	CNPC	ClEMP	10ec0600	RMI_CNPC_ClEMP	no
CryGame.dll	RMI:CNPC:ClJump	S2C	CNPC	ClJump	10ec06b0	RMI_CNPC_ClJump	no
CryGame.dll	RMI:CNPC:SvRequestJump	C2S	CNPC	SvRequestJump	10ec0760	RMI_CNPC_SvRequestJump	no
CryGame.dll	RMI:CNPC:SvRequestParachute	C2S	CNPC	SvRequestParachute	10ec0810	RMI_CNPC_SvRequestParachute	no
CryGame.dll	RMI:CPlayer:SvRequestGrabOnLadder	C2S	CPlayer	SvRequestGrabOnLadder	10f03b60	RMI_CPlayer_SvRequestGrabOnLadder	no
CryGame.dll	RMI:CPlayer:SvRequestLeaveLadder	C2S	CPlayer	SvRequestLeaveLadder	10f03c80	RMI_CPlayer_SvRequestLeaveLadder	no
CryGame.dll	RMI:CPlayer:ClGrabOnLadder	S2C	CPlayer	ClGrabOnLadder	10f03da0	RMI_CPlayer_ClGrabOnLadder	no
CryGame.dll	RMI:CPlayer:ClLeaveLadder	S2C	CPlayer	ClLeaveLadder	10f03ec0	RMI_CPlayer_ClLeaveLadder	no
CryGame.dll	RMI:CPlayer:ClAnimGraphTransition	S2C	CPlayer	ClAnimGraphTransition	10f039f0	RMI_CPlayer_ClAnimGraphTransition	no
CryGame.dll	RMI:CPlayer:ClAnimGraphInput	S2C	CPlayer	ClAnimGraphInput	10f03ab0	RMI_CPlayer_ClAnimGraphInput	no
CryGame.dll	RMI:CPlayer:SvRequestUnfreeze	C2S	CPlayer	SvRequestUnfreeze	10f03fe0	RMI_CPlayer_SvRequestUnfreeze	no
CryGame.dll	RMI:CPlayer:SvRequestHitAssistance	C2S	CPlayer	SvRequestHitAssistance	10f04090	RMI_CPlayer_SvRequestHitAssistance	no
CryGame.dll	RMI:CPlayer:ClEMP	S2C	CPlayer	ClEMP	10f04140	RMI_CPlayer_ClEMP	no
CryGame.dll	RMI:CPlayer:ClJump	S2C	CPlayer	ClJump	10f041f0	RMI_CPlayer_ClJump	no
CryGame.dll	RMI:CPlayer:SvRequestJump	C2S	CPlayer	SvRequestJump	10f042a0	RMI_CPlayer_SvRequestJump	no
CryGame.dll	RMI:CPlayer:SvRequestParachute	C2S	CPlayer	SvRequestParachute	10f04350	RMI_CPlayer_SvRequestParachute	no
CryGame.dll	RMI:CWeapon:SvRequestStartFire	C2S	CWeapon	SvRequestStartFire	1110a040	RMI_CWeapon_SvRequestStartFire	no
CryGame.dll	RMI:CWeapon:SvRequestStopFire	C2S	CWeapon	SvRequestStopFire	1110a0d0	RMI_CWeapon_SvRequestStopFire	no
CryGame.dll	RMI:CWeapon:SvRequestShoot	C2S	CWeapon	SvRequestShoot	11109e70	RMI_CWeapon_SvRequestShoot	no
CryGame.dll	RMI:CWeapon:SvRequestShootEx	C2S	CWeapon	SvRequestShootEx	11109f30	RMI_CWeapon_SvRequestShootEx	no
CryGame.dll	RMI:CWeapon:SvRequestStartMeleeAttack	C2S	CWeapon	SvRequestStartMeleeAttack	1110a160	RMI_CWeapon_SvRequestStartMeleeAttack	no
CryGame.dll	RMI:CWeapon:SvRequestFireMode	C2S	CWeapon	SvRequestFireMode	1110a2c0	RMI_CWeapon_SvRequestFireMode	no
CryGame.dll	RMI:CWeapon:SvRequestReload	C2S	CWeapon	SvRequestReload	1110a370	RMI_CWeapon_SvRequestReload	no
CryGame.dll	RMI:CWeapon:SvRequestCancelReload	C2S	CWeapon	SvRequestCancelReload	1110a400	RMI_CWeapon_SvRequestCancelReload	no
CryGame.dll	RMI:CWeapon:ClLock	S2C	CWeapon	ClLock	1110a490	RMI_CWeapon_ClLock	no
CryGame.dll	RMI:CWeapon:ClUnlock	S2C	CWeapon	ClUnlock	1110a560	RMI_CWeapon_ClUnlock	no
CryGame.dll	RMI:CWeapon:SvRequestLock	C2S	CWeapon	SvRequestLock	1110a6a0	RMI_CWeapon_SvRequestLock	no
CryGame.dll	RMI:CWeapon:SvRequestUnlock	C2S	CWeapon	SvRequestUnlock	1110a770	RMI_CWeapon_SvRequestUnlock	no
CryGame.dll	RMI:CWeapon:SvRequestWeaponRaised	C2S	CWeapon	SvRequestWeaponRaised	1110a8b0	RMI_CWeapon_SvRequestWeaponRaised	no
CryGame.dll	RMI:CWeapon:SvRequestSetZoomState	C2S	CWeapon	SvRequestSetZoomState	1110a800	RMI_CWeapon_SvRequestSetZoomState	no
CryGame.dll	RMI:CWeapon:SvRequestZoom	C2S	CWeapon	SvRequestZoom	1110a210	RMI_CWeapon_SvRequestZoom	no
CryGame.dll	RMI:CWeapon:ClZoom	S2C	CWeapon	ClZoom	1110a5f0	RMI_CWeapon_ClZoom	no
CryAction.dll	RMI:CInventory:SvReq_RemoveAllItems	C2S	CInventory	SvReq_RemoveAllItems	1088a0c0	FUN_1088a0c0	yes
CryAction.dll	RMI:CInventory:SvReq_AddItem	C2S	CInventory	SvReq_AddItem	1088a1c0	FUN_1088a1c0	yes
CryAction.dll	RMI:CInventory:SvReq_RemoveItem	C2S	CInventory	SvReq_RemoveItem	1088a2c0	FUN_1088a2c0	yes
CryAction.dll	RMI:CInventory:Cl_SetAmmoCapacity	S2C	CInventory	Cl_SetAmmoCapacity	1088a780	FUN_1088a780	yes
CryAction.dll	RMI:CInventory:SvReq_SetAmmoCount	C2S	CInventory	SvReq_SetAmmoCount	1088a3c0	FUN_1088a3c0	yes
CryAction.dll	RMI:CInventory:Cl_SetAmmoCount	S2C	CInventory	Cl_SetAmmoCount	1088a5e0	FUN_1088a5e0	yes
CryAction.dll	RMI:CInventory:SvReq_RemoveAllAmmo	C2S	CInventory	SvReq_RemoveAllAmmo	1088a140	FUN_1088a140	yes
CryAction.dll	RMI:CInventory:Cl_RemoveAllAmmo	S2C	CInventory	Cl_RemoveAllAmmo	1088a700	FUN_1088a700	yes
CryAction.dll	RMI:CInventory:SvReq_AddEquipmentPack	C2S	CInventory	SvReq_AddEquipmentPack	1088a4e0	FUN_1088a4e0	yes
CryAction.dll	RMI:CVehicle:SvRequestUse	C2S	CVehicle	SvRequestUse	109dd310	FUN_109dd310	yes
CryAction.dll	RMI:CVehicle:SvRequestChangeSeat	C2S	CVehicle	SvRequestChangeSeat	109dd3d0	FUN_109dd3d0	yes
CryAction.dll	RMI:CVehicle:SvRequestLeave	C2S	CVehicle	SvRequestLeave	109dd4a0	FUN_109dd4a0	yes
CryAction.dll	RMI:CVehicle:ClRequestLeave	S2C	CVehicle	ClRequestLeave	109dd570	FUN_109dd570	yes
CryAction.dll	RMI:CVehicle:ClSetupWeapons	S2C	CVehicle	ClSetupWeapons	109dd720	FUN_109dd720	yes
CryAction.dll	RMI:CVehicle:ClSetAmmo	S2C	CVehicle	ClSetAmmo	109dd640	FUN_109dd640	yes
CryAction.dll	RMI:CVehicle:ClAbandonWarning	S2C	CVehicle	ClAbandonWarning	109dd7e0	FUN_109dd7e0	yes
