#rmiName	direction	class	method	handlerAddr	handlerOldName	renamed
RMI:CActor:SvRequestDropItem	C2S	CActor	SvRequestDropItem	10a4d540	FUN_10a4d540	yes
RMI:CActor:SvRequestPickUpItem	C2S	CActor	SvRequestPickUpItem	10a4d650	FUN_10a4d650	yes
RMI:CActor:SvRequestUseItem	C2S	CActor	SvRequestUseItem	10a4d700	FUN_10a4d700	yes
RMI:CActor:ClSetSpectatorMode	S2C	CActor	ClSetSpectatorMode	10a4dba0	FUN_10a4dba0	yes
RMI:CActor:ClSetSpectatorHealth	S2C	CActor	ClSetSpectatorHealth	10a4dc70	FUN_10a4dc70	yes
RMI:CActor:ClRevive	S2C	CActor	ClRevive	10a4dd20	FUN_10a4dd20	yes
RMI:CActor:ClReviveInVehicle	S2C	CActor	ClReviveInVehicle	10a4de60	FUN_10a4de60	yes
RMI:CActor:ClKill	S2C	CActor	ClKill	10a4dfe0	FUN_10a4dfe0	yes
RMI:CActor:ClSimpleKill	S2C	CActor	ClSimpleKill	10a4df50	FUN_10a4df50	yes
RMI:CActor:ClMoveTo	S2C	CActor	ClMoveTo	10a4e0b0	FUN_10a4e0b0	yes
RMI:CActor:ClSetAmmo	S2C	CActor	ClSetAmmo	10a4e1d0	FUN_10a4e1d0	yes
RMI:CActor:ClAddAmmo	S2C	CActor	ClAddAmmo	10a4e2a0	FUN_10a4e2a0	yes
RMI:CActor:ClPickUp	S2C	CActor	ClPickUp	10a4d7b0	FUN_10a4d7b0	yes
RMI:CActor:ClClearInventory	S2C	CActor	ClClearInventory	10a4d8a0	FUN_10a4d8a0	yes
RMI:CActor:ClDrop	S2C	CActor	ClDrop	10a4d930	FUN_10a4d930	yes
RMI:CActor:ClStartUse	S2C	CActor	ClStartUse	10a4da40	FUN_10a4da40	yes
RMI:CActor:ClStopUse	S2C	CActor	ClStopUse	10a4daf0	FUN_10a4daf0	yes
RMI:CC4:ClSetProjectileId	S2C	CC4	ClSetProjectileId	10b38950	FUN_10b38950	yes
RMI:CC4:SvRequestTime	C2S	CC4	SvRequestTime	10b38a20	FUN_10b38a20	yes
RMI:CC4Projectile:ClSetPosition	S2C	CC4Projectile	ClSetPosition	10b3add0	FUN_10b3add0	yes
RMI:CC4Projectile:ClStickToEntity	S2C	CC4Projectile	ClStickToEntity	10b3af10	FUN_10b3af10	yes
RMI:CGameRules:SvRequestRename	C2S	CGameRules	SvRequestRename	10c282c0	FUN_10c282c0	yes
RMI:CGameRules:ClRenameEntity	S2C	CGameRules	ClRenameEntity	10c28390	FUN_10c28390	yes
RMI:CGameRules:SvRequestChatMessage	C2S	CGameRules	SvRequestChatMessage	10c27ea0	FUN_10c27ea0	yes
RMI:CGameRules:ClChatMessage	S2C	CGameRules	ClChatMessage	10c27f50	FUN_10c27f50	yes
RMI:CGameRules:ClForbiddenAreaWarning	S2C	CGameRules	ClForbiddenAreaWarning	10c29040	FUN_10c29040	yes
RMI:CGameRules:SvRequestRadioMessage	C2S	CGameRules	SvRequestRadioMessage	10c28000	FUN_10c28000	yes
RMI:CGameRules:ClRadioMessage	S2C	CGameRules	ClRadioMessage	10c280a0	FUN_10c280a0	yes
RMI:CGameRules:SvRequestChangeTeam	C2S	CGameRules	SvRequestChangeTeam	10c28460	FUN_10c28460	yes
RMI:CGameRules:SvRequestSpectatorMode	C2S	CGameRules	SvRequestSpectatorMode	10c28530	FUN_10c28530	yes
RMI:CGameRules:ClSetTeam	S2C	CGameRules	ClSetTeam	10c28620	FUN_10c28620	yes
RMI:CGameRules:ClTextMessage	S2C	CGameRules	ClTextMessage	10c286f0	FUN_10c286f0	yes
RMI:CGameRules:SvRequestSimpleHit	C2S	CGameRules	SvRequestSimpleHit	10c27980	FUN_10c27980	yes
RMI:CGameRules:SvRequestHit	C2S	CGameRules	SvRequestHit	10c27a50	FUN_10c27a50	yes
RMI:CGameRules:ClExplosion	S2C	CGameRules	ClExplosion	10c27b60	FUN_10c27b60	yes
RMI:CGameRules:ClFreezeEntity	S2C	CGameRules	ClFreezeEntity	10c27c90	FUN_10c27c90	yes
RMI:CGameRules:ClShatterEntity	S2C	CGameRules	ClShatterEntity	10c27d70	FUN_10c27d70	yes
RMI:CGameRules:ClSetGameTime	S2C	CGameRules	ClSetGameTime	10c29110	FUN_10c29110	yes
RMI:CGameRules:ClSetRoundTime	S2C	CGameRules	ClSetRoundTime	10c291c0	FUN_10c291c0	yes
RMI:CGameRules:ClSetPreRoundTime	S2C	CGameRules	ClSetPreRoundTime	10c29270	FUN_10c29270	yes
RMI:CGameRules:ClSetReviveCycleTime	S2C	CGameRules	ClSetReviveCycleTime	10c29320	FUN_10c29320	yes
RMI:CGameRules:ClSetGameStartTimer	S2C	CGameRules	ClSetGameStartTimer	10c293d0	FUN_10c293d0	yes
RMI:CGameRules:ClTaggedEntity	S2C	CGameRules	ClTaggedEntity	10c28140	FUN_10c28140	yes
RMI:CGameRules:ClTempRadarEntity	S2C	CGameRules	ClTempRadarEntity	10c281f0	FUN_10c281f0	yes
RMI:CGameRules:ClAddSpawnGroup	S2C	CGameRules	ClAddSpawnGroup	10c28810	FUN_10c28810	yes
RMI:CGameRules:ClRemoveSpawnGroup	S2C	CGameRules	ClRemoveSpawnGroup	10c288c0	FUN_10c288c0	yes
RMI:CGameRules:ClAddMinimapEntity	S2C	CGameRules	ClAddMinimapEntity	10c28970	FUN_10c28970	yes
RMI:CGameRules:ClRemoveMinimapEntity	S2C	CGameRules	ClRemoveMinimapEntity	10c28a50	FUN_10c28a50	yes
RMI:CGameRules:ClResetMinimap	S2C	CGameRules	ClResetMinimap	10c28b00	FUN_10c28b00	yes
RMI:CGameRules:ClSetObjective	S2C	CGameRules	ClSetObjective	10c28b90	FUN_10c28b90	yes
RMI:CGameRules:ClSetObjectiveStatus	S2C	CGameRules	ClSetObjectiveStatus	10c28c90	FUN_10c28c90	yes
RMI:CGameRules:ClSetObjectiveEntity	S2C	CGameRules	ClSetObjectiveEntity	10c28d70	FUN_10c28d70	yes
RMI:CGameRules:ClResetObjectives	S2C	CGameRules	ClResetObjectives	10c28e50	FUN_10c28e50	yes
RMI:CGameRules:ClHitIndicator	S2C	CGameRules	ClHitIndicator	10c28ee0	FUN_10c28ee0	yes
RMI:CGameRules:ClDamageIndicator	S2C	CGameRules	ClDamageIndicator	10c28f70	FUN_10c28f70	yes
RMI:CGameRules:SvVote	C2S	CGameRules	SvVote	10c29480	FUN_10c29480	yes
RMI:CGameRules:SvVoteNo	C2S	CGameRules	SvVoteNo	10c29510	FUN_10c29510	yes
RMI:CGameRules:SvStartVoting	C2S	CGameRules	SvStartVoting	10c295a0	FUN_10c295a0	yes
RMI:CGameRules:ClVotingStatus	S2C	CGameRules	ClVotingStatus	10c296a0	FUN_10c296a0	yes
RMI:CGameRules:ClEnteredGame	S2C	CGameRules	ClEnteredGame	10c29750	FUN_10c29750	yes
RMI:CGameRules:ClPlayerJoined	S2C	CGameRules	ClPlayerJoined	10c297e0	FUN_10c297e0	yes
RMI:CGameRules:ClPlayerLeft	S2C	CGameRules	ClPlayerLeft	10c298b0	FUN_10c298b0	yes
RMI:CHomingMissile:SvRequestDestination	C2S	CHomingMissile	SvRequestDestination	10c878d0	FUN_10c878d0	yes
RMI:CItem:ClAttachAccessory	S2C	CItem	ClAttachAccessory	10cc47b0	FUN_10cc47b0	yes
RMI:CItem:SvRequestEnterModify	C2S	CItem	SvRequestEnterModify	10cc4870	FUN_10cc4870	yes
RMI:CItem:SvRequestLeaveModify	C2S	CItem	SvRequestLeaveModify	10cc4900	FUN_10cc4900	yes
RMI:CItem:ClEnterModify	S2C	CItem	ClEnterModify	10cc4990	FUN_10cc4990	yes
RMI:CItem:ClLeaveModify	S2C	CItem	ClLeaveModify	10cc4a20	FUN_10cc4a20	yes
RMI:CMonster:SvRequestGrabOnLadder	C2S	CMonster	SvRequestGrabOnLadder	10d97480	FUN_10d97480	yes
RMI:CMonster:SvRequestLeaveLadder	C2S	CMonster	SvRequestLeaveLadder	10d975a0	FUN_10d975a0	yes
RMI:CMonster:ClGrabOnLadder	S2C	CMonster	ClGrabOnLadder	10d976c0	FUN_10d976c0	yes
RMI:CMonster:ClLeaveLadder	S2C	CMonster	ClLeaveLadder	10d977e0	FUN_10d977e0	yes
RMI:CMonster:ClAnimGraphTransition	S2C	CMonster	ClAnimGraphTransition	10d97310	FUN_10d97310	yes
RMI:CMonster:ClAnimGraphInput	S2C	CMonster	ClAnimGraphInput	10d973d0	FUN_10d973d0	yes
RMI:CMonster:SvRequestUnfreeze	C2S	CMonster	SvRequestUnfreeze	10d97900	FUN_10d97900	yes
RMI:CMonster:SvRequestHitAssistance	C2S	CMonster	SvRequestHitAssistance	10d979b0	FUN_10d979b0	yes
RMI:CMonster:ClEMP	S2C	CMonster	ClEMP	10d97a60	FUN_10d97a60	yes
RMI:CMonster:ClJump	S2C	CMonster	ClJump	10d97b10	FUN_10d97b10	yes
RMI:CMonster:SvRequestJump	C2S	CMonster	SvRequestJump	10d97bc0	FUN_10d97bc0	yes
RMI:CMonster:SvRequestParachute	C2S	CMonster	SvRequestParachute	10d97c70	FUN_10d97c70	yes
RMI:CNPC:SvRequestGrabOnLadder	C2S	CNPC	SvRequestGrabOnLadder	10ec0020	FUN_10ec0020	yes
RMI:CNPC:SvRequestLeaveLadder	C2S	CNPC	SvRequestLeaveLadder	10ec0140	FUN_10ec0140	yes
RMI:CNPC:ClGrabOnLadder	S2C	CNPC	ClGrabOnLadder	10ec0260	FUN_10ec0260	yes
RMI:CNPC:ClLeaveLadder	S2C	CNPC	ClLeaveLadder	10ec0380	FUN_10ec0380	yes
RMI:CNPC:ClAnimGraphTransition	S2C	CNPC	ClAnimGraphTransition	10ebfeb0	FUN_10ebfeb0	yes
RMI:CNPC:ClAnimGraphInput	S2C	CNPC	ClAnimGraphInput	10ebff70	FUN_10ebff70	yes
RMI:CNPC:SvRequestUnfreeze	C2S	CNPC	SvRequestUnfreeze	10ec04a0	FUN_10ec04a0	yes
RMI:CNPC:SvRequestHitAssistance	C2S	CNPC	SvRequestHitAssistance	10ec0550	FUN_10ec0550	yes
RMI:CNPC:ClEMP	S2C	CNPC	ClEMP	10ec0600	FUN_10ec0600	yes
RMI:CNPC:ClJump	S2C	CNPC	ClJump	10ec06b0	FUN_10ec06b0	yes
RMI:CNPC:SvRequestJump	C2S	CNPC	SvRequestJump	10ec0760	FUN_10ec0760	yes
RMI:CNPC:SvRequestParachute	C2S	CNPC	SvRequestParachute	10ec0810	FUN_10ec0810	yes
RMI:CPlayer:SvRequestGrabOnLadder	C2S	CPlayer	SvRequestGrabOnLadder	10f03b60	FUN_10f03b60	yes
RMI:CPlayer:SvRequestLeaveLadder	C2S	CPlayer	SvRequestLeaveLadder	10f03c80	FUN_10f03c80	yes
RMI:CPlayer:ClGrabOnLadder	S2C	CPlayer	ClGrabOnLadder	10f03da0	FUN_10f03da0	yes
RMI:CPlayer:ClLeaveLadder	S2C	CPlayer	ClLeaveLadder	10f03ec0	FUN_10f03ec0	yes
RMI:CPlayer:ClAnimGraphTransition	S2C	CPlayer	ClAnimGraphTransition	10f039f0	FUN_10f039f0	yes
RMI:CPlayer:ClAnimGraphInput	S2C	CPlayer	ClAnimGraphInput	10f03ab0	FUN_10f03ab0	yes
RMI:CPlayer:SvRequestUnfreeze	C2S	CPlayer	SvRequestUnfreeze	10f03fe0	FUN_10f03fe0	yes
RMI:CPlayer:SvRequestHitAssistance	C2S	CPlayer	SvRequestHitAssistance	10f04090	FUN_10f04090	yes
RMI:CPlayer:ClEMP	S2C	CPlayer	ClEMP	10f04140	FUN_10f04140	yes
RMI:CPlayer:ClJump	S2C	CPlayer	ClJump	10f041f0	FUN_10f041f0	yes
RMI:CPlayer:SvRequestJump	C2S	CPlayer	SvRequestJump	10f042a0	FUN_10f042a0	yes
RMI:CPlayer:SvRequestParachute	C2S	CPlayer	SvRequestParachute	10f04350	FUN_10f04350	yes
RMI:CWeapon:SvRequestStartFire	C2S	CWeapon	SvRequestStartFire	1110a040	FUN_1110a040	yes
RMI:CWeapon:SvRequestStopFire	C2S	CWeapon	SvRequestStopFire	1110a0d0	FUN_1110a0d0	yes
RMI:CWeapon:SvRequestShoot	C2S	CWeapon	SvRequestShoot	11109e70	FUN_11109e70	yes
RMI:CWeapon:SvRequestShootEx	C2S	CWeapon	SvRequestShootEx	11109f30	FUN_11109f30	yes
RMI:CWeapon:SvRequestStartMeleeAttack	C2S	CWeapon	SvRequestStartMeleeAttack	1110a160	FUN_1110a160	yes
RMI:CWeapon:SvRequestFireMode	C2S	CWeapon	SvRequestFireMode	1110a2c0	FUN_1110a2c0	yes
RMI:CWeapon:SvRequestReload	C2S	CWeapon	SvRequestReload	1110a370	FUN_1110a370	yes
RMI:CWeapon:SvRequestCancelReload	C2S	CWeapon	SvRequestCancelReload	1110a400	FUN_1110a400	yes
RMI:CWeapon:ClLock	S2C	CWeapon	ClLock	1110a490	FUN_1110a490	yes
RMI:CWeapon:ClUnlock	S2C	CWeapon	ClUnlock	1110a560	FUN_1110a560	yes
RMI:CWeapon:SvRequestLock	C2S	CWeapon	SvRequestLock	1110a6a0	FUN_1110a6a0	yes
RMI:CWeapon:SvRequestUnlock	C2S	CWeapon	SvRequestUnlock	1110a770	FUN_1110a770	yes
RMI:CWeapon:SvRequestWeaponRaised	C2S	CWeapon	SvRequestWeaponRaised	1110a8b0	FUN_1110a8b0	yes
RMI:CWeapon:SvRequestSetZoomState	C2S	CWeapon	SvRequestSetZoomState	1110a800	FUN_1110a800	yes
RMI:CWeapon:SvRequestZoom	C2S	CWeapon	SvRequestZoom	1110a210	FUN_1110a210	yes
RMI:CWeapon:ClZoom	S2C	CWeapon	ClZoom	1110a5f0	FUN_1110a5f0	yes
