1002c890	png_write_PLTE
101468d0	TdrText_Print_EntrustGroupStat
1019be00	TdrUnpack_iEntrustUIStep
1019beb0	TdrText_Print_iEntrustUIStep
1019bee0	TdrText_ToString_iEntrustUIStep
1019bfb0	TdrPack_iEntrustUIStep
102bdfa0	TdrUnpack_InteractTargetReq
102be040	TdrText_Print_InteractTargetReq
102bf990	TdrText_Print_InteractExtRequestResult
1041e840	TdrUnpack_ChapterIdIndex
1041e8e0	TdrText_Print_ChapterIdIndex
1041ec50	TdrText_Print_ChapterResult
1041f870	TdrUnpack_ChapterId
1041f8f0	TdrText_Print_ChapterId
1041f920	TdrText_ToString_ChapterId
1041f9b0	TdrPack_ChapterId
1041fba0	TdrUnpack_ChapterErrResult
1041fc40	TdrText_Print_ChapterErrResult
104d8260	CLevelEntrustNpcInfo::GetEntryByKey
104faa60	ReviveModel::RegisterLuaHandlers
107ca920	CHubEntryConfigKingQuestInfo::GetEntryByIndex
107ca9b0	CHubEntryConfigKingQuestInfo::GetCount
107cab60	CHubEntryConfigLetterQuestInfo::GetEntryByIndex
107cabf0	CHubEntryConfigLetterQuestInfo::GetCount
107cbc00	HubEntryConfig::ResolveEntryScriptForPlayer
107e1d80	OperationActivityModel::RegisterLuaHandlers
107e2430	OperationActivityModel::RegisterSubHandlers
107eb990	CTaskChapterInfo::GetEntryByKey
107eba40	CTaskChapterInfo::GetEntryByIndex
107ebad0	CTaskChapterInfo::GetCount
107eca30	PlayerTaskDialog::RegisterUiHandlers
107edd80	QuestTraceUI::SetMouseEnable
107ee600	PlayerTaskModel::BuildTaskListVO
107eef70	NpcTaskModel::BuildNpcTaskDetailVO
107f0270	TaskHistoryModel::BuildChapterGroupsVO
107f2330	PlayerTaskModel::BuildTaskDetailVO
107f43c0	CChapterUI::FillChapterVO
107f4b10	CTaskTraceUI::BuildQuestVO
107f90b0	CWeaponRecastUI::BuildRecastMaterialVO
108131b0	CTradeUI::OnTradeRequest
1081c610	CEmbedJewelUI::RegisterHandlers
10835cb0	CSettingsUI::BuildOptionsVO
10836b50	CSettingsUI::ApplyOptionsFromVO
10899850	CTeamUI::OnTeamRequestMsgBox
1089a840	CDailyRewardUI::RegisterHandlers
1089b5f0	CDailyRewardUI::BuildDailyScheduleQuestListVO
1089bb10	CQuestInfoTipsUI::BuildQuestTipsVO
1089ef80	CQuitGameQuestUI::BuildQuitGameQuestVO
108ae290	CMHUI_HunterGroup::InitModel
108b0970	CMHUI_HunterGroupModel::RegisterHandlers
108b41e0	CMHUI_HunterGroup::BuildReqJoinListVO
108ca7e0	CTaskUI::BuildTaskDetailVO
108cb6f0	CTaskUI::RefreshTaskListVO
108cce00	CPetShopUI::RegisterHandlers
108f32b0	CLevelEntrustUI::RegisterHandlers
108f72f0	CLevelEntrustUI::BuildTeamMemberVO_Instance
108f77f0	CLevelEntrustUI::BuildTeamMemberVO_Guild
10900850	CTeamMatchUI::RegisterHandlers
10907130	CPaidBoxUI::RegisterHandlers
10912f00	CInstanceEnterUI::RegisterHandlers
10913600	CInstanceEnterUI::BuildEntryDataVO
10914690	CInstanceEnterUI::BuildSpecLevelDataVO
1091f100	CTaskUIModel::BuildTaskListVO
1093faf0	CBattleTeamUI::OnClanInviteReceived
10947d90	CSpoorTaskUIModel::RegisterHandlers
1095c390	TreasuresEntrustModel::RegisterHandlers
1095cc50	TreasuresEntrustModel::GetEntrustMoney
10985230	PvpBattleEntrustModel::RegisterHandlers
10985850	PvpBattleEntrustModel::BuildPvpBattleListVO
10987380	PvpBattleEntrustModel::BuildTeamMemberInfoVO
109895d0	CoachModel::RegisterHandlers
10991240	EquipColorShopModel::RegisterHandlers
109aa610	QuestionModel::GetQuestionTitle
109b4ca0	EquipRecastModel::RegisterHandlers
109bf940	ItemRemoveBindModel::RegisterHandlers
109da010	OperationActivityModel::BuildTaskListVO
109e13d0	GuildTaskModel::BuildGuildTaskInfoVO
109ed990	LegendPearlModel::RegisterHandlers
109ffdc0	LuckyShopModel::RegisterHandlers
10b5e6c0	ItemInfoUIModel::ctor
10b5eed0	SystemMsgDialogUIModel::ctor
10b660a0	SystemBarUIModel::ctor
10bc3b80	PlayerInputContext::RegisterActionFilters
10bc4830	PlayerInputContext::RegisterNoObjectivesOpenFilter
10be86b0	MovementController::ApplyMoveRequest
10c01e40	SpectatorController::RequestSpectatorTarget
10ca6410	CUIObjectives::ctor
10ca6e10	CUIObjectives::LoadObjectivesConfig
10caa200	CUISettings::ctor
10cf6f50	MovementSteeringParams::ctor
10db7800	MovementRequestProxy::ApplyAnimGraphInputs
10dceca0	PlayerMovementSync::WriteRequestState_A
10e3efd0	TaskStateNotify::GetNetSerializer
10e3f1f0	TaskResultNotify::GetNetSerializer
10ed1a20	PlayerMovementSync::WriteRequestState_B
10f15d00	QuestPresenter::OnQuestComplete
10f15d60	QuestPresenter::OnQuestFail
10f414e0	PlayerMovementSync::WriteRequestState_C
10f964d0	QuestPresenter::SetupQuestCompleteAnimState
10f96650	QuestPresenter::SetupQuestFailAnimState
10fd99c0	CPlayerAnimGraph::RegisterStateTransitions
10fddb40	CPlayerAnim::TriggerQuestSignal
111f2d90	CGuildQuestPrizeInfo::GetByKey
111ff1e0	CActivityLevelEntrustInfo::GetByKey
1120b2c0	CManufactureUI::SendRequestManufactureMake
112a0880	CEntrustClient::OnRecvEntrustLevelList
1130bc30	CHubEntryConfigKingQuestInfo::GetByKey
1130bc80	CHubEntryConfigLetterQuestInfo::GetByKey
1146e5b0	CGuideBookChapterInfo::GetByKey
114d5330	CActivityLevelEntrustInfo::GetByIndex
11528890	CEntrustQuestMgr::ValidateAcceptEntrust
115399f0	CGuideBookChapter::IsLevelRequirementMet
11539d40	CGuideBookChapterInfo::GetByKey_fromStruct
11539e10	CGuideBookChapter::ClaimObjectiveReward
1153a0a0	CGuideBookChapter::HasClaimableObjective
11549530	CVIPEntrustTimesInfo::GetByKey
11620ff0	CTaskBountyLevelInfo::GetByIndex
116aef20	CMHLevelInfo::ParseConfig
116d2e60	CItemBuffRewardEntry_QuestObjBuff::ParseConfig
11725390	CNpcQuestTalkConfig::ParseConfig
11738190	CMHLoseLevelConditionMgr::GetConditionByQuestId
117381f0	CMHLoseLevelConditionMgr::ForwardFindByKey
11738210	CMHLoseLevelConditionMgr::DispatchVtbl28
11738640	CMHWinLevelConditionMgr::GetConditionByQuestId
117386a0	CMHWinLevelConditionMgr::ForwardFindByKey
117386c0	CMHWinLevelConditionMgr::DispatchVtbl28
1173eb20	CLevelEntrustNpcInfo::GetByIndex
1177f8b0	CTaskChapterDef::ctor
11781590	CTaskChapterDef::ctor_dup
11858480	CTaskChapterObjectiveInfo::ParseConfig
118a60f0	CQuestExecFilter::BuildConditions
118c7600	CLevelLoseConditionInfo::RegisterConfigType
119036e0	CQuestData::RegisterConfigType
1190d950	CGuildQuestLevelInfo::GetByIndex
1190d9b0	CGuildQuestPrizeInfo::GetByIndex
119cf240	CGuideBookChapter::RegisterConfigType
11b31580	CFlashUICache::GetOrCreate_FontRequest
11b31700	CFlashUICache::GetOrCreate_ImageRequest
11b31a00	CFlashUICache::GetOrCreate_ObjectsReportRequest
11b31b80	CFlashUICache::GetOrCreate_SourceRequest
11b31d00	CFlashUICache::GetOrCreate_SwdRequest
11b3c6c0	ProfileScope_FontRequest
11b3c6e0	ProfileScope_ImageRequest
11b3c720	ProfileScope_ObjectsReportRequest
11b3c740	ProfileScope_SourceRequest
11b3c760	ProfileScope_SwdRequest
11bf1f10	ProfileScope2_FontRequest
11bf1f50	ProfileScope2_ImageRequest
11bf1fd0	ProfileScope2_ObjectsReportRequest
11bf2050	ProfileScope2_SourceRequest
11bf2090	ProfileScope2_SwdRequest
