#opcode	name	dir	nFuncs	funcAddrs(<=3)
2080	S2C_CMD_ITEM_ROSE_FLOWER_NTF	S2C	8	1005dda0:FUN_1005dda0 | 1063c8d0:FUN_1063c8d0 | 10645860:FUN_10645860
2081	S2C_CMD_ITEM_FIREWORKS_USE_NTF	S2C	5	1063c940:FUN_1063c940 | 106cd090:FUN_106cd090 | 11157500:FUN_11157500
3585	C2S_CMD_TASK_ACCEPTTASK	C2S	10	10422940:FUN_10422940 | 10428320:FUN_10428320 | 10431bb0:FUN_10431bb0
3586	C2S_CMD_TASK_ACCEPTTASK2	C2S	6	10629310:FUN_10629310 | 1065ede0:FUN_1065ede0 | 106b18d0:FUN_106b18d0
3587	C2S_CMD_TASK_GIVEUPTASK	C2S	7	101c01b0:FUN_101c01b0 | 101e0ea0:Tlv_WriteLargeStruct_Unknown_101e0ea0 | 10629380:FUN_10629380
3588	C2S_CMD_TASK_SUBMITTASK	C2S	5	106293f0:FUN_106293f0 | 106b1a10:FUN_106b1a10 | 11159730:FUN_11159730
3589	C2S_CMD_TASK_SUBMITTASK2	C2S	5	10629460:FUN_10629460 | 106b1ab0:FUN_106b1ab0 | 111597b0:FUN_111597b0
3590	C2S_CMD_TASK_TRACETASK	C2S	5	106294d0:FUN_106294d0 | 106b1b50:FUN_106b1b50 | 11159830:FUN_11159830
3591	C2S_CMD_TASK_SHARETASK	C2S	6	1003b330:FUN_1003b330 | 10629540:FUN_10629540 | 106b1bf0:FUN_106b1bf0
3593	C2S_CMD_TASK_SYNCDAILY	C2S	5	106295b0:FUN_106295b0 | 106b1c90:FUN_106b1c90 | 11159920:FUN_11159920
3600	C2S_CMD_TASK_REFRESHDAILY	C2S	17	100e97c0:FUN_100e97c0 | 100e9eb0:FUN_100e9eb0 | 101bb0f0:FUN_101bb0f0
3601	C2S_CMD_TASK_REFRESHSCHEDULE	C2S	6	10629690:FUN_10629690 | 106b1dd0:FUN_106b1dd0 | 108d3cf0:FUN_108d3cf0
3602	C2S_CMD_TASK_REFRESHXDAILY	C2S	6	10629700:FUN_10629700 | 106b1e70:FUN_106b1e70 | 11159a70:FUN_11159a70
3665	S2C_CMD_TASK_ACCEPTTASK	S2C	5	10629770:FUN_10629770 | 106b1f10:FUN_106b1f10 | 11159ae0:FUN_11159ae0
3666	S2C_CMD_TASK_GIVEUPTASK	S2C	9	101b2880:FUN_101b2880 | 101c01b0:FUN_101c01b0 | 101d7ba0:TlvCharBattleAttributes_Pack_FixedBE
3667	S2C_CMD_TASK_SUBMITTASK	S2C	5	10629850:FUN_10629850 | 106b2050:FUN_106b2050 | 11159bd0:FUN_11159bd0
3668	S2C_CMD_TASK_SHARETASK	S2C	5	106298c0:FUN_106298c0 | 106b20f0:FUN_106b20f0 | 11159c50:FUN_11159c50
3669	S2C_CMD_TASK_ERR	S2C	5	10629930:FUN_10629930 | 106b2190:FUN_106b2190 | 11159ce0:FUN_11159ce0
3670	S2C_CMD_TASK_EXEC	S2C	38	106299a0:FUN_106299a0 | 106b2230:FUN_106b2230 | 11159d60:FUN_11159d60
3671	S2C_CMD_TASK_EXEC2	S2C	6	10629a10:FUN_10629a10 | 106b22d0:FUN_106b22d0 | 11159df0:FUN_11159df0
3672	S2C_CMD_TASK_SETSTATE	S2C	6	10629a80:FUN_10629a80 | 10648a20:FUN_10648a20 | 106b2370:FUN_106b2370
3673	S2C_CMD_TASK_SYNCDAILY	S2C	5	10629af0:FUN_10629af0 | 106b2410:FUN_106b2410 | 11159ef0:FUN_11159ef0
3680	S2C_CMD_TASK_REFRESHDAILY	S2C	8	101b0d80:FUN_101b0d80 | 101bb0f0:FUN_101bb0f0 | 10629b60:FUN_10629b60
3681	S2C_CMD_TASK_RESETDAILY	S2C	5	10629bd0:FUN_10629bd0 | 106b2550:FUN_106b2550 | 11159fe0:FUN_11159fe0
3682	S2C_CMD_TASK_REFRESHSCHEDULE	S2C	5	10629c40:FUN_10629c40 | 106b25f0:FUN_106b25f0 | 1115a050:FUN_1115a050
3683	S2C_CMD_TASK_RESETSCHEDULE	S2C	7	101b2880:FUN_101b2880 | 101c01b0:FUN_101c01b0 | 10629cb0:FUN_10629cb0
3684	S2C_CMD_TASK_REFRESHXDAILY	S2C	5	10629d20:FUN_10629d20 | 106b2730:FUN_106b2730 | 1115a140:FUN_1115a140
3685	S2C_CMD_TASK_RESETXDAILY	S2C	5	10629d90:FUN_10629d90 | 106b27d0:FUN_106b27d0 | 1115a1c0:FUN_1115a1c0
3686	S2C_CMD_TASK_RESETTASK	S2C	5	10629e00:FUN_10629e00 | 106b2870:FUN_106b2870 | 1115a230:FUN_1115a230
4002	S2C_CMD_SHOP_ERR	S2C	10	1062dc90:FUN_1062dc90 | 106b81d0:FUN_106b81d0 | 107d8d50:FUN_107d8d50
4003	S2C_CMD_SHOP_REFRESHSHOP	S2C	7	1062dd00:FUN_1062dd00 | 106b8270:FUN_106b8270 | 107d8d50:FUN_107d8d50
4004	C2S_CMD_SHOP_REFRESHSHOPS	C2S	7	1062dd70:FUN_1062dd70 | 106b8310:FUN_106b8310 | 1115a920:FUN_1115a920
4005	S2C_CMD_SHOP_MANUALRESETSHOP	S2C	8	101bb0f0:FUN_101bb0f0 | 101c01b0:FUN_101c01b0 | 1062dde0:FUN_1062dde0
4006	C2S_CMD_SHOP_MANUALRESETSHOP	C2S	8	1062de50:FUN_1062de50 | 106b8450:FUN_106b8450 | 1115aa00:FUN_1115aa00
4007	S2C_CMD_SHOP_COMMODITYUPDATE	S2C	7	1062dec0:FUN_1062dec0 | 106b84f0:FUN_106b84f0 | 1115aa70:FUN_1115aa70
5668	S2C_CMD_FRIEND_ERR	S2C	5	106313b0:FUN_106313b0 | 106bd090:FUN_106bd090 | 111338a0:FUN_111338a0
5669	S2C_CMD_FRIEND_NOTIFY	S2C	5	10631420:FUN_10631420 | 106bd130:FUN_106bd130 | 11133920:FUN_11133920
5670	C2S_CMD_FRIEND_ACCEPTFRIENDAPPLY	C2S	6	10631490:FUN_10631490 | 106bd1d0:FUN_106bd1d0 | 111339a0:FUN_111339a0
5671	C2S_CMD_FRIEND_JEJECTFRIENDAPPLY	C2S	5	10631500:FUN_10631500 | 106bd270:FUN_106bd270 | 11133a30:FUN_11133a30
5672	S2C_CMD_FRIEND_SVRSUPDATE	S2C	6	10631570:FUN_10631570 | 1064c8a0:FUN_1064c8a0 | 106bd310:FUN_106bd310
5931	C2S_CMD_PET_RNG	C2S	5	10632370:FUN_10632370 | 106be710:FUN_106be710 | 11134aa0:FUN_11134aa0
5932	S2C_CMD_PET_RNG	S2C	6	106323e0:FUN_106323e0 | 106be7b0:FUN_106be7b0 | 11134b10:FUN_11134b10
5937	C2S_CMD_PET_UNLOCK_SKILL_SLOT	C2S	5	106324c0:FUN_106324c0 | 106be8f0:FUN_106be8f0 | 11134c10:FUN_11134c10
5938	S2C_CMD_PET_UNLOCK_SKILL_SLOT	S2C	6	10632530:FUN_10632530 | 106be990:FUN_106be990 | 11134c90:FUN_11134c90
6665	C2S_CMD_HUNTER_STAR_TRACK_CARD	C2S	5	10633b80:FUN_10633b80 | 106c0970:FUN_106c0970 | 11135ad0:FUN_11135ad0
6672	S2C_CMD_HUNTER_STAR_TRACK_CARD	S2C	7	101bb0f0:FUN_101bb0f0 | 10633bf0:FUN_10633bf0 | 1064e7e0:FUN_1064e7e0
6673	S2C_CMD_HUNTER_STAR_REFRESH_STAT	S2C	5	10633c60:FUN_10633c60 | 106c0ab0:FUN_106c0ab0 | 11135bd0:FUN_11135bd0
6674	C2S_CMD_ACHEIVE_FETCHREWARD	C2S	5	10633cd0:FUN_10633cd0 | 106c0b50:FUN_106c0b50 | 11135c40:FUN_11135c40
6957	S2C_CMD_MAIL_ERR	S2C	5	10634980:FUN_10634980 | 106c1d60:FUN_106c1d60 | 11136880:FUN_11136880
6959	S2C_CMD_MAIL_NOTIFY	S2C	5	10634a60:FUN_10634a60 | 106c1ea0:FUN_106c1ea0 | 11136980:FUN_11136980
8448	C2S_CMD_GUILD_CHECKGUILD	C2S	11	10422940:FUN_10422940 | 10428320:FUN_10428320 | 10431bb0:FUN_10431bb0
8449	C2S_CMD_GUILD_CREATEGUILD	C2S	6	10629ee0:FUN_10629ee0 | 1065ede0:FUN_1065ede0 | 106b29b0:FUN_106b29b0
8450	C2S_CMD_GUILD_DISMISSGUILD	C2S	5	10629f50:FUN_10629f50 | 106b2a50:FUN_106b2a50 | 111387e0:FUN_111387e0
8451	C2S_CMD_GUILD_GETGUILDS	C2S	5	10629fc0:FUN_10629fc0 | 106b2af0:FUN_106b2af0 | 11138850:FUN_11138850
8452	C2S_CMD_GUILD_FINDGUILDS	C2S	5	1062a030:FUN_1062a030 | 106b2b90:FUN_106b2b90 | 111388c0:FUN_111388c0
8453	C2S_CMD_GUILD_APPLYGUILD	C2S	5	1062a0a0:FUN_1062a0a0 | 106b2c30:FUN_106b2c30 | 11138940:FUN_11138940
8454	C2S_CMD_GUILD_GETGUILDAPPLYS	C2S	5	1062a110:FUN_1062a110 | 106b2cd0:FUN_106b2cd0 | 111389c0:FUN_111389c0
8455	C2S_CMD_GUILD_ACCEPTGUILDAPPLY	C2S	5	1062a180:FUN_1062a180 | 106b2d70:FUN_106b2d70 | 11138a30:FUN_11138a30
8456	C2S_CMD_GUILD_JEJECTGUILDAPPLY	C2S	6	1062a1f0:FUN_1062a1f0 | 10651fa0:FUN_10651fa0 | 106b2e10:FUN_106b2e10
8457	C2S_CMD_GUILD_INVITEGUILD	C2S	5	1062a260:FUN_1062a260 | 106b2eb0:FUN_106b2eb0 | 11138b20:FUN_11138b20
8464	C2S_CMD_GUILD_GETGUILDINVITATIONS	C2S	6	1062a2d0:FUN_1062a2d0 | 10651fe0:FUN_10651fe0 | 106b2f50:FUN_106b2f50
8465	C2S_CMD_GUILD_ACCEPTGUILDINVITATION	C2S	5	1062a340:FUN_1062a340 | 106b2ff0:FUN_106b2ff0 | 11138cb0:FUN_11138cb0
8466	C2S_CMD_GUILD_JEJECTGUILDINVITATION	C2S	5	1062a3b0:FUN_1062a3b0 | 106b3090:FUN_106b3090 | 11138d30:FUN_11138d30
8467	C2S_CMD_GUILD_QUITGUILD	C2S	5	1062a420:FUN_1062a420 | 106b3130:FUN_106b3130 | 11138db0:FUN_11138db0
8468	C2S_CMD_GUILD_KICKGUILDER	C2S	5	1062a490:FUN_1062a490 | 106b31d0:FUN_106b31d0 | 11138e20:FUN_11138e20
8469	C2S_CMD_GUILD_ALTERLEADER	C2S	5	1062a500:FUN_1062a500 | 106b3270:FUN_106b3270 | 11138ea0:FUN_11138ea0
8470	C2S_CMD_GUILD_GUILDERNOTESETTING	C2S	5	1062a570:FUN_1062a570 | 106b3310:FUN_106b3310 | 11138f20:FUN_11138f20
8471	C2S_CMD_GUILD_NOTESETTING	C2S	5	1062a5e0:FUN_1062a5e0 | 106b33b0:FUN_106b33b0 | 11138fa0:FUN_11138fa0
8472	C2S_CMD_GUILD_ICONSETTING	C2S	6	1062a650:FUN_1062a650 | 10652020:FUN_10652020 | 106b3450:FUN_106b3450
8473	C2S_CMD_GUILD_LEVELUP	C2S	5	1062a6c0:FUN_1062a6c0 | 106b34f0:FUN_106b34f0 | 11139090:FUN_11139090
8480	C2S_CMD_GUILD_TAKEWAGE	C2S	6	1062a730:FUN_1062a730 | 10652060:FUN_10652060 | 106b3590:FUN_106b3590
8481	C2S_CMD_GUILD_GETGUILDHANDLE	C2S	5	1062a7a0:FUN_1062a7a0 | 106b3630:FUN_106b3630 | 111391f0:FUN_111391f0
8482	C2S_CMD_GUILD_GETGUILDDETAIL	C2S	5	1062a810:FUN_1062a810 | 106b36d0:FUN_106b36d0 | 11139260:FUN_11139260
8483	C2S_CMD_GUILD_GETGUILDTITLES	C2S	5	1062a880:FUN_1062a880 | 106b3770:FUN_106b3770 | 111392d0:FUN_111392d0
8484	C2S_CMD_GUILD_GETLEADER	C2S	5	1062a8f0:FUN_1062a8f0 | 106b3810:FUN_106b3810 | 11139340:FUN_11139340
8485	C2S_CMD_GUILD_GETSELF	C2S	5	1062a960:FUN_1062a960 | 106b38b0:FUN_106b38b0 | 111393b0:FUN_111393b0
8486	C2S_CMD_GUILD_GETGUILDERDETAIL	C2S	6	1062a9d0:FUN_1062a9d0 | 106b3950:FUN_106b3950 | 11139420:FUN_11139420
8487	C2S_CMD_GUILD_GETGUILDALL	C2S	5	1062aa40:FUN_1062aa40 | 106b39f0:FUN_106b39f0 | 11139490:FUN_11139490
8488	C2S_CMD_GUILD_GETGUILDER	C2S	6	1062aab0:FUN_1062aab0 | 106520a0:FUN_106520a0 | 106b3a90:FUN_106b3a90
8489	C2S_CMD_GUILD_GETGUILDERSCOUNT	C2S	5	1062ab20:FUN_1062ab20 | 106b3b30:FUN_106b3b30 | 11139580:FUN_11139580
8496	C2S_CMD_GUILD_GETGUILDERS	C2S	6	1062ab90:FUN_1062ab90 | 106520e0:FUN_106520e0 | 106b3bd0:FUN_106b3bd0
8497	C2S_CMD_GUILD_TITLESETTING	C2S	5	1062ac00:FUN_1062ac00 | 106b3c70:FUN_106b3c70 | 11139660:FUN_11139660
8498	C2S_CMD_GUILD_RESETTITLE	C2S	5	1062ac70:FUN_1062ac70 | 106b3d10:FUN_106b3d10 | 111396e0:FUN_111396e0
8499	C2S_CMD_GUILD_RIGHTSETTING	C2S	5	1062ace0:FUN_1062ace0 | 106b3db0:FUN_106b3db0 | 11139750:FUN_11139750
8500	C2S_CMD_GUILD_RESETRIGHT	C2S	5	1062ad50:FUN_1062ad50 | 106b3e50:FUN_106b3e50 | 111397d0:FUN_111397d0
8501	C2S_CMD_GUILD_ASCENDTITLE	C2S	5	1062adc0:FUN_1062adc0 | 106b3ef0:FUN_106b3ef0 | 11139840:FUN_11139840
8502	C2S_CMD_GUILD_DESCENDTITLE	C2S	5	1062ae30:FUN_1062ae30 | 106b3f90:FUN_106b3f90 | 111398c0:FUN_111398c0
8503	C2S_CMD_GUILD_ENTERCAMP	C2S	5	1062aea0:FUN_1062aea0 | 106b4030:FUN_106b4030 | 11139940:FUN_11139940
8504	C2S_CMD_GUILD_LEAVECAMP	C2S	6	1062af10:FUN_1062af10 | 10652120:FUN_10652120 | 106b40d0:FUN_106b40d0
8505	C2S_CMD_GUILD_GETLEARNEDSKILLS	C2S	5	1062af80:FUN_1062af80 | 106b4170:FUN_106b4170 | 11139a20:FUN_11139a20
8506	C2S_CMD_GUILD_GETCANDIDATESKILLS	C2S	5	1062aff0:FUN_1062aff0 | 106b4210:FUN_106b4210 | 11139a90:FUN_11139a90
8507	C2S_CMD_GUILD_LEARNSKILL	C2S	5	1062b060:FUN_1062b060 | 106b42b0:FUN_106b42b0 | 11139b00:FUN_11139b00
8508	C2S_CMD_GUILD_SORT_ITEM_REQ	C2S	5	1062b0d0:FUN_1062b0d0 | 106b4350:FUN_106b4350 | 11139b80:FUN_11139b80
8509	C2S_CMD_GUILD_MODIFYCOLUMNNAME	C2S	5	1062b1b0:FUN_1062b1b0 | 106b4490:FUN_106b4490 | 11139c00:FUN_11139c00
8510	C2S_CMD_GUILD_OPERATE_ITEM_REQ	C2S	5	1062b140:FUN_1062b140 | 106b43f0:FUN_106b43f0 | 11139c80:FUN_11139c80
8511	C2S_CMD_GUILD_DEPOTRIGHTSETTING	C2S	5	1062b220:FUN_1062b220 | 106b4530:FUN_106b4530 | 11139d20:FUN_11139d20
8512	C2S_CMD_GUILD_RESETDEPOTRIGHT	C2S	6	1062b290:FUN_1062b290 | 10652160:FUN_10652160 | 106b45d0:FUN_106b45d0
8513	C2S_CMD_GUILD_IMPEACHLEADER	C2S	5	1062b300:FUN_1062b300 | 106b4670:FUN_106b4670 | 11139e90:FUN_11139e90
8514	C2S_CMD_GUILD_SELECTQUESTPRIZE	C2S	5	1062b370:FUN_1062b370 | 106b4710:FUN_106b4710 | 11139f00:FUN_11139f00
8515	C2S_CMD_GUILD_MODIFYNAME	C2S	5	1062b3e0:FUN_1062b3e0 | 106b47b0:FUN_106b47b0 | 11139f70:FUN_11139f70
8516	C2S_CMD_GUILD_QUERYGUILD	C2S	5	1062b450:FUN_1062b450 | 106b4850:FUN_106b4850 | 11139ff0:FUN_11139ff0
8529	S2C_CMD_GUILD_ERR	S2C	5	1062b4c0:FUN_1062b4c0 | 106b48f0:FUN_106b48f0 | 1113a0f0:FUN_1113a0f0
8530	S2C_CMD_GUILD_NOTIFY	S2C	5	1062b530:FUN_1062b530 | 106b4990:FUN_106b4990 | 1113a170:FUN_1113a170
8531	S2C_CMD_GUILD_GETGUILDS	S2C	5	1062b5a0:FUN_1062b5a0 | 106b4a30:FUN_106b4a30 | 1113a1f0:FUN_1113a1f0
8532	S2C_CMD_GUILD_FINDGUILDS	S2C	5	1062b610:FUN_1062b610 | 106b4ad0:FUN_106b4ad0 | 1113a270:FUN_1113a270
8533	S2C_CMD_GUILD_GETGUILDAPPLYS	S2C	5	1062b680:FUN_1062b680 | 106b4b70:FUN_106b4b70 | 1113a2f0:FUN_1113a2f0
8534	S2C_CMD_GUILD_GETGUILDINVITATIONS	S2C	5	1062b6f0:FUN_1062b6f0 | 106b4c10:FUN_106b4c10 | 1113a370:FUN_1113a370
8535	S2C_CMD_GUILD_GETGUILDDETAIL	S2C	5	1062b760:FUN_1062b760 | 106b4cb0:FUN_106b4cb0 | 1113a3f0:FUN_1113a3f0
8536	S2C_CMD_GUILD_GETGUILDTITLES	S2C	6	1062b7d0:FUN_1062b7d0 | 10652220:FUN_10652220 | 106b4d50:FUN_106b4d50
8537	S2C_CMD_GUILD_GETLEADER	S2C	5	1062b840:FUN_1062b840 | 106b4df0:FUN_106b4df0 | 1113a4f0:FUN_1113a4f0
8544	S2C_CMD_GUILD_GETSELF	S2C	6	1062b8b0:FUN_1062b8b0 | 10652260:FUN_10652260 | 106b4e90:FUN_106b4e90
8545	S2C_CMD_GUILD_GETGUILDERDETAIL	S2C	5	1062b920:FUN_1062b920 | 106b4f30:FUN_106b4f30 | 1113a670:FUN_1113a670
8546	S2C_CMD_GUILD_CLEARGUILDERDETAIL	S2C	5	1062b990:FUN_1062b990 | 106b4fd0:FUN_106b4fd0 | 1113a730:FUN_1113a730
8547	S2C_CMD_GUILD_GETGUILDER	S2C	5	1062ba00:FUN_1062ba00 | 106b5070:FUN_106b5070 | 1113a7d0:FUN_1113a7d0
8548	S2C_CMD_GUILD_GETGUILDERSCOUNT	S2C	5	1062ba70:FUN_1062ba70 | 106b5110:FUN_106b5110 | 1113a850:FUN_1113a850
8549	S2C_CMD_GUILD_GETGUILDERS	S2C	5	1062bae0:FUN_1062bae0 | 106b51b0:FUN_106b51b0 | 1113a8d0:FUN_1113a8d0
8550	S2C_CMD_GUILD_RESETTASK	S2C	5	1062bb50:FUN_1062bb50 | 106b5250:FUN_106b5250 | 1113a950:FUN_1113a950
8551	S2C_CMD_GUILD_REFRESHTASK	S2C	5	1062bbc0:FUN_1062bbc0 | 106b52f0:FUN_106b52f0 | 1113a9c0:FUN_1113a9c0
8552	S2C_CMD_GUILD_ACCEPTTASKS	S2C	6	1062bc30:FUN_1062bc30 | 106522a0:FUN_106522a0 | 106b5390:FUN_106b5390
8553	S2C_CMD_GUILD_SUBMITTASK	S2C	5	1062bca0:FUN_1062bca0 | 106b5430:FUN_106b5430 | 1113aac0:FUN_1113aac0
8554	S2C_CMD_GUILD_EXECTASK	S2C	5	1062bd10:FUN_1062bd10 | 106b54d0:FUN_106b54d0 | 1113ab30:FUN_1113ab30
8555	S2C_CMD_GUILD_GETTASKS	S2C	5	1062bd80:FUN_1062bd80 | 106b5570:FUN_106b5570 | 1113abb0:FUN_1113abb0
8556	S2C_CMD_GUILD_GETLEARNEDSKILLS	S2C	5	1062bdf0:FUN_1062bdf0 | 106b5610:FUN_106b5610 | 1113ac30:FUN_1113ac30
8557	S2C_CMD_GUILD_GETCANDIDATESKILLS	S2C	5	1062be60:FUN_1062be60 | 106b56b0:FUN_106b56b0 | 1113acb0:FUN_1113acb0
8558	S2C_CMD_GUILD_ADD_ITEM_NTF	S2C	5	1062bed0:FUN_1062bed0 | 106b5750:FUN_106b5750 | 1113ad30:FUN_1113ad30
8559	S2C_CMD_GUILD_UPDATE_ITEM_NTF	S2C	5	1062bf40:FUN_1062bf40 | 106b57f0:FUN_106b57f0 | 1113adb0:FUN_1113adb0
8560	S2C_CMD_GUILD_DEL_ITEM_NTF	S2C	6	1062bfb0:FUN_1062bfb0 | 106522e0:FUN_106522e0 | 106b5890:FUN_106b5890
8561	S2C_CMD_GUILD_MOVE_ITEM_NTF	S2C	5	1062c020:FUN_1062c020 | 106b5930:FUN_106b5930 | 1113aec0:FUN_1113aec0
8562	S2C_CMD_GUILD_SWAP_ITEM_NTF	S2C	5	1062c090:FUN_1062c090 | 106b59d0:FUN_106b59d0 | 1113af50:FUN_1113af50
8563	S2C_CMD_GUILD_SORT_ITEM_NTF	S2C	5	1062c100:FUN_1062c100 | 106b5a70:FUN_106b5a70 | 1113afe0:FUN_1113afe0
8564	S2C_CMD_GUILD_GETDEPOT	S2C	5	1062c170:FUN_1062c170 | 106b5b10:FUN_106b5b10 | 1113b060:FUN_1113b060
8565	S2C_CMD_GUILD_GETRANDCOMMODITIES	S2C	5	1062c1e0:FUN_1062c1e0 | 106b5bb0:FUN_106b5bb0 | 1113b0e0:FUN_1113b0e0
8566	S2C_CMD_GUILD_GETQUEST	S2C	5	1062c250:FUN_1062c250 | 106b5c50:FUN_106b5c50 | 1113b160:FUN_1113b160
8567	S2C_CMD_GUILD_QUERYGUILD	S2C	5	1062c2c0:FUN_1062c2c0 | 106b5cf0:FUN_106b5cf0 | 1113b1e0:FUN_1113b1e0
9217	C2S_CMD_TALK_EXEC	C2S	10	10422940:FUN_10422940 | 10428320:FUN_10428320 | 10431bb0:FUN_10431bb0
9218	C2S_CMD_TALK_END	C2S	10	10422940:FUN_10422940 | 10428320:FUN_10428320 | 10431bb0:FUN_10431bb0
9297	S2C_CMD_TALK_ERR	S2C	5	1062d210:FUN_1062d210 | 106b72d0:FUN_106b72d0 | 1113d0a0:FUN_1113d0a0
9298	S2C_CMD_TALK_EXEC	S2C	12	10422940:FUN_10422940 | 10428320:FUN_10428320 | 10431bb0:FUN_10431bb0
10241	C2S_CMD_ACTIVITY_FETCH_AWARD	C2S	10	10422940:FUN_10422940 | 10428320:FUN_10428320 | 10431bb0:FUN_10431bb0
10242	C2S_CMD_ACTIVITY_WILDHUNTAPPLY	C2S	6	10636350:FUN_10636350 | 1065ede0:FUN_1065ede0 | 106c4050:FUN_106c4050
10243	C2S_CMD_ACTIVITY_ADDSECRETQUEST	C2S	5	10636b30:FUN_10636b30 | 106c4b90:FUN_106c4b90 | 1113f770:FUN_1113f770
10244	C2S_CMD_ACTIVITY_RESETWILDHUNTTASKS	C2S	6	1045c7a0:FUN_1045c7a0 | 10636ba0:FUN_10636ba0 | 106c4c30:FUN_106c4c30
10245	C2S_CMD_ACTIVITY_MONOLOPY_DICE	C2S	5	10636430:FUN_10636430 | 106c4190:FUN_106c4190 | 1113f850:FUN_1113f850
10246	C2S_CMD_ACTIVITY_MONOLOPY_FIXEDDICE	C2S	5	106364a0:FUN_106364a0 | 106c4230:FUN_106c4230 | 1113f8c0:FUN_1113f8c0
10247	C2S_CMD_ACTIVITY_MONOLOPY_PAYFORBLOCK	C2S	5	10636510:FUN_10636510 | 106c42d0:FUN_106c42d0 | 1113f930:FUN_1113f930
10248	C2S_CMD_ACTIVITY_WILDHUNT_FETCHTASKCOUNT	C2S	6	106363c0:FUN_106363c0 | 106557a0:FUN_106557a0 | 106c40f0:FUN_106c40f0
10259	S2C_CMD_ACTIVITY_FETCH_AWARD	S2C	5	10636660:FUN_10636660 | 106c44b0:FUN_106c44b0 | 1113fba0:FUN_1113fba0
10260	S2C_CMD_ACTIVITY_AWARD_NTF	S2C	5	106366d0:FUN_106366d0 | 106c4550:FUN_106c4550 | 1113fc20:FUN_1113fc20
10261	S2C_CMD_ACTIVITY_ERR	S2C	5	10636740:FUN_10636740 | 106c45f0:FUN_106c45f0 | 1113fca0:FUN_1113fca0
10262	S2C_CMD_ACTIVITY_AWARD_REFRESH	S2C	5	106367b0:FUN_106367b0 | 106c4690:FUN_106c4690 | 1113fd40:FUN_1113fd40
10263	S2C_CMD_ACTIVITY_ADD_ONLINETIME	S2C	5	10636820:FUN_10636820 | 106c4730:FUN_106c4730 | 1113fdb0:FUN_1113fdb0
10264	S2C_CMD_ACTIVITY_WILDHUNTAPPLY	S2C	6	10636890:FUN_10636890 | 10655820:FUN_10655820 | 106c47d0:FUN_106c47d0
10265	C2S_CMD_ACTIVITY_GETWILDHUNT_REQ	C2S	5	10636900:FUN_10636900 | 106c4870:FUN_106c4870 | 1113fec0:FUN_1113fec0
10272	S2C_CMD_ACTIVITY_GETWILDHUNT_RSP	S2C	6	10636970:FUN_10636970 | 10655860:FUN_10655860 | 106c4910:FUN_106c4910
10273	S2C_CMD_ACTIVITY_FETCH_PROC_CLEAR	S2C	5	106369e0:FUN_106369e0 | 106c49b0:FUN_106c49b0 | 11140040:FUN_11140040
10274	S2C_CMD_ACTIVITY_ADDSECRETQUEST	S2C	5	10636a50:FUN_10636a50 | 106c4a50:FUN_106c4a50 | 111400b0:FUN_111400b0
10275	S2C_CMD_ACTIVITY_REMOVESECRETQUEST	S2C	5	10636ac0:FUN_10636ac0 | 106c4af0:FUN_106c4af0 | 11140130:FUN_11140130
10276	S2C_CMD_ACTIVITY_GETWILDHUNTTASKS	S2C	5	10636c10:FUN_10636c10 | 106c4cd0:FUN_106c4cd0 | 111401a0:FUN_111401a0
10277	S2C_CMD_ACTIVITY_CLEARWILDHUNT	S2C	5	10636c80:FUN_10636c80 | 106c4d70:FUN_106c4d70 | 11140220:FUN_11140220
12599	C2S_CMD_ITEM_EQUIPRECOLOR_REQ	C2S	5	10628660:FUN_10628660 | 106b0760:FUN_106b0760 | 11146900:FUN_11146900
12600	S2C_CMD_ITEM_EQUIPRECOLOR_RSP	S2C	5	106286d0:FUN_106286d0 | 106b0800:FUN_106b0800 | 11146990:FUN_11146990
12601	C2S_CMD_ITEM_EQUIP_FAKESHOW_REQ	C2S	5	10628740:FUN_10628740 | 106b08a0:FUN_106b08a0 | 11146a20:FUN_11146a20
12608	S2C_CMD_ITEM_EQUIP_FAKESHOW_RSP	S2C	5	106287b0:FUN_106287b0 | 106b0940:FUN_106b0940 | 11146aa0:FUN_11146aa0
12615	C2S_CMD_ITEMREBUILD_ITEMLEVLEUPREQ	C2S	5	10628ac0:FUN_10628ac0 | 106b0cf0:FUN_106b0cf0 | 11146e30:FUN_11146e30
12616	C2S_CMD_ITEMREBUILD_ITEMLEVLEUPRSP	C2S	5	10628b30:FUN_10628b30 | 106b0d90:FUN_106b0d90 | 11146eb0:FUN_11146eb0
12617	C2S_CMD_ITEMREBUILD_RANDOMWEAPON_REBUILD_REQ	C2S	5	1063a250:FUN_1063a250 | 106c98f0:FUN_106c98f0 | 11146f30:FUN_11146f30
12624	C2S_CMD_ITEMREBUILD_RANDOMWEAPON_REBUILD_REP	C2S	5	1063a2c0:FUN_1063a2c0 | 106c9990:FUN_106c9990 | 11146fb0:FUN_11146fb0
12625	C2S_CMD_ITEMREBUILD_UNBIND_REQ	C2S	5	1063a330:FUN_1063a330 | 106c9a30:FUN_106c9a30 | 11147030:FUN_11147030
12626	C2S_CMD_ITEMREBUILD_UNBIND_RSP	C2S	5	1063a3a0:FUN_1063a3a0 | 106c9ad0:FUN_106c9ad0 | 111470b0:FUN_111470b0
12627	C2S_CMD_ITEMREBUILD_CHARM_REBUILD_REQ	C2S	5	1063a410:FUN_1063a410 | 106c9b70:FUN_106c9b70 | 11147120:FUN_11147120
12628	C2S_CMD_ITEMREBUILD_CHARM_REBUILD_RSP	C2S	5	1063a480:FUN_1063a480 | 106c9c10:FUN_106c9c10 | 111471d0:FUN_111471d0
12629	C2S_CMD_ITEMREBUILD_EQUIP_QUICK_UPGRADE_REQ	C2S	5	1063a4f0:FUN_1063a4f0 | 106c9cb0:FUN_106c9cb0 | 11147260:FUN_11147260
12630	S2C_CMD_ITEMREBUILD_EQUIP_QUICK_UPGRADE_RSP	S2C	5	1063a560:FUN_1063a560 | 106c9d50:FUN_106c9d50 | 111472e0:FUN_111472e0
12808	S2C_CMD_ITEMBOX_ERR	S2C	5	1063a950:FUN_1063a950 | 106ca2f0:FUN_106ca2f0 | 11147750:FUN_11147750
13064	C2S_CMD_RANK_LIST_REQ	C2S	6	10637620:FUN_10637620 | 106c5b30:FUN_106c5b30 | 10c36b90:FUN_10c36b90
13065	S2C_CMD_RANK_LIST_RSP	S2C	5	10637690:FUN_10637690 | 106c5bd0:FUN_106c5bd0 | 11148420:FUN_11148420
13072	S2C_CMD_RANK_RAPIDHUNT_LIST_RSP	S2C	5	10637850:FUN_10637850 | 106c5e50:FUN_106c5e50 | 111484a0:FUN_111484a0
13073	C2S_CMD_XRANK_GETRANK	C2S	5	106378c0:FUN_106378c0 | 106c5ef0:FUN_106c5ef0 | 11148520:FUN_11148520
13074	C2S_CMD_XRANK_BATCHGETUSERDATA	C2S	5	106379a0:FUN_106379a0 | 106c6030:FUN_106c6030 | 111485c0:FUN_111485c0
13105	S2C_CMD_XRANK_GETRANK	S2C	5	10637930:FUN_10637930 | 106c5f90:FUN_106c5f90 | 11148640:FUN_11148640
13106	S2C_CMD_XRANK_BATCHGETUSERDATA	S2C	5	10637a10:FUN_10637a10 | 106c60d0:FUN_106c60d0 | 111486c0:FUN_111486c0
13107	S2C_CMD_RANK_GETUSERDATA	S2C	5	10637a80:FUN_10637a80 | 106c6170:FUN_106c6170 | 11148740:FUN_11148740
13825	C2S_CMD_CLAN_CHECKCLAN	C2S	10	10422940:FUN_10422940 | 10428320:FUN_10428320 | 10431bb0:FUN_10431bb0
13826	C2S_CMD_CLAN_CREATECLAN	C2S	6	1063b600:FUN_1063b600 | 1065ede0:FUN_1065ede0 | 106cb510:FUN_106cb510
13827	C2S_CMD_CLAN_DISMISSCLAN	C2S	5	1063b670:FUN_1063b670 | 106cb5b0:FUN_106cb5b0 | 11149000:FUN_11149000
13828	C2S_CMD_CLAN_INVITECLAN	C2S	5	1063b6e0:FUN_1063b6e0 | 106cb650:FUN_106cb650 | 11149070:FUN_11149070
13829	C2S_CMD_CLAN_QUITCLAN	C2S	5	1063b750:FUN_1063b750 | 106cb6f0:FUN_106cb6f0 | 111490f0:FUN_111490f0
13830	C2S_CMD_CLAN_KICKCLANER	C2S	5	1063b7c0:FUN_1063b7c0 | 106cb790:FUN_106cb790 | 11149160:FUN_11149160
13831	C2S_CMD_CLAN_ALTERLEADER	C2S	5	1063b830:FUN_1063b830 | 106cb830:FUN_106cb830 | 111491e0:FUN_111491e0
13832	C2S_CMD_CLAN_CLANERNOTESETTING	C2S	5	1063b8a0:FUN_1063b8a0 | 106cb8d0:FUN_106cb8d0 | 11149260:FUN_11149260
13833	C2S_CMD_CLAN_GETCLANERS	C2S	5	1063b980:FUN_1063b980 | 106cba10:FUN_106cba10 | 111492f0:FUN_111492f0
13840	C2S_CMD_CLAN_GETCLANDETAIL	C2S	5	1063b910:FUN_1063b910 | 106cb970:FUN_106cb970 | 11149360:FUN_11149360
13841	C2S_CMD_CLAN_ACCEPTCLANINVITATION	C2S	5	1063bd00:FUN_1063bd00 | 106cbf10:FUN_106cbf10 | 111493d0:FUN_111493d0
13842	C2S_CMD_CLAN_JEJECTCLANINVITATION	C2S	5	1063bd70:FUN_1063bd70 | 106cbfb0:FUN_106cbfb0 | 11149450:FUN_11149450
13843	C2S_CMD_CLAN_MEMBER_LIST_REQ	C2S	5	1063c080:FUN_1063c080 | 106cc410:FUN_106cc410 | 111494d0:FUN_111494d0
13844	C2S_CMD_CLAN_MODIFYNAME	C2S	5	1063b9f0:FUN_1063b9f0 | 106cbab0:FUN_106cbab0 | 11149550:FUN_11149550
13857	S2C_CMD_CLAN_ERR	S2C	5	1063ba60:FUN_1063ba60 | 106cbb50:FUN_106cbb50 | 111495d0:FUN_111495d0
13858	S2C_CMD_CLAN_NOTIFY	S2C	5	1063bad0:FUN_1063bad0 | 106cbbf0:FUN_106cbbf0 | 11149650:FUN_11149650
13859	S2C_CMD_CLAN_GETCLANDETAIL	S2C	5	1063bb40:FUN_1063bb40 | 106cbc90:FUN_106cbc90 | 111496d0:FUN_111496d0
13860	S2C_CMD_CLAN_GETCLANERS	S2C	5	1063bbb0:FUN_1063bbb0 | 106cbd30:FUN_106cbd30 | 11149780:FUN_11149780
13861	S2C_CMD_CLAN_GETLEADER	S2C	5	1063bc20:FUN_1063bc20 | 106cbdd0:FUN_106cbdd0 | 11149800:FUN_11149800
13862	S2C_CMD_CLAN_GETSELF	S2C	5	1063bc90:FUN_1063bc90 | 106cbe70:FUN_106cbe70 | 11149880:FUN_11149880
13863	S2C_CMD_LEAGUE_REWARD	S2C	5	1063bf30:FUN_1063bf30 | 106cc230:FUN_106cc230 | 11149900:FUN_11149900
13864	S2C_CMD_CLAN_MEMBER_LIST_RSP	S2C	5	1063c0f0:FUN_1063c0f0 | 106cc4b0:FUN_106cc4b0 | 11149970:FUN_11149970
14337	C2S_CMD_TOURNAMENTS_GETDETAIL	C2S	10	10422940:FUN_10422940 | 10428320:FUN_10428320 | 10431bb0:FUN_10431bb0
14338	C2S_CMD_TOURNAMENTS_GETRANKS	C2S	6	1063c390:FUN_1063c390 | 1065ede0:FUN_1065ede0 | 106cc870:FUN_106cc870
14339	C2S_CMD_TOURNAMENTS_SEARCHPLAYER	C2S	5	1063c400:FUN_1063c400 | 106cc910:FUN_106cc910 | 1114a300:FUN_1114a300
14340	C2S_CMD_LEAGUE_LEVEL_REQ	C2S	5	1063bde0:FUN_1063bde0 | 106cc050:FUN_106cc050 | 1114a390:FUN_1114a390
14341	C2S_CMD_LEAGUE_RANK_LIST	C2S	5	1063bfa0:FUN_1063bfa0 | 106cc2d0:FUN_106cc2d0 | 1114a400:FUN_1114a400
14343	C2S_CMD_LEAGUE_STEP_REWARD	C2S	6	1063c240:FUN_1063c240 | 106cc690:FUN_106cc690 | 109a0c90:FUN_109a0c90
14353	S2C_CMD_TOURNAMENTS_GETDETAIL	S2C	5	1063c470:FUN_1063c470 | 106cc9b0:FUN_106cc9b0 | 1114a4e0:FUN_1114a4e0
14354	S2C_CMD_TOURNAMENTS_GETRANKS	S2C	5	1063c4e0:FUN_1063c4e0 | 106cca50:FUN_106cca50 | 1114a580:FUN_1114a580
14355	S2C_CMD_TOURNAMENTS_SEARCHPLAYER	S2C	5	1063c550:FUN_1063c550 | 106ccaf0:FUN_106ccaf0 | 1114a600:FUN_1114a600
14356	S2C_CMD_TOURNAMENTS_ERR	S2C	5	1063c5c0:FUN_1063c5c0 | 106ccb90:FUN_106ccb90 | 1114a680:FUN_1114a680
14357	S2C_CMD_LEAGUE_LEVEL_RSP	S2C	5	1063be50:FUN_1063be50 | 106cc0f0:FUN_106cc0f0 | 1114a700:FUN_1114a700
14358	S2C_CMD_LEAGUE_RESULT	S2C	5	1063bec0:FUN_1063bec0 | 106cc190:FUN_106cc190 | 1114a780:FUN_1114a780
14359	S2C_CMD_LEAGUE_RANK_RSP	S2C	5	1063c010:FUN_1063c010 | 106cc370:FUN_106cc370 | 1114a820:FUN_1114a820
14360	S2C_CMD_LEAGUE_PLAYERINFO	S2C	5	1063c160:FUN_1063c160 | 106cc550:FUN_106cc550 | 1114a8a0:FUN_1114a8a0
14361	S2C_CMD_LEAGUE_SEASON_REWARD	S2C	5	1063c1d0:FUN_1063c1d0 | 106cc5f0:FUN_106cc5f0 | 1114a930:FUN_1114a930
14368	S2C_CMD_LEAGUE_STEP_REWARD	S2C	5	1063c2b0:FUN_1063c2b0 | 106cc730:FUN_106cc730 | 1114a9c0:FUN_1114a9c0
14593	C2S_CMD_SPOOR_FETCHPRIZE	C2S	10	10422940:FUN_10422940 | 10428320:FUN_10428320 | 10431bb0:FUN_10431bb0
14609	S2C_CMD_SPOOR_ERR	S2C	10	10422940:FUN_10422940 | 10428320:FUN_10428320 | 10431bb0:FUN_10431bb0
14610	S2C_CMD_SPOOR_FETCHPRIZE	S2C	5	1063c710:FUN_1063c710 | 106ccd70:FUN_106ccd70 | 1114abb0:FUN_1114abb0
14611	S2C_CMD_SPOOR_ADDPOINTS	S2C	5	1063c780:FUN_1063c780 | 106cce10:FUN_106cce10 | 1114ac20:FUN_1114ac20
16641	C2S_CMD_SCULPTURE_GETSCULPTURE	C2S	10	10422940:FUN_10422940 | 10428320:FUN_10428320 | 10431bb0:FUN_10431bb0
16642	C2S_CMD_SCULPTURE_GETLIBS	C2S	5	10637b60:FUN_10637b60 | 106c62b0:FUN_106c62b0 | 1114b5d0:FUN_1114b5d0
16657	S2C_CMD_SCULPTURE_ERR	S2C	10	10422940:FUN_10422940 | 10428320:FUN_10428320 | 10431bb0:FUN_10431bb0
16658	S2C_CMD_SCULPTURE_GETSCULPTURE	S2C	6	10637c40:FUN_10637c40 | 1065ede0:FUN_1065ede0 | 106c63f0:FUN_106c63f0
16659	S2C_CMD_SCULPTURE_LIB_SNAPSHOT	S2C	5	10637cb0:FUN_10637cb0 | 106c6490:FUN_106c6490 | 1114b740:FUN_1114b740
16660	S2C_CMD_SCULPTURE_GETLIBS	S2C	5	10637d20:FUN_10637d20 | 106c6530:FUN_106c6530 | 1114b7c0:FUN_1114b7c0
16661	S2C_CMD_SCULPTURE_AVATAR_SNAPSHOT	S2C	5	10637d90:FUN_10637d90 | 106c65d0:FUN_106c65d0 | 1114b840:FUN_1114b840
16662	S2C_CMD_SCRIPT_ADD_SCULPTURE	S2C	5	10637e00:FUN_10637e00 | 106c6670:FUN_106c6670 | 1114b8c0:FUN_1114b8c0
16663	S2C_CMD_SCRIPT_DEL_SCULPTURE	S2C	5	10637e70:FUN_10637e70 | 106c6710:FUN_106c6710 | 1114b940:FUN_1114b940
16897	C2S_CMD_HUBSPECREWARD_LEVEL_REQ	C2S	10	10422940:FUN_10422940 | 10428320:FUN_10428320 | 10431bb0:FUN_10431bb0
16898	C2S_CMD_HUBSPECREWARD_LEVEL_RSP	C2S	10	10422940:FUN_10422940 | 10428320:FUN_10428320 | 10431bb0:FUN_10431bb0
17153	C2S_CMD_RAPIDHUNT_FETCH_AWARD	C2S	10	10422940:FUN_10422940 | 10428320:FUN_10428320 | 10431bb0:FUN_10431bb0
17169	S2C_CMD_RAPIDHUNT_FETCH_AWARD	S2C	10	10422940:FUN_10422940 | 10428320:FUN_10428320 | 10431bb0:FUN_10431bb0
17170	S2C_CMD_RAPIDHUNT_ERR	S2C	10	10422940:FUN_10422940 | 10428320:FUN_10428320 | 10431bb0:FUN_10431bb0
17171	S2C_CMD_RAPIDHUNT_AWARDS	S2C	5	10638030:FUN_10638030 | 106c6990:FUN_106c6990 | 1114bd10:FUN_1114bd10
17172	S2C_CMD_RAPIDHUNT_REFRESH	S2C	5	106380a0:FUN_106380a0 | 106c6a30:FUN_106c6a30 | 1114bdb0:FUN_1114bdb0
17921	C2S_CMD_ROOMS_GET_REQ	C2S	10	10422940:FUN_10422940 | 10428320:FUN_10428320 | 10431bb0:FUN_10431bb0
17922	S2C_CMD_ROOMS_GET_RSP	S2C	6	10638180:FUN_10638180 | 1065ede0:FUN_1065ede0 | 106c6b70:FUN_106c6b70
17923	C2S_CMD_SPECTATE_REQ	C2S	5	106381f0:FUN_106381f0 | 106c6c10:FUN_106c6c10 | 1114d150:FUN_1114d150
17924	S2C_CMD_SPECTATE_RSP	S2C	5	10638260:FUN_10638260 | 106c6cb0:FUN_106c6cb0 | 1114d1c0:FUN_1114d1c0
17925	S2C_CMD_SPECTATE_ERR	S2C	5	106382d0:FUN_106382d0 | 106c6d50:FUN_106c6d50 | 1114d240:FUN_1114d240
18177	S2C_CMD_LEVEL_STAT_EVENT	S2C	10	10422940:FUN_10422940 | 10428320:FUN_10428320 | 10431bb0:FUN_10431bb0
18433	C2S_CMD_SACTIVITY_LIST_REQ	C2S	6	10636cf0:FUN_10636cf0 | 1065ede0:FUN_1065ede0 | 106c4e10:FUN_106c4e10
18434	S2C_CMD_SACTIVITY_LIST_RSP	S2C	5	10636d60:FUN_10636d60 | 106c4eb0:FUN_106c4eb0 | 1114d420:FUN_1114d420
18435	C2S_CMD_SACTIVITY_DETAIL_REQ	C2S	5	10636dd0:FUN_10636dd0 | 106c4f50:FUN_106c4f50 | 1114d4a0:FUN_1114d4a0
18436	S2C_CMD_SACTIVITY_DETAIL_RSP	S2C	5	10636e40:FUN_10636e40 | 106c4ff0:FUN_106c4ff0 | 1114d510:FUN_1114d510
18437	S2C_CMD_SACTIVITY_STATE_NTF	S2C	5	10636eb0:FUN_10636eb0 | 106c5090:FUN_106c5090 | 1114d590:FUN_1114d590
18438	S2C_CMD_SACTIVITY_VAR_UPDATE_NTF	S2C	5	10636f20:FUN_10636f20 | 106c5130:FUN_106c5130 | 1114d610:FUN_1114d610
18439	C2S_CMD_SACTIVITY_DATA_EXEC_REQ	C2S	5	10636f90:FUN_10636f90 | 106c51d0:FUN_106c51d0 | 1114d690:FUN_1114d690
18440	S2C_CMD_SACTIVITY_DATA_EXEC_RSP	S2C	5	10637000:FUN_10637000 | 106c5270:FUN_106c5270 | 1114d720:FUN_1114d720
18441	S2C_CMD_SACTIVITY_COUNTER_UPDATE_NTF	S2C	5	10637070:FUN_10637070 | 106c5310:FUN_106c5310 | 1114d7b0:FUN_1114d7b0
18448	S2C_CMD_SACTIVITY_TIME_UPATE_NTF	S2C	5	106370e0:FUN_106370e0 | 106c53b0:FUN_106c53b0 | 1114d830:FUN_1114d830
18449	S2C_CMD_SACTIVITY_GETGLOBALTOKENS	S2C	5	10637150:FUN_10637150 | 106c5450:FUN_106c5450 | 1114d8b0:FUN_1114d8b0
18450	S2C_CMD_SACTIVITY_UPDATEBGSTAT	S2C	5	106371c0:FUN_106371c0 | 106c54f0:FUN_106c54f0 | 1114d930:FUN_1114d930
18689	C2S_CMD_FLUTE_INVOKE_TUNE	C2S	10	10422940:FUN_10422940 | 10428320:FUN_10428320 | 10431bb0:FUN_10431bb0
18705	S2C_CMD_FLUTE_ADD_NOTE	S2C	10	10422940:FUN_10422940 | 10428320:FUN_10428320 | 10431bb0:FUN_10431bb0
18706	S2C_CMD_FLUTE_INVOKE_TUNE	S2C	5	10624ca0:FUN_10624ca0 | 106ab640:FUN_106ab640 | 1114db20:FUN_1114db20
20481	S2C_CMD_EQUIPEFFECT_WAKING	S2C	11	10422940:FUN_10422940 | 10428320:FUN_10428320 | 10431bb0:FUN_10431bb0
21761	C2S_CMD_SPEAK_WORD	C2S	10	10422940:FUN_10422940 | 10428320:FUN_10428320 | 10431bb0:FUN_10431bb0
21762	C2S_CMD_SPEAK_EXEC	C2S	6	1062d360:FUN_1062d360 | 1065ede0:FUN_1065ede0 | 106b74b0:FUN_106b74b0
21763	C2S_CMD_SPEAK_SETQUICK	C2S	5	1062d3d0:FUN_1062d3d0 | 106b7550:FUN_106b7550 | 11150120:FUN_11150120
21764	C2S_CMD_SPEAK_SETSELFDEF	C2S	5	1062d440:FUN_1062d440 | 106b75f0:FUN_106b75f0 | 111501a0:FUN_111501a0
21765	C2S_CMD_SPEAK_SETAUTO	C2S	5	1062d4b0:FUN_1062d4b0 | 106b7690:FUN_106b7690 | 11150230:FUN_11150230
21766	C2S_CMD_SPEAK_CONTENT	C2S	5	1062d520:FUN_1062d520 | 106b7730:FUN_106b7730 | 111502b0:FUN_111502b0
21841	S2C_CMD_SPEAK_WORD	S2C	5	1062d590:FUN_1062d590 | 106b77d0:FUN_106b77d0 | 11150340:FUN_11150340
21842	S2C_CMD_SPEAK_EXEC	S2C	5	1062d600:FUN_1062d600 | 106b7870:FUN_106b7870 | 111503c0:FUN_111503c0
21843	S2C_CMD_SPEAK_SETQUICK	S2C	5	1062d670:FUN_1062d670 | 106b7910:FUN_106b7910 | 11150440:FUN_11150440
21844	S2C_CMD_SPEAK_SETSELFDEF	S2C	5	1062d6e0:FUN_1062d6e0 | 106b79b0:FUN_106b79b0 | 111504c0:FUN_111504c0
21845	S2C_CMD_SPEAK_SETAUTO	S2C	5	1062d750:FUN_1062d750 | 106b7a50:FUN_106b7a50 | 11150550:FUN_11150550
21846	S2C_CMD_SPEAK_CONTENT	S2C	5	1062d7c0:FUN_1062d7c0 | 106b7af0:FUN_106b7af0 | 111505d0:FUN_111505d0
21847	S2C_CMD_SPEAK_ERR	S2C	5	1062d830:FUN_1062d830 | 106b7b90:FUN_106b7b90 | 11150650:FUN_11150650
24833	C2S_CMD_ASTROLABE_ANSWER	C2S	10	10422940:FUN_10422940 | 10428320:FUN_10428320 | 10431bb0:FUN_10431bb0
24834	C2S_CMD_ASTROLABE_LIGHTEN	C2S	6	1063e690:FUN_1063e690 | 1065ede0:FUN_1065ede0 | 106cfa70:FUN_106cfa70
24835	C2S_CMD_ASTROLABE_RNGLIGHTEN	C2S	5	1063e700:FUN_1063e700 | 106cfb10:FUN_106cfb10 | 111520f0:FUN_111520f0
24836	C2S_CMD_ASTROLABE_GETSUBJECT	C2S	5	1063e770:FUN_1063e770 | 106cfbb0:FUN_106cfbb0 | 11152160:FUN_11152160
24837	C2S_CMD_ASTROLABE_MANUALRESET	C2S	5	1063e7e0:FUN_1063e7e0 | 106cfc50:FUN_106cfc50 | 111521d0:FUN_111521d0
24838	C2S_CMD_ASTROLABE_ACCEPTTASK	C2S	5	1063e850:FUN_1063e850 | 106cfcf0:FUN_106cfcf0 | 11152240:FUN_11152240
24839	C2S_CMD_ASTROLABE_SUBMITTASK	C2S	5	1063e8c0:FUN_1063e8c0 | 106cfd90:FUN_106cfd90 | 111522b0:FUN_111522b0
24840	C2S_CMD_ASTROLABE_REFRESHTASK	C2S	5	1063e930:FUN_1063e930 | 106cfe30:FUN_106cfe30 | 11152320:FUN_11152320
24841	C2S_CMD_ASTROLABE_BUYDAYTASK	C2S	5	1063e9a0:FUN_1063e9a0 | 106cfed0:FUN_106cfed0 | 11152390:FUN_11152390
24865	S2C_CMD_ASTROLABE_ANSWER	S2C	5	1063ea10:FUN_1063ea10 | 106cff70:FUN_106cff70 | 11152400:FUN_11152400
24866	S2C_CMD_ASTROLABE_ERR	S2C	5	1063ea80:FUN_1063ea80 | 106d0010:FUN_106d0010 | 11152480:FUN_11152480
24867	S2C_CMD_ASTROLABE_RESET	S2C	5	1063eaf0:FUN_1063eaf0 | 106d00b0:FUN_106d00b0 | 11152500:FUN_11152500
24868	S2C_CMD_ASTROLABE_LIGHTEN	S2C	5	1063eb60:FUN_1063eb60 | 106d0150:FUN_106d0150 | 11152570:FUN_11152570
24869	S2C_CMD_ASTROLABE_GETSUBJECT	S2C	5	1063ebd0:FUN_1063ebd0 | 106d01f0:FUN_106d01f0 | 111525f0:FUN_111525f0
24870	S2C_CMD_ASTROLABE_OPEN	S2C	5	1063ec40:FUN_1063ec40 | 106d0290:FUN_106d0290 | 11152660:FUN_11152660
24871	S2C_CMD_ASTROLABE_MANUALRESET	S2C	5	1063ecb0:FUN_1063ecb0 | 106d0330:FUN_106d0330 | 111526d0:FUN_111526d0
24872	S2C_CMD_ASTROLABE_NOTIFY	S2C	5	1063ed20:FUN_1063ed20 | 106d03d0:FUN_106d03d0 | 11152740:FUN_11152740
24873	S2C_CMD_RAGE_DATA_NOTIFY	S2C	5	1063ed90:FUN_1063ed90 | 106d0470:FUN_106d0470 | 111527c0:FUN_111527c0
24880	S2C_CMD_ASTROLABE_REFRESHTASK	S2C	5	1063ee00:FUN_1063ee00 | 106d0510:FUN_106d0510 | 11152840:FUN_11152840
24881	S2C_CMD_ASTROLABE_BUYDAYTASK	S2C	5	1063ee70:FUN_1063ee70 | 106d05b0:FUN_106d05b0 | 111528c0:FUN_111528c0
25089	C2S_CMD_SOULSTONE_LEVELUP	C2S	10	10422940:FUN_10422940 | 10428320:FUN_10428320 | 10431bb0:FUN_10431bb0
25090	C2S_CMD_SOULSTONE_STAGEUP	C2S	6	1063ef50:FUN_1063ef50 | 1065ede0:FUN_1065ede0 | 106d06f0:FUN_106d06f0
25091	C2S_CMD_SOULSTONE_RESET	C2S	5	1063efc0:FUN_1063efc0 | 106d0790:FUN_106d0790 | 11152aa0:FUN_11152aa0
25092	C2S_CMD_SOULSTONE_ATTRUPGRADE	C2S	5	1063f030:FUN_1063f030 | 106d0830:FUN_106d0830 | 11152b10:FUN_11152b10
25093	C2S_CMD_SOULSTONE_UNLOCKSTAGE	C2S	5	1063f0a0:FUN_1063f0a0 | 106d08d0:FUN_106d08d0 | 11152b90:FUN_11152b90
25094	C2S_CMD_SOULBEAST_UNLOCK	C2S	5	1063f110:FUN_1063f110 | 106d0970:FUN_106d0970 | 11152c00:FUN_11152c00
25095	C2S_CMD_SOULBEAST_FEED	C2S	5	1063f180:FUN_1063f180 | 106d0a10:FUN_106d0a10 | 11152c70:FUN_11152c70
25096	C2S_CMD_SOULBEAST_FOLLOW	C2S	5	1063f1f0:FUN_1063f1f0 | 106d0ab0:FUN_106d0ab0 | 11152cf0:FUN_11152cf0
25097	C2S_CMD_SOULBEAST_UNFOLLOW	C2S	5	1063f260:FUN_1063f260 | 106d0b50:FUN_106d0b50 | 11152d60:FUN_11152d60
25104	C2S_CMD_SOULBEAST_EVOLVE	C2S	5	1063f2d0:FUN_1063f2d0 | 106d0bf0:FUN_106d0bf0 | 11152dd0:FUN_11152dd0
25105	C2S_CMD_SOULBEAST_SETIMAGE	C2S	5	1063f340:FUN_1063f340 | 106d0c90:FUN_106d0c90 | 11152e40:FUN_11152e40
25106	C2S_CMD_SOULBEAST_INTERACT_REQ	C2S	7	105238d0:FUN_105238d0 | 1063f3b0:FUN_1063f3b0 | 106d0d30:FUN_106d0d30
25107	C2S_CMD_SOULBEAST_RESPWAN	C2S	5	1063f420:FUN_1063f420 | 106d0dd0:FUN_106d0dd0 | 11152f40:FUN_11152f40
25109	S2C_CMD_SOULSTONE_ATTRUPGRADE	S2C	5	1063f490:FUN_1063f490 | 106d0e70:FUN_106d0e70 | 11152fb0:FUN_11152fb0
25110	S2C_CMD_SOULBEAST_APPEAR_NTF_LIST	S2C	5	1063f500:FUN_1063f500 | 106d0f10:FUN_106d0f10 | 11153030:FUN_11153030
25111	S2C_CMD_SOULBEAST_ATTR_SYNC_NTF	S2C	6	1063f570:FUN_1063f570 | 106d0fb0:FUN_106d0fb0 | 111530b0:FUN_111530b0
25112	S2C_CMD_SOULBEAST_INTERACT_NTF	S2C	5	1063f5e0:FUN_1063f5e0 | 106d1050:FUN_106d1050 | 11153130:FUN_11153130
25113	C2S_CMD_SOULBEAST_EXP_SHIFT_REQ	C2S	5	1063f650:FUN_1063f650 | 106d10f0:FUN_106d10f0 | 111531b0:FUN_111531b0
25601	C2S_CMD_LEGENDPEARL_INLAY_REQ	C2S	10	10422940:FUN_10422940 | 10428320:FUN_10428320 | 10431bb0:FUN_10431bb0
25602	S2C_CMD_LEGENDPEARL_INLAY_RSP	S2C	6	10640990:FUN_10640990 | 1065ede0:FUN_1065ede0 | 106d2b10:FUN_106d2b10
25603	C2S_CMD_LEGENDPEARL_TAKE_DOWN_REQ	C2S	5	10640a00:FUN_10640a00 | 106d2bb0:FUN_106d2bb0 | 111536f0:FUN_111536f0
25604	S2C_CMD_LEGENDPEARL_TAKE_DOWN_RSP	S2C	5	10640a70:FUN_10640a70 | 106d2c50:FUN_106d2c50 | 11153770:FUN_11153770
25605	C2S_CMD_LEGENDPEARL_LEVELUP_REQ	C2S	6	10640ae0:FUN_10640ae0 | 106d2cf0:FUN_106d2cf0 | 109ef720:FUN_109ef720
25606	S2C_CMD_LEGENDPEARL_LEVELUP_RSP	S2C	5	10640b50:FUN_10640b50 | 106d2d90:FUN_106d2d90 | 11153870:FUN_11153870
25607	C2S_CMD_LEGENDPEARL_CONFIRM_REPLACE_ABILITY_REQ	C2S	6	10640bc0:FUN_10640bc0 | 106d2e30:FUN_106d2e30 | 109efc10:FUN_109efc10
25608	S2C_CMD_LEGENDPEARL_CONFIRM_REPLACE_ABILITY_RSP	S2C	5	10640c30:FUN_10640c30 | 106d2ed0:FUN_106d2ed0 | 11153990:FUN_11153990
25609	C2S_CMD_LEGENDPEARL_UPGRADE_REQ	C2S	5	10640ca0:FUN_10640ca0 | 106d2f70:FUN_106d2f70 | 11153a20:FUN_11153a20
25616	S2C_CMD_LEGENDPEARL_UPGRADE_RSP	S2C	10	10422940:FUN_10422940 | 10428320:FUN_10428320 | 10431bb0:FUN_10431bb0
25857	C2S_CMD_SILVERBOX_FETCH_REQ	C2S	10	10422940:FUN_10422940 | 10428320:FUN_10428320 | 10431bb0:FUN_10431bb0
25858	S2C_CMD_SILVERBOX_FETCH_RSP	S2C	5	10640df0:FUN_10640df0 | 106d3150:FUN_106d3150 | 11153ba0:FUN_11153ba0
25859	S2C_CMD_SILVERBOX_SYNC_DATA_NOTIFY	S2C	5	10640e60:FUN_10640e60 | 106d31f0:FUN_106d31f0 | 11153c10:FUN_11153c10
26113	C2S_CMD_GUIDE_BOOK_AUTO_FIRST_OPEN_REQ	C2S	10	10422940:FUN_10422940 | 10428320:FUN_10428320 | 10431bb0:FUN_10431bb0
26114	S2C_CMD_GUIDE_BOOK_AUTO_FIRST_OPEN_RSP	S2C	6	10640f40:FUN_10640f40 | 1065ede0:FUN_1065ede0 | 106d3330:FUN_106d3330
26115	C2S_CMD_GUIDE_BOOK_GET_CHAPTER_REWARD_REQ	C2S	5	10640fb0:FUN_10640fb0 | 106d33d0:FUN_106d33d0 | 11153d70:FUN_11153d70
26116	S2C_CMD_GUIDE_BOOK_GET_CHAPTER_REWARD_RSP	S2C	5	10641020:FUN_10641020 | 106d3470:FUN_106d3470 | 11153df0:FUN_11153df0
26117	S2C_CMD_GUIDE_BOOK_ACTION_FINISH_NTF	S2C	5	10641090:FUN_10641090 | 106d3510:FUN_106d3510 | 11153e70:FUN_11153e70
26118	C2S_CMD_GUIDE_BOOK_SET_WEAPON_ID_REQ	C2S	5	10641100:FUN_10641100 | 106d35b0:FUN_106d35b0 | 11153ef0:FUN_11153ef0
26119	S2C_CMD_GUIDE_BOOK_SET_WEAPON_ID_RSP	S2C	5	10641170:FUN_10641170 | 106d3650:FUN_106d3650 | 11153f60:FUN_11153f60
26120	C2S_CMD_GUIDE_BOOK_SET_NEW_REQ	C2S	5	106411e0:FUN_106411e0 | 106d36f0:FUN_106d36f0 | 11153fe0:FUN_11153fe0
26121	S2C_CMD_GUIDE_BOOK_SET_NEW_RSP	S2C	5	10641250:FUN_10641250 | 106d3790:FUN_106d3790 | 11154050:FUN_11154050
26369	C2S_CMD_DEMON_TRIAL_GET_LEVELS_REQ	C2S	10	10422940:FUN_10422940 | 10428320:FUN_10428320 | 10431bb0:FUN_10431bb0
26370	S2C_CMD_DEMON_TRIAL_GET_LEVELS_RSP	S2C	6	10641330:FUN_10641330 | 1065ede0:FUN_1065ede0 | 106d38d0:FUN_106d38d0
26372	C2S_CMD_DEMON_TRIAL_GET_LEVELS_PASS_TIME_REQ	C2S	5	106413a0:FUN_106413a0 | 106d3970:FUN_106d3970 | 11154270:FUN_11154270
26373	S2C_CMD_DEMON_TRIAL_GET_LEVELS_PASS_TIME_RSP	S2C	5	10641410:FUN_10641410 | 106d3a10:FUN_106d3a10 | 111542e0:FUN_111542e0
26881	C2S_CMD_SECRET_RESEARCH_LAB_HANDLE_REFRESH_REQ	C2S	10	10422940:FUN_10422940 | 10428320:FUN_10428320 | 10431bb0:FUN_10431bb0
26882	S2C_CMD_SECRET_RESEARCH_LAB_HANDLE_REFRESH_RSP	S2C	6	1062dfa0:FUN_1062dfa0 | 1065ede0:FUN_1065ede0 | 106b8630:FUN_106b8630
26883	C2S_CMD_SECRET_RESEARCH_LAB_RESEARCH_REQ	C2S	5	1062e010:FUN_1062e010 | 106b86d0:FUN_106b86d0 | 11154460:FUN_11154460
26884	S2C_CMD_SECRET_RESEARCH_LAB_RESEARCH_RSP	S2C	5	1062e080:FUN_1062e080 | 106b8770:FUN_106b8770 | 111544e0:FUN_111544e0
26885	S2C_CMD_SECRET_RESEARCH_LAB_DALIY_REFRESH_RSP	S2C	5	1062e0f0:FUN_1062e0f0 | 106b8810:FUN_106b8810 | 11154560:FUN_11154560
26886	S2C_CMD_SECRET_RESEARCH_LAB_CLOCK_REFRESH_RSP	S2C	5	1062e160:FUN_1062e160 | 106b88b0:FUN_106b88b0 | 111545e0:FUN_111545e0
26887	S2C_CMD_SECRET_RESEARCH_LAB_DATA_SYNCHRONIZATION_RSP	S2C	5	1062e1d0:FUN_1062e1d0 | 106b8950:FUN_106b8950 | 11154660:FUN_11154660
27137	C2S_CMD_PHY_CARD_COLLECT_CARD_REQ	C2S	10	10422940:FUN_10422940 | 10428320:FUN_10428320 | 10431bb0:FUN_10431bb0
27138	S2C_CMD_PHY_CARD_COLLECT_CARD_RSP	S2C	6	106414f0:FUN_106414f0 | 1065ede0:FUN_1065ede0 | 106d3b50:FUN_106d3b50
27139	C2S_CMD_PHY_CARD_EXCHANGE_PHY_CARD_REQ	C2S	5	10641560:FUN_10641560 | 106d3bf0:FUN_106d3bf0 | 111547e0:FUN_111547e0
27140	S2C_CMD_PHY_CARD_EXCHANGE_PHY_CARD_RSP	S2C	5	106415d0:FUN_106415d0 | 106d3c90:FUN_106d3c90 | 11154860:FUN_11154860
27141	C2S_CMD_PHY_CARD_EXCHANGE_CARD_REWARD_REQ	C2S	6	1013fb60:FUN_1013fb60 | 10641640:FUN_10641640 | 106d3d30:FUN_106d3d30
27142	S2C_CMD_PHY_CARD_EXCHANGE_CARD_REWARD_RSP	S2C	5	106416b0:FUN_106416b0 | 106d3dd0:FUN_106d3dd0 | 11154960:FUN_11154960
27143	S2C_CMD_PHY_CARD_CARD_INFO_CHANGE_NTF	S2C	5	10641720:FUN_10641720 | 106d3e70:FUN_106d3e70 | 111549e0:FUN_111549e0
