#dispatcher	nCaseHandlers	handlerAddrs
1025cb50	9	1025dfb0,1025dec0,11316b50,1025def0,1025df20,1025df50,1025df80,1025dfe0,1025e010
1025f0d0	9	1025fec0,1025fdd0,11316b50,1025fe00,1025fe30,1025fe60,1025fe90,1025fef0,1025ff20
1025f590	8	102602c0,1025fdd0,10260200,10260230,10260260,10260290,102602f0,10260320
1025f7e0	8	102605e0,1025fef0,10260610,10260640,10260670,102606a0,10260700,102606d0
102611f0	8	1025ffa0,1025dec0,10260060,10260370,10261460,10260110,102605e0,10261490
102612f0	8	1025ffd0,102602f0,1025dfe0,10260090,102603a0,102614d0,10260140,10261500
10422940	540	102de6c0,102df680,102dfb70,102e0250,102a6cf0,102a7640,102a71a0,102a62b0,102a67f0,102e1830
10428320	1108	10277810,10279610,1027a490,1027a790,1027aac0,1027af10,1027cec0,1029d2f0,102a2620,102a2d50
10431bb0	1226	102778a0,102796d0,10279ef0,1027a520,1027a840,1027ab90,1027afc0,1027cf50,10402100,1029d380
10468510	9	10261030,10469560,104695d0,10469610,10469650,10469680,10469770,102612f0,10469800
10469830	8	10260320,1025e010,102600c0,102603d0,1046a3f0,10260170,10260700,10260000
10498840	14	104807d0,1049e220,1049e1a0,1049e290,1049e120,1049e300,1049e390,1049e440,1049e4f0,1049e5a0
1059e220	729	105d1c60,105d1ca0,105d1ce0,105d1d20,105d1d60,105d1da0,105d1de0,105d1e20,105d1e60,105d1ea0
105ab780	133	105de4e0,105de510,105de540,105de570,105de5a0,105de5d0,105de600,105de630,105de660,105de690
1065ede0	1209	1061c520,1061c580,1061c5e0,1061c640,1061c6a0,1061c700,1061c760,1061c7c0,10624680,1061c820
10a22c20	12	10a245d0,10a24630,10a24600,10a24660,10a24310,10a24390,10a2a3c0,10a2a800,10a24470,10a277a0
10a22d70	11	10a249e0,10a24a40,10a24a10,10a24a70,10a246e0,10a24760,10a2bb80,10a2bfe0,10a24860,10a248c0
10a286a0	11	10a28d50,10a28dc0,10a28d80,10a28df0,10a28a70,10a28af0,10a2a3c0,10a2a800,10a28c30,10a277a0
10a49010	9	10a488f0,10a48aa0,10a48dd0,10a489b0,10a48e30,10a48950,10a48890,10a9b6f0,10a48a10
10a49100	9	10a48920,10a9b670,10a48e00,10a489e0,10a48e60,10a48980,10a488c0,10a48a70,10a48a40
10a49670	9	10a48c80,10a9b650,10a48d70,10a48ce0,10a48da0,10a48cb0,10a48c50,10a48d40,10a48d10
10c444f0	8	10c44710,10c44770,10c447d0,10c44850,10c446e0,10c44740,10c447a0,10c44800
10c448a0	8	10c44ac0,10c44b20,10c44b80,10c44c00,10c44a90,10c44af0,10c44b50,10c44bb0
10c45a90	8	10c45cf0,10c45d70,10c45df0,10c45e90,10c45cb0,10c45d30,10c45db0,10c45e40
10c45ee0	8	10c46140,10c461c0,10c46240,10c462e0,10c46100,10c46180,10c46200,10c46290
10d22e30	61	105dfe60,105dfea0,105dfee0,105e00a0,10541070,105e0130,105e0170,105e01f0,105e0230,105e0270
111f2340	13	111f1510,111f21d0,11172dd0,111f2230,111f2150,111f2750,111f29e0,111f2850,111f22a0,111f2ae0
11201c30	11	11201e30,11201ee0,11201e90,11201c00,11201fe0,11201f30,1151a780,11201bb0,11201fb0,11202050
112161a0	11	11216440,11216370,112163d0,11216270,11216490,11215cc0,11215c70,11216050,11215bc0,11215f60
112fbc60	12	112fb8d0,112fbfb0,112fbbd0,112fc030,112fbf70,112fbb90,112fb890,112fbaf0,112fbf10,112fbb30
114b7ac0	10	114b6dd0,114b6bf0,114b69d0,114b6a80,114b68f0,114b73e0,114b64c0,114b6ce0,114b70a0,114b7300
115d7b60	10	113d9770,113d9850,113d9930,113d9a10,113d9af0,113d9bd0,113d9cb0,113da1f0,1025b060,