#opcode_dec	opcode_hex	name	direction	group
162	0xa2	C2S_CMD_LOCALBAT_OP_REQ	C2S	CHARACTER
163	0xa3	S2C_CMD_LOCALBAT_OP_RSP	S2C	CHARACTER
174	0xae	S2C_CMD_NOTIFY	S2C	CHARACTER
175	0xaf	S2C_CMD_ERR	S2C	CHARACTER
2080	0x820	S2C_CMD_ITEM_ROSE_FLOWER_NTF	S2C	ITEM
2081	0x821	S2C_CMD_ITEM_FIREWORKS_USE_NTF	S2C	ITEM
3585	0xe01	C2S_CMD_TASK_ACCEPTTASK	C2S	TASK
3586	0xe02	C2S_CMD_TASK_ACCEPTTASK2	C2S	TASK
3587	0xe03	C2S_CMD_TASK_GIVEUPTASK	C2S	TASK
3588	0xe04	C2S_CMD_TASK_SUBMITTASK	C2S	TASK
3589	0xe05	C2S_CMD_TASK_SUBMITTASK2	C2S	TASK
3590	0xe06	C2S_CMD_TASK_TRACETASK	C2S	TASK
3591	0xe07	C2S_CMD_TASK_SHARETASK	C2S	TASK
3593	0xe09	C2S_CMD_TASK_SYNCDAILY	C2S	TASK
3600	0xe10	C2S_CMD_TASK_REFRESHDAILY	C2S	TASK
3601	0xe11	C2S_CMD_TASK_REFRESHSCHEDULE	C2S	TASK
3602	0xe12	C2S_CMD_TASK_REFRESHXDAILY	C2S	TASK
3665	0xe51	S2C_CMD_TASK_ACCEPTTASK	S2C	TASK
3666	0xe52	S2C_CMD_TASK_GIVEUPTASK	S2C	TASK
3667	0xe53	S2C_CMD_TASK_SUBMITTASK	S2C	TASK
3668	0xe54	S2C_CMD_TASK_SHARETASK	S2C	TASK
3669	0xe55	S2C_CMD_TASK_ERR	S2C	TASK
3670	0xe56	S2C_CMD_TASK_EXEC	S2C	TASK
3671	0xe57	S2C_CMD_TASK_EXEC2	S2C	TASK
3672	0xe58	S2C_CMD_TASK_SETSTATE	S2C	TASK
3673	0xe59	S2C_CMD_TASK_SYNCDAILY	S2C	TASK
3680	0xe60	S2C_CMD_TASK_REFRESHDAILY	S2C	TASK
3681	0xe61	S2C_CMD_TASK_RESETDAILY	S2C	TASK
3682	0xe62	S2C_CMD_TASK_REFRESHSCHEDULE	S2C	TASK
3683	0xe63	S2C_CMD_TASK_RESETSCHEDULE	S2C	TASK
3684	0xe64	S2C_CMD_TASK_REFRESHXDAILY	S2C	TASK
3685	0xe65	S2C_CMD_TASK_RESETXDAILY	S2C	TASK
3686	0xe66	S2C_CMD_TASK_RESETTASK	S2C	TASK
4002	0xfa2	S2C_CMD_SHOP_ERR	S2C	NPCSHOP
4003	0xfa3	S2C_CMD_SHOP_REFRESHSHOP	S2C	NPCSHOP
4004	0xfa4	C2S_CMD_SHOP_REFRESHSHOPS	C2S	NPCSHOP
4005	0xfa5	S2C_CMD_SHOP_MANUALRESETSHOP	S2C	NPCSHOP
4006	0xfa6	C2S_CMD_SHOP_MANUALRESETSHOP	C2S	NPCSHOP
4007	0xfa7	S2C_CMD_SHOP_COMMODITYUPDATE	S2C	NPCSHOP
5668	0x1624	S2C_CMD_FRIEND_ERR	S2C	FRIEND
5669	0x1625	S2C_CMD_FRIEND_NOTIFY	S2C	FRIEND
5670	0x1626	C2S_CMD_FRIEND_ACCEPTFRIENDAPPLY	C2S	FRIEND
5671	0x1627	C2S_CMD_FRIEND_JEJECTFRIENDAPPLY	C2S	FRIEND
5672	0x1628	S2C_CMD_FRIEND_SVRSUPDATE	S2C	FRIEND
5931	0x172b	C2S_CMD_PET_RNG	C2S	PET
5932	0x172c	S2C_CMD_PET_RNG	S2C	PET
5937	0x1731	C2S_CMD_PET_UNLOCK_SKILL_SLOT	C2S	PET
5938	0x1732	S2C_CMD_PET_UNLOCK_SKILL_SLOT	S2C	PET
6665	0x1a09	C2S_CMD_HUNTER_STAR_TRACK_CARD	C2S	HUNTER_STAR
6672	0x1a10	S2C_CMD_HUNTER_STAR_TRACK_CARD	S2C	HUNTER_STAR
6673	0x1a11	S2C_CMD_HUNTER_STAR_REFRESH_STAT	S2C	HUNTER_STAR
6674	0x1a12	C2S_CMD_ACHEIVE_FETCHREWARD	C2S	HUNTER_STAR
6957	0x1b2d	S2C_CMD_MAIL_ERR	S2C	MAIL
6959	0x1b2f	S2C_CMD_MAIL_NOTIFY	S2C	MAIL
8448	0x2100	C2S_CMD_GUILD_CHECKGUILD	C2S	GUILD
8449	0x2101	C2S_CMD_GUILD_CREATEGUILD	C2S	GUILD
8450	0x2102	C2S_CMD_GUILD_DISMISSGUILD	C2S	GUILD
8451	0x2103	C2S_CMD_GUILD_GETGUILDS	C2S	GUILD
8452	0x2104	C2S_CMD_GUILD_FINDGUILDS	C2S	GUILD
8453	0x2105	C2S_CMD_GUILD_APPLYGUILD	C2S	GUILD
8454	0x2106	C2S_CMD_GUILD_GETGUILDAPPLYS	C2S	GUILD
8455	0x2107	C2S_CMD_GUILD_ACCEPTGUILDAPPLY	C2S	GUILD
8456	0x2108	C2S_CMD_GUILD_JEJECTGUILDAPPLY	C2S	GUILD
8457	0x2109	C2S_CMD_GUILD_INVITEGUILD	C2S	GUILD
8464	0x2110	C2S_CMD_GUILD_GETGUILDINVITATIONS	C2S	GUILD
8465	0x2111	C2S_CMD_GUILD_ACCEPTGUILDINVITATION	C2S	GUILD
8466	0x2112	C2S_CMD_GUILD_JEJECTGUILDINVITATION	C2S	GUILD
8467	0x2113	C2S_CMD_GUILD_QUITGUILD	C2S	GUILD
8468	0x2114	C2S_CMD_GUILD_KICKGUILDER	C2S	GUILD
8469	0x2115	C2S_CMD_GUILD_ALTERLEADER	C2S	GUILD
8470	0x2116	C2S_CMD_GUILD_GUILDERNOTESETTING	C2S	GUILD
8471	0x2117	C2S_CMD_GUILD_NOTESETTING	C2S	GUILD
8472	0x2118	C2S_CMD_GUILD_ICONSETTING	C2S	GUILD
8473	0x2119	C2S_CMD_GUILD_LEVELUP	C2S	GUILD
8480	0x2120	C2S_CMD_GUILD_TAKEWAGE	C2S	GUILD
8481	0x2121	C2S_CMD_GUILD_GETGUILDHANDLE	C2S	GUILD
8482	0x2122	C2S_CMD_GUILD_GETGUILDDETAIL	C2S	GUILD
8483	0x2123	C2S_CMD_GUILD_GETGUILDTITLES	C2S	GUILD
8484	0x2124	C2S_CMD_GUILD_GETLEADER	C2S	GUILD
8485	0x2125	C2S_CMD_GUILD_GETSELF	C2S	GUILD
8486	0x2126	C2S_CMD_GUILD_GETGUILDERDETAIL	C2S	GUILD
8487	0x2127	C2S_CMD_GUILD_GETGUILDALL	C2S	GUILD
8488	0x2128	C2S_CMD_GUILD_GETGUILDER	C2S	GUILD
8489	0x2129	C2S_CMD_GUILD_GETGUILDERSCOUNT	C2S	GUILD
8496	0x2130	C2S_CMD_GUILD_GETGUILDERS	C2S	GUILD
8497	0x2131	C2S_CMD_GUILD_TITLESETTING	C2S	GUILD
8498	0x2132	C2S_CMD_GUILD_RESETTITLE	C2S	GUILD
8499	0x2133	C2S_CMD_GUILD_RIGHTSETTING	C2S	GUILD
8500	0x2134	C2S_CMD_GUILD_RESETRIGHT	C2S	GUILD
8501	0x2135	C2S_CMD_GUILD_ASCENDTITLE	C2S	GUILD
8502	0x2136	C2S_CMD_GUILD_DESCENDTITLE	C2S	GUILD
8503	0x2137	C2S_CMD_GUILD_ENTERCAMP	C2S	GUILD
8504	0x2138	C2S_CMD_GUILD_LEAVECAMP	C2S	GUILD
8505	0x2139	C2S_CMD_GUILD_GETLEARNEDSKILLS	C2S	GUILD
8506	0x213a	C2S_CMD_GUILD_GETCANDIDATESKILLS	C2S	GUILD
8507	0x213b	C2S_CMD_GUILD_LEARNSKILL	C2S	GUILD
8508	0x213c	C2S_CMD_GUILD_SORT_ITEM_REQ	C2S	GUILD
8509	0x213d	C2S_CMD_GUILD_MODIFYCOLUMNNAME	C2S	GUILD
8510	0x213e	C2S_CMD_GUILD_OPERATE_ITEM_REQ	C2S	GUILD
8511	0x213f	C2S_CMD_GUILD_DEPOTRIGHTSETTING	C2S	GUILD
8512	0x2140	C2S_CMD_GUILD_RESETDEPOTRIGHT	C2S	GUILD
8513	0x2141	C2S_CMD_GUILD_IMPEACHLEADER	C2S	GUILD
8514	0x2142	C2S_CMD_GUILD_SELECTQUESTPRIZE	C2S	GUILD
8515	0x2143	C2S_CMD_GUILD_MODIFYNAME	C2S	GUILD
8516	0x2144	C2S_CMD_GUILD_QUERYGUILD	C2S	GUILD
8529	0x2151	S2C_CMD_GUILD_ERR	S2C	GUILD
8530	0x2152	S2C_CMD_GUILD_NOTIFY	S2C	GUILD
8531	0x2153	S2C_CMD_GUILD_GETGUILDS	S2C	GUILD
8532	0x2154	S2C_CMD_GUILD_FINDGUILDS	S2C	GUILD
8533	0x2155	S2C_CMD_GUILD_GETGUILDAPPLYS	S2C	GUILD
8534	0x2156	S2C_CMD_GUILD_GETGUILDINVITATIONS	S2C	GUILD
8535	0x2157	S2C_CMD_GUILD_GETGUILDDETAIL	S2C	GUILD
8536	0x2158	S2C_CMD_GUILD_GETGUILDTITLES	S2C	GUILD
8537	0x2159	S2C_CMD_GUILD_GETLEADER	S2C	GUILD
8544	0x2160	S2C_CMD_GUILD_GETSELF	S2C	GUILD
8545	0x2161	S2C_CMD_GUILD_GETGUILDERDETAIL	S2C	GUILD
8546	0x2162	S2C_CMD_GUILD_CLEARGUILDERDETAIL	S2C	GUILD
8547	0x2163	S2C_CMD_GUILD_GETGUILDER	S2C	GUILD
8548	0x2164	S2C_CMD_GUILD_GETGUILDERSCOUNT	S2C	GUILD
8549	0x2165	S2C_CMD_GUILD_GETGUILDERS	S2C	GUILD
8550	0x2166	S2C_CMD_GUILD_RESETTASK	S2C	GUILD
8551	0x2167	S2C_CMD_GUILD_REFRESHTASK	S2C	GUILD
8552	0x2168	S2C_CMD_GUILD_ACCEPTTASKS	S2C	GUILD
8553	0x2169	S2C_CMD_GUILD_SUBMITTASK	S2C	GUILD
8554	0x216a	S2C_CMD_GUILD_EXECTASK	S2C	GUILD
8555	0x216b	S2C_CMD_GUILD_GETTASKS	S2C	GUILD
8556	0x216c	S2C_CMD_GUILD_GETLEARNEDSKILLS	S2C	GUILD
8557	0x216d	S2C_CMD_GUILD_GETCANDIDATESKILLS	S2C	GUILD
8558	0x216e	S2C_CMD_GUILD_ADD_ITEM_NTF	S2C	GUILD
8559	0x216f	S2C_CMD_GUILD_UPDATE_ITEM_NTF	S2C	GUILD
8560	0x2170	S2C_CMD_GUILD_DEL_ITEM_NTF	S2C	GUILD
8561	0x2171	S2C_CMD_GUILD_MOVE_ITEM_NTF	S2C	GUILD
8562	0x2172	S2C_CMD_GUILD_SWAP_ITEM_NTF	S2C	GUILD
8563	0x2173	S2C_CMD_GUILD_SORT_ITEM_NTF	S2C	GUILD
8564	0x2174	S2C_CMD_GUILD_GETDEPOT	S2C	GUILD
8565	0x2175	S2C_CMD_GUILD_GETRANDCOMMODITIES	S2C	GUILD
8566	0x2176	S2C_CMD_GUILD_GETQUEST	S2C	GUILD
8567	0x2177	S2C_CMD_GUILD_QUERYGUILD	S2C	GUILD
9217	0x2401	C2S_CMD_TALK_EXEC	C2S	TALK
9218	0x2402	C2S_CMD_TALK_END	C2S	TALK
9297	0x2451	S2C_CMD_TALK_ERR	S2C	TALK
9298	0x2452	S2C_CMD_TALK_EXEC	S2C	TALK
10241	0x2801	C2S_CMD_ACTIVITY_FETCH_AWARD	C2S	ACTIVITY
10242	0x2802	C2S_CMD_ACTIVITY_WILDHUNTAPPLY	C2S	ACTIVITY
10243	0x2803	C2S_CMD_ACTIVITY_ADDSECRETQUEST	C2S	ACTIVITY
10244	0x2804	C2S_CMD_ACTIVITY_RESETWILDHUNTTASKS	C2S	ACTIVITY
10245	0x2805	C2S_CMD_ACTIVITY_MONOLOPY_DICE	C2S	ACTIVITY
10246	0x2806	C2S_CMD_ACTIVITY_MONOLOPY_FIXEDDICE	C2S	ACTIVITY
10247	0x2807	C2S_CMD_ACTIVITY_MONOLOPY_PAYFORBLOCK	C2S	ACTIVITY
10248	0x2808	C2S_CMD_ACTIVITY_WILDHUNT_FETCHTASKCOUNT	C2S	ACTIVITY
10259	0x2813	S2C_CMD_ACTIVITY_FETCH_AWARD	S2C	ACTIVITY
10260	0x2814	S2C_CMD_ACTIVITY_AWARD_NTF	S2C	ACTIVITY
10261	0x2815	S2C_CMD_ACTIVITY_ERR	S2C	ACTIVITY
10262	0x2816	S2C_CMD_ACTIVITY_AWARD_REFRESH	S2C	ACTIVITY
10263	0x2817	S2C_CMD_ACTIVITY_ADD_ONLINETIME	S2C	ACTIVITY
10264	0x2818	S2C_CMD_ACTIVITY_WILDHUNTAPPLY	S2C	ACTIVITY
10265	0x2819	C2S_CMD_ACTIVITY_GETWILDHUNT_REQ	C2S	ACTIVITY
10272	0x2820	S2C_CMD_ACTIVITY_GETWILDHUNT_RSP	S2C	ACTIVITY
10273	0x2821	S2C_CMD_ACTIVITY_FETCH_PROC_CLEAR	S2C	ACTIVITY
10274	0x2822	S2C_CMD_ACTIVITY_ADDSECRETQUEST	S2C	ACTIVITY
10275	0x2823	S2C_CMD_ACTIVITY_REMOVESECRETQUEST	S2C	ACTIVITY
10276	0x2824	S2C_CMD_ACTIVITY_GETWILDHUNTTASKS	S2C	ACTIVITY
10277	0x2825	S2C_CMD_ACTIVITY_CLEARWILDHUNT	S2C	ACTIVITY
12599	0x3137	C2S_CMD_ITEM_EQUIPRECOLOR_REQ	C2S	ITEMREBUILD
12600	0x3138	S2C_CMD_ITEM_EQUIPRECOLOR_RSP	S2C	ITEMREBUILD
12601	0x3139	C2S_CMD_ITEM_EQUIP_FAKESHOW_REQ	C2S	ITEMREBUILD
12608	0x3140	S2C_CMD_ITEM_EQUIP_FAKESHOW_RSP	S2C	ITEMREBUILD
12615	0x3147	C2S_CMD_ITEMREBUILD_ITEMLEVLEUPREQ	C2S	ITEMREBUILD
12616	0x3148	C2S_CMD_ITEMREBUILD_ITEMLEVLEUPRSP	C2S	ITEMREBUILD
12617	0x3149	C2S_CMD_ITEMREBUILD_RANDOMWEAPON_REBUILD_REQ	C2S	ITEMREBUILD
12624	0x3150	C2S_CMD_ITEMREBUILD_RANDOMWEAPON_REBUILD_REP	C2S	ITEMREBUILD
12625	0x3151	C2S_CMD_ITEMREBUILD_UNBIND_REQ	C2S	ITEMREBUILD
12626	0x3152	C2S_CMD_ITEMREBUILD_UNBIND_RSP	C2S	ITEMREBUILD
12627	0x3153	C2S_CMD_ITEMREBUILD_CHARM_REBUILD_REQ	C2S	ITEMREBUILD
12628	0x3154	C2S_CMD_ITEMREBUILD_CHARM_REBUILD_RSP	C2S	ITEMREBUILD
12629	0x3155	C2S_CMD_ITEMREBUILD_EQUIP_QUICK_UPGRADE_REQ	C2S	ITEMREBUILD
12630	0x3156	S2C_CMD_ITEMREBUILD_EQUIP_QUICK_UPGRADE_RSP	S2C	ITEMREBUILD
12808	0x3208	S2C_CMD_ITEMBOX_ERR	S2C	ITEMBOX
13064	0x3308	C2S_CMD_RANK_LIST_REQ	C2S	RANK
13065	0x3309	S2C_CMD_RANK_LIST_RSP	S2C	RANK
13072	0x3310	S2C_CMD_RANK_RAPIDHUNT_LIST_RSP	S2C	RANK
13073	0x3311	C2S_CMD_XRANK_GETRANK	C2S	RANK
13074	0x3312	C2S_CMD_XRANK_BATCHGETUSERDATA	C2S	RANK
13105	0x3331	S2C_CMD_XRANK_GETRANK	S2C	RANK
13106	0x3332	S2C_CMD_XRANK_BATCHGETUSERDATA	S2C	RANK
13107	0x3333	S2C_CMD_RANK_GETUSERDATA	S2C	RANK
13825	0x3601	C2S_CMD_CLAN_CHECKCLAN	C2S	CLAN
13826	0x3602	C2S_CMD_CLAN_CREATECLAN	C2S	CLAN
13827	0x3603	C2S_CMD_CLAN_DISMISSCLAN	C2S	CLAN
13828	0x3604	C2S_CMD_CLAN_INVITECLAN	C2S	CLAN
13829	0x3605	C2S_CMD_CLAN_QUITCLAN	C2S	CLAN
13830	0x3606	C2S_CMD_CLAN_KICKCLANER	C2S	CLAN
13831	0x3607	C2S_CMD_CLAN_ALTERLEADER	C2S	CLAN
13832	0x3608	C2S_CMD_CLAN_CLANERNOTESETTING	C2S	CLAN
13833	0x3609	C2S_CMD_CLAN_GETCLANERS	C2S	CLAN
13840	0x3610	C2S_CMD_CLAN_GETCLANDETAIL	C2S	CLAN
13841	0x3611	C2S_CMD_CLAN_ACCEPTCLANINVITATION	C2S	CLAN
13842	0x3612	C2S_CMD_CLAN_JEJECTCLANINVITATION	C2S	CLAN
13843	0x3613	C2S_CMD_CLAN_MEMBER_LIST_REQ	C2S	CLAN
13844	0x3614	C2S_CMD_CLAN_MODIFYNAME	C2S	CLAN
13857	0x3621	S2C_CMD_CLAN_ERR	S2C	CLAN
13858	0x3622	S2C_CMD_CLAN_NOTIFY	S2C	CLAN
13859	0x3623	S2C_CMD_CLAN_GETCLANDETAIL	S2C	CLAN
13860	0x3624	S2C_CMD_CLAN_GETCLANERS	S2C	CLAN
13861	0x3625	S2C_CMD_CLAN_GETLEADER	S2C	CLAN
13862	0x3626	S2C_CMD_CLAN_GETSELF	S2C	CLAN
13863	0x3627	S2C_CMD_LEAGUE_REWARD	S2C	CLAN
13864	0x3628	S2C_CMD_CLAN_MEMBER_LIST_RSP	S2C	CLAN
14337	0x3801	C2S_CMD_TOURNAMENTS_GETDETAIL	C2S	TOURNAMENTS
14338	0x3802	C2S_CMD_TOURNAMENTS_GETRANKS	C2S	TOURNAMENTS
14339	0x3803	C2S_CMD_TOURNAMENTS_SEARCHPLAYER	C2S	TOURNAMENTS
14340	0x3804	C2S_CMD_LEAGUE_LEVEL_REQ	C2S	TOURNAMENTS
14341	0x3805	C2S_CMD_LEAGUE_RANK_LIST	C2S	TOURNAMENTS
14342	0x3806	C2S_CMD_LEAGUE_SEASON_REWARD	C2S	TOURNAMENTS
14343	0x3807	C2S_CMD_LEAGUE_STEP_REWARD	C2S	TOURNAMENTS
14353	0x3811	S2C_CMD_TOURNAMENTS_GETDETAIL	S2C	TOURNAMENTS
14354	0x3812	S2C_CMD_TOURNAMENTS_GETRANKS	S2C	TOURNAMENTS
14355	0x3813	S2C_CMD_TOURNAMENTS_SEARCHPLAYER	S2C	TOURNAMENTS
14356	0x3814	S2C_CMD_TOURNAMENTS_ERR	S2C	TOURNAMENTS
14357	0x3815	S2C_CMD_LEAGUE_LEVEL_RSP	S2C	TOURNAMENTS
14358	0x3816	S2C_CMD_LEAGUE_RESULT	S2C	TOURNAMENTS
14359	0x3817	S2C_CMD_LEAGUE_RANK_RSP	S2C	TOURNAMENTS
14360	0x3818	S2C_CMD_LEAGUE_PLAYERINFO	S2C	TOURNAMENTS
14361	0x3819	S2C_CMD_LEAGUE_SEASON_REWARD	S2C	TOURNAMENTS
14368	0x3820	S2C_CMD_LEAGUE_STEP_REWARD	S2C	TOURNAMENTS
14593	0x3901	C2S_CMD_SPOOR_FETCHPRIZE	C2S	SPOOR
14609	0x3911	S2C_CMD_SPOOR_ERR	S2C	SPOOR
14610	0x3912	S2C_CMD_SPOOR_FETCHPRIZE	S2C	SPOOR
14611	0x3913	S2C_CMD_SPOOR_ADDPOINTS	S2C	SPOOR
16641	0x4101	C2S_CMD_SCULPTURE_GETSCULPTURE	C2S	SCULPTURE
16642	0x4102	C2S_CMD_SCULPTURE_GETLIBS	C2S	SCULPTURE
16657	0x4111	S2C_CMD_SCULPTURE_ERR	S2C	SCULPTURE
16658	0x4112	S2C_CMD_SCULPTURE_GETSCULPTURE	S2C	SCULPTURE
16659	0x4113	S2C_CMD_SCULPTURE_LIB_SNAPSHOT	S2C	SCULPTURE
16660	0x4114	S2C_CMD_SCULPTURE_GETLIBS	S2C	SCULPTURE
16661	0x4115	S2C_CMD_SCULPTURE_AVATAR_SNAPSHOT	S2C	SCULPTURE
16662	0x4116	S2C_CMD_SCRIPT_ADD_SCULPTURE	S2C	SCULPTURE
16663	0x4117	S2C_CMD_SCRIPT_DEL_SCULPTURE	S2C	SCULPTURE
16897	0x4201	C2S_CMD_HUBSPECREWARD_LEVEL_REQ	C2S	HUBSPEREWARD_LEVEL
16898	0x4202	C2S_CMD_HUBSPECREWARD_LEVEL_RSP	C2S	HUBSPEREWARD_LEVEL
17153	0x4301	C2S_CMD_RAPIDHUNT_FETCH_AWARD	C2S	RAPIDHUNT
17169	0x4311	S2C_CMD_RAPIDHUNT_FETCH_AWARD	S2C	RAPIDHUNT
17170	0x4312	S2C_CMD_RAPIDHUNT_ERR	S2C	RAPIDHUNT
17171	0x4313	S2C_CMD_RAPIDHUNT_AWARDS	S2C	RAPIDHUNT
17172	0x4314	S2C_CMD_RAPIDHUNT_REFRESH	S2C	RAPIDHUNT
17921	0x4601	C2S_CMD_ROOMS_GET_REQ	C2S	SPECTATE
17922	0x4602	S2C_CMD_ROOMS_GET_RSP	S2C	SPECTATE
17923	0x4603	C2S_CMD_SPECTATE_REQ	C2S	SPECTATE
17924	0x4604	S2C_CMD_SPECTATE_RSP	S2C	SPECTATE
17925	0x4605	S2C_CMD_SPECTATE_ERR	S2C	SPECTATE
18177	0x4701	S2C_CMD_LEVEL_STAT_EVENT	S2C	LEVEL_STAT
18433	0x4801	C2S_CMD_SACTIVITY_LIST_REQ	C2S	SACTIVITY
18434	0x4802	S2C_CMD_SACTIVITY_LIST_RSP	S2C	SACTIVITY
18435	0x4803	C2S_CMD_SACTIVITY_DETAIL_REQ	C2S	SACTIVITY
18436	0x4804	S2C_CMD_SACTIVITY_DETAIL_RSP	S2C	SACTIVITY
18437	0x4805	S2C_CMD_SACTIVITY_STATE_NTF	S2C	SACTIVITY
18438	0x4806	S2C_CMD_SACTIVITY_VAR_UPDATE_NTF	S2C	SACTIVITY
18439	0x4807	C2S_CMD_SACTIVITY_DATA_EXEC_REQ	C2S	SACTIVITY
18440	0x4808	S2C_CMD_SACTIVITY_DATA_EXEC_RSP	S2C	SACTIVITY
18441	0x4809	S2C_CMD_SACTIVITY_COUNTER_UPDATE_NTF	S2C	SACTIVITY
18448	0x4810	S2C_CMD_SACTIVITY_TIME_UPATE_NTF	S2C	SACTIVITY
18449	0x4811	S2C_CMD_SACTIVITY_GETGLOBALTOKENS	S2C	SACTIVITY
18450	0x4812	S2C_CMD_SACTIVITY_UPDATEBGSTAT	S2C	SACTIVITY
18689	0x4901	C2S_CMD_FLUTE_INVOKE_TUNE	C2S	WEAPON
18705	0x4911	S2C_CMD_FLUTE_ADD_NOTE	S2C	WEAPON
18706	0x4912	S2C_CMD_FLUTE_INVOKE_TUNE	S2C	WEAPON
20481	0x5001	S2C_CMD_EQUIPEFFECT_WAKING	S2C	EQUIPEFFECT
21761	0x5501	C2S_CMD_SPEAK_WORD	C2S	SPEAK
21762	0x5502	C2S_CMD_SPEAK_EXEC	C2S	SPEAK
21763	0x5503	C2S_CMD_SPEAK_SETQUICK	C2S	SPEAK
21764	0x5504	C2S_CMD_SPEAK_SETSELFDEF	C2S	SPEAK
21765	0x5505	C2S_CMD_SPEAK_SETAUTO	C2S	SPEAK
21766	0x5506	C2S_CMD_SPEAK_CONTENT	C2S	SPEAK
21841	0x5551	S2C_CMD_SPEAK_WORD	S2C	SPEAK
21842	0x5552	S2C_CMD_SPEAK_EXEC	S2C	SPEAK
21843	0x5553	S2C_CMD_SPEAK_SETQUICK	S2C	SPEAK
21844	0x5554	S2C_CMD_SPEAK_SETSELFDEF	S2C	SPEAK
21845	0x5555	S2C_CMD_SPEAK_SETAUTO	S2C	SPEAK
21846	0x5556	S2C_CMD_SPEAK_CONTENT	S2C	SPEAK
21847	0x5557	S2C_CMD_SPEAK_ERR	S2C	SPEAK
24833	0x6101	C2S_CMD_ASTROLABE_ANSWER	C2S	ASTROLABE
24834	0x6102	C2S_CMD_ASTROLABE_LIGHTEN	C2S	ASTROLABE
24835	0x6103	C2S_CMD_ASTROLABE_RNGLIGHTEN	C2S	ASTROLABE
24836	0x6104	C2S_CMD_ASTROLABE_GETSUBJECT	C2S	ASTROLABE
24837	0x6105	C2S_CMD_ASTROLABE_MANUALRESET	C2S	ASTROLABE
24838	0x6106	C2S_CMD_ASTROLABE_ACCEPTTASK	C2S	ASTROLABE
24839	0x6107	C2S_CMD_ASTROLABE_SUBMITTASK	C2S	ASTROLABE
24840	0x6108	C2S_CMD_ASTROLABE_REFRESHTASK	C2S	ASTROLABE
24841	0x6109	C2S_CMD_ASTROLABE_BUYDAYTASK	C2S	ASTROLABE
24865	0x6121	S2C_CMD_ASTROLABE_ANSWER	S2C	ASTROLABE
24866	0x6122	S2C_CMD_ASTROLABE_ERR	S2C	ASTROLABE
24867	0x6123	S2C_CMD_ASTROLABE_RESET	S2C	ASTROLABE
24868	0x6124	S2C_CMD_ASTROLABE_LIGHTEN	S2C	ASTROLABE
24869	0x6125	S2C_CMD_ASTROLABE_GETSUBJECT	S2C	ASTROLABE
24870	0x6126	S2C_CMD_ASTROLABE_OPEN	S2C	ASTROLABE
24871	0x6127	S2C_CMD_ASTROLABE_MANUALRESET	S2C	ASTROLABE
24872	0x6128	S2C_CMD_ASTROLABE_NOTIFY	S2C	ASTROLABE
24873	0x6129	S2C_CMD_RAGE_DATA_NOTIFY	S2C	ASTROLABE
24880	0x6130	S2C_CMD_ASTROLABE_REFRESHTASK	S2C	ASTROLABE
24881	0x6131	S2C_CMD_ASTROLABE_BUYDAYTASK	S2C	ASTROLABE
25089	0x6201	C2S_CMD_SOULSTONE_LEVELUP	C2S	SOULSTONE
25090	0x6202	C2S_CMD_SOULSTONE_STAGEUP	C2S	SOULSTONE
25091	0x6203	C2S_CMD_SOULSTONE_RESET	C2S	SOULSTONE
25092	0x6204	C2S_CMD_SOULSTONE_ATTRUPGRADE	C2S	SOULSTONE
25093	0x6205	C2S_CMD_SOULSTONE_UNLOCKSTAGE	C2S	SOULSTONE
25094	0x6206	C2S_CMD_SOULBEAST_UNLOCK	C2S	SOULSTONE
25095	0x6207	C2S_CMD_SOULBEAST_FEED	C2S	SOULSTONE
25096	0x6208	C2S_CMD_SOULBEAST_FOLLOW	C2S	SOULSTONE
25097	0x6209	C2S_CMD_SOULBEAST_UNFOLLOW	C2S	SOULSTONE
25104	0x6210	C2S_CMD_SOULBEAST_EVOLVE	C2S	SOULSTONE
25105	0x6211	C2S_CMD_SOULBEAST_SETIMAGE	C2S	SOULSTONE
25106	0x6212	C2S_CMD_SOULBEAST_INTERACT_REQ	C2S	SOULSTONE
25107	0x6213	C2S_CMD_SOULBEAST_RESPWAN	C2S	SOULSTONE
25109	0x6215	S2C_CMD_SOULSTONE_ATTRUPGRADE	S2C	SOULSTONE
25110	0x6216	S2C_CMD_SOULBEAST_APPEAR_NTF_LIST	S2C	SOULSTONE
25111	0x6217	S2C_CMD_SOULBEAST_ATTR_SYNC_NTF	S2C	SOULSTONE
25112	0x6218	S2C_CMD_SOULBEAST_INTERACT_NTF	S2C	SOULSTONE
25113	0x6219	C2S_CMD_SOULBEAST_EXP_SHIFT_REQ	C2S	SOULSTONE
25601	0x6401	C2S_CMD_LEGENDPEARL_INLAY_REQ	C2S	LEGENDPEARL
25602	0x6402	S2C_CMD_LEGENDPEARL_INLAY_RSP	S2C	LEGENDPEARL
25603	0x6403	C2S_CMD_LEGENDPEARL_TAKE_DOWN_REQ	C2S	LEGENDPEARL
25604	0x6404	S2C_CMD_LEGENDPEARL_TAKE_DOWN_RSP	S2C	LEGENDPEARL
25605	0x6405	C2S_CMD_LEGENDPEARL_LEVELUP_REQ	C2S	LEGENDPEARL
25606	0x6406	S2C_CMD_LEGENDPEARL_LEVELUP_RSP	S2C	LEGENDPEARL
25607	0x6407	C2S_CMD_LEGENDPEARL_CONFIRM_REPLACE_ABILITY_REQ	C2S	LEGENDPEARL
25608	0x6408	S2C_CMD_LEGENDPEARL_CONFIRM_REPLACE_ABILITY_RSP	S2C	LEGENDPEARL
25609	0x6409	C2S_CMD_LEGENDPEARL_UPGRADE_REQ	C2S	LEGENDPEARL
25616	0x6410	S2C_CMD_LEGENDPEARL_UPGRADE_RSP	S2C	LEGENDPEARL
25857	0x6501	C2S_CMD_SILVERBOX_FETCH_REQ	C2S	STORAGEBOX
25858	0x6502	S2C_CMD_SILVERBOX_FETCH_RSP	S2C	STORAGEBOX
25859	0x6503	S2C_CMD_SILVERBOX_SYNC_DATA_NOTIFY	S2C	STORAGEBOX
26113	0x6601	C2S_CMD_GUIDE_BOOK_AUTO_FIRST_OPEN_REQ	C2S	GUIDEBOOK
26114	0x6602	S2C_CMD_GUIDE_BOOK_AUTO_FIRST_OPEN_RSP	S2C	GUIDEBOOK
26115	0x6603	C2S_CMD_GUIDE_BOOK_GET_CHAPTER_REWARD_REQ	C2S	GUIDEBOOK
26116	0x6604	S2C_CMD_GUIDE_BOOK_GET_CHAPTER_REWARD_RSP	S2C	GUIDEBOOK
26117	0x6605	S2C_CMD_GUIDE_BOOK_ACTION_FINISH_NTF	S2C	GUIDEBOOK
26118	0x6606	C2S_CMD_GUIDE_BOOK_SET_WEAPON_ID_REQ	C2S	GUIDEBOOK
26119	0x6607	S2C_CMD_GUIDE_BOOK_SET_WEAPON_ID_RSP	S2C	GUIDEBOOK
26120	0x6608	C2S_CMD_GUIDE_BOOK_SET_NEW_REQ	C2S	GUIDEBOOK
26121	0x6609	S2C_CMD_GUIDE_BOOK_SET_NEW_RSP	S2C	GUIDEBOOK
26369	0x6701	C2S_CMD_DEMON_TRIAL_GET_LEVELS_REQ	C2S	DEMONTRIAL
26370	0x6702	S2C_CMD_DEMON_TRIAL_GET_LEVELS_RSP	S2C	DEMONTRIAL
26372	0x6704	C2S_CMD_DEMON_TRIAL_GET_LEVELS_PASS_TIME_REQ	C2S	DEMONTRIAL
26373	0x6705	S2C_CMD_DEMON_TRIAL_GET_LEVELS_PASS_TIME_RSP	S2C	DEMONTRIAL
26881	0x6901	C2S_CMD_SECRET_RESEARCH_LAB_HANDLE_REFRESH_REQ	C2S	SECRET_RESEARCH_LAB
26882	0x6902	S2C_CMD_SECRET_RESEARCH_LAB_HANDLE_REFRESH_RSP	S2C	SECRET_RESEARCH_LAB
26883	0x6903	C2S_CMD_SECRET_RESEARCH_LAB_RESEARCH_REQ	C2S	SECRET_RESEARCH_LAB
26884	0x6904	S2C_CMD_SECRET_RESEARCH_LAB_RESEARCH_RSP	S2C	SECRET_RESEARCH_LAB
26885	0x6905	S2C_CMD_SECRET_RESEARCH_LAB_DALIY_REFRESH_RSP	S2C	SECRET_RESEARCH_LAB
26886	0x6906	S2C_CMD_SECRET_RESEARCH_LAB_CLOCK_REFRESH_RSP	S2C	SECRET_RESEARCH_LAB
26887	0x6907	S2C_CMD_SECRET_RESEARCH_LAB_DATA_SYNCHRONIZATION_RSP	S2C	SECRET_RESEARCH_LAB
27137	0x6a01	C2S_CMD_PHY_CARD_COLLECT_CARD_REQ	C2S	PHY_CARD
27138	0x6a02	S2C_CMD_PHY_CARD_COLLECT_CARD_RSP	S2C	PHY_CARD
27139	0x6a03	C2S_CMD_PHY_CARD_EXCHANGE_PHY_CARD_REQ	C2S	PHY_CARD
27140	0x6a04	S2C_CMD_PHY_CARD_EXCHANGE_PHY_CARD_RSP	S2C	PHY_CARD
27141	0x6a05	C2S_CMD_PHY_CARD_EXCHANGE_CARD_REWARD_REQ	C2S	PHY_CARD
27142	0x6a06	S2C_CMD_PHY_CARD_EXCHANGE_CARD_REWARD_RSP	S2C	PHY_CARD
27143	0x6a07	S2C_CMD_PHY_CARD_CARD_INFO_CHANGE_NTF	S2C	PHY_CARD
