101480d0	TdrText_DumpLevelModeStat
1015f5a0	TdrText_DumpFixedTimesBlock
1028b500	TdrText_DumpInstanceTriggerInfo
1028bbb0	TdrText_DumpInstanceTriggerInfo_dup
1029ab90	TdrText_DumpInstanceDataArray
1029cd70	TdrText_DumpInstanceId_bufwrap
1029cdf0	TdrText_DumpInstanceId
1029ce20	TdrText_DumpInstanceId_bufwrap2
1029ceb0	TdrText_DumpInstanceId_bufwrap3
102a22d0	TdrText_DumpBattleGroundCreateInfo
102a2a40	TdrText_DumpInstanceAllocResponse
102a3760	TdrText_DumpLevelInstanceRef_bufwrap
102a3800	TdrText_DumpLevelInstanceRef
102a83b0	TdrText_DumpWorldServerStats
102fbb60	TdrText_DumpInstanceBrowseEntry
102fc860	TdrText_DumpInstanceListResponse
103169b0	TdrText_DumpLevelQueryFilter
1047cee0	BehaviorTree_DumpResourceStats
104fb080	Lobby_ClearNewLobbyActiveGreyImg
10509470	NewLobby_RegisterUiEventHandlers
1050adc0	NewLobby_Tick
1050b730	Lobby_SendReqChangeTownInstance
1050bac0	Lobby_EnterTownTransition
1052ce50	CEquipForgeUI_RegisterHandlers
107ccd30	Flash_ReadInstanceChannelNumber
107d8f60	InstanceResult_ShowWinLoseWindow
107db7f0	Flash_BuildInstanceLevelCatCostData
107dcf10	Flash_BuildInstancePlayerStateData
10838500	Settings_InitAudioVideoAndLobbyState
108394b0	Lobby_EnableCreateRoleView
1083fb60	Flash_BuildShopSaleItemDataArray
1084a130	CreateRoleUI_RegisterHandlers
1084b7d0	CLobbyController::SetEnterUIEnabled
1084c040	CLobbyController::OnEnter_RegisterScriptHandlers
1084c260	CLobbyController::SetLobbySceneState
1084c380	CLobbyController::SetLobbyAnimation
1084c540	CLobbyController::GetLobbySceneVar
1084c5a0	CLobbyController::GetLobbyAnimationVar
1084da50	CLobbyController::ShowExitConfirmDialog
1084daf0	CLobbyController::OnCreateRoleNameConfirm
1084dcf0	CLobbyController::OnConfirmChangeFace
1084deb0	CLobbyController::SubmitFaceChange_Cancel
1084df70	CLobbyController::EnableDeleteRoleBtn_A
1084e000	CLobbyController::SubmitFaceChange_Confirm
1084e0c0	CLobbyController::EnableDeleteRoleBtn_B
1084e150	CLobbyController::OnDeleteRoleRequest
1084e2b0	CLobbyController::OnShowBeautyUI
1084e8a0	CLobbyController::SwitchChangeFaceMode
1084e960	CLobbyController::EnableDeleteRoleBtn_C
1084e9f0	CLobbyController::SwitchChangeSexMode
1084eab0	CLobbyController::EnableDeleteRoleBtn_D
1084ecf0	CLobbyController::SetDeleteRoleBtnEnabled
1084edc0	CLobbyController::OnSetDeleteRoleBtnEnabled_Var
1084f530	CLobbyController::ConfirmDeleteRole
1084f5b0	CLobbyController::CancelDeleteRole
10850130	CLobbyController::ShowNameInputResultDialog
10850f00	CLobbyController::OnEnterHandlerReady
108510b0	CLobbyController::OnRoleListLoaded
108514c0	CLobbyController::OnExitButtonPressed
10851510	CLobbyController::ShowServerLineSelect
108515b0	CLobbyController::GetNewLobbyRoot
10851610	CLobbyController::SendCreateRolePacket
108583c0	InstanceChannelUI::ResolveChannelNumber
1085f760	BattlegroundUI::RegisterIsPlayerInBattleGround
108606f0	InstanceChannelUI::BuildPackingSpeedVO
10861c50	InstanceChannelUI::ReadChannelParamsFromVO
10866710	InstanceChannelUI::BuildRandomWeaponVO
108a15e0	SettlementUI::BuildPackItemArrayVO
108e6190	SettlementUI::BuildSettlementItemListVO
108e7140	SettlementUI::BuildDropRewardVO
10916ab0	ThousandSlayerUI::BuildSupplyPanelVO
10929ea0	PvpGroupUI::RegisterHandlers
109770f0	InstanceSelectController::RegisterScriptHandlers
10980ce0	AttackSettlementController::RegisterScriptHandlers
109ac660	WeaponTrialController::RegisterScriptHandlers
109d0130	InstanceChannelUI::ResolveFactItemLevelChannel
109dd700	CMHLevelModeInfo::GetModeConfigById
10b601c0	CInstanceEnterController::RegisterModelHandlers
10bc4ec0	CLobbyLevelSystem::BindLobbyEntity
10c75530	HitDeathReactions::SerializeInstances
10d25350	CMHLevelInfo::DispatchEnterInstanceEvent
10d26f60	CMHLevelInfo::DispatchLevelModeEnterEvent
10d64430	CMHLobbyLevel::OnEnterLevel
10d64d80	CMHLobbyLevel::OnLeaveLevel
10d658d0	CNewLobbyUI::NotifyReady
10d66b30	CNewLobbyUI::SendLoadLocalData
10d679a0	CNewLobbyUI::SetWindowVisible
10d69790	CNewLobbyUI::SetActive
10d6b8e0	CGameStartup::HideSplashShowLobby
10e35140	CFlowNode_LevelResult::GetConfiguration
10eabda0	CFlowNode_WeaponTutorial::GetConfiguration
10ead340	CWeaponTutorialConfig::LoadFromXML
10eb85d0	CFlowNode_VideoPlayer::GetConfiguration
1109d790	CSPAnalyst::SerializeSessionStats
110ae0e0	CNewLobbyUISH::RegisterCallbacks
11161990	CCliLogicPlayer::AfterEnterBattleGround
112a7670	CClientCmd::EnterInstanceOrLevel
112ee750	CCliFarmBattleGround::_InitCP
11425c30	CMonsterLevelMatch::ApplyLevelModeScaling
1142ca4b	thunk_FUN_1142c9f0
1142e3a0	CDamageDampingInfo::EvalDampingMultiplier
11497fc0	CMHLevelMode::GetEntryCountRemaining_Idx60
114d2aa0	CLevelSuperSequence::GetRemainingCount_Idx54
1156c340	CMHLevel::CheckEntryAllowed
1156c7d0	CMHLevelMode::SumEntryCounters_Idx44
11741590	CGlobalCfg_PvpGroupSettlementTime::ctor
1177ff70	CTaskLevelFinishContentDef::ctor
11781c50	CTaskLevelFinishContentDef::ctor_dup
11785e60	CTeamConfig::ReadTeamMemberCount
117b92a0	CLevelModeFilter::ParseXML
117d6590	CGlobalCfg_MinTeamMemberNum::ctor
118a33d0	CInstancePortalDef::ParseXML
118e6110	CMHLevelModeInfo::GetIdByIndex
119d7880	CLevelResult::GetSingletonTypeInfo
119e26f0	CLevelGroupDef::ParseXML
11a56660	CLevelWeightDef::ParseXML
11a732b0	CBattlePunishLevelModeFilterInfo::GetIdByIndex
11a98d10	CInstanceManager::CreateInstance
